2026-04-20 14:55:27.641 +07:00 [WRN] Entity 'Exam' has a global query filter defined and is the required end of a relationship with the entity 'ExamQuestion'. This may lead to unexpected results when the required entity is filtered out. Either configure the navigation as optional, or define matching query filters for both entities in the navigation. See https://go.microsoft.com/fwlink/?linkid=2131316 for more information.
2026-04-20 14:55:27.693 +07:00 [WRN] Entity 'Exam' has a global query filter defined and is the required end of a relationship with the entity 'QuizAttempt'. This may lead to unexpected results when the required entity is filtered out. Either configure the navigation as optional, or define matching query filters for both entities in the navigation. See https://go.microsoft.com/fwlink/?linkid=2131316 for more information.
2026-04-20 14:55:27.786 +07:00 [WRN] No store type was specified for the decimal property 'AI_BaseSalaryImpact' on entity type 'Course'. This will cause values to be silently truncated if they do not fit in the default precision and scale. Explicitly specify the SQL server column type that can accommodate all the values in 'OnModelCreating' using 'HasColumnType', specify precision and scale using 'HasPrecision', or configure a value converter using 'HasConversion'.
2026-04-20 14:55:27.789 +07:00 [WRN] No store type was specified for the decimal property 'DiscountPrice' on entity type 'Course'. This will cause values to be silently truncated if they do not fit in the default precision and scale. Explicitly specify the SQL server column type that can accommodate all the values in 'OnModelCreating' using 'HasColumnType', specify precision and scale using 'HasPrecision', or configure a value converter using 'HasConversion'.
2026-04-20 14:55:28.949 +07:00 [INF] Start installing Hangfire SQL objects...
2026-04-20 14:55:29.417 +07:00 [INF] Hangfire SQL objects installed.
2026-04-20 14:55:29.745 +07:00 [INF] Assessment Event Handler is starting...
2026-04-20 14:55:29.834 +07:00 [ERR] Hosting failed to start
System.IO.IOException: Failed to bind to address http://127.0.0.1:5181: address already in use.
 ---> Microsoft.AspNetCore.Connections.AddressInUseException: Only one usage of each socket address (protocol/network address/port) is normally permitted.
 ---> System.Net.Sockets.SocketException (10048): Only one usage of each socket address (protocol/network address/port) is normally permitted.
   at System.Net.Sockets.Socket.UpdateStatusAfterSocketErrorAndThrowException(SocketError error, Boolean disconnectOnFailure, String callerName)
   at System.Net.Sockets.Socket.DoBind(EndPoint endPointSnapshot, SocketAddress socketAddress)
   at System.Net.Sockets.Socket.Bind(EndPoint localEP)
   at Microsoft.AspNetCore.Server.Kestrel.Transport.Sockets.SocketTransportOptions.CreateDefaultBoundListenSocket(EndPoint endpoint)
   at Microsoft.AspNetCore.Server.Kestrel.Transport.Sockets.SocketConnectionListener.Bind()
   --- End of inner exception stack trace ---
   at Microsoft.AspNetCore.Server.Kestrel.Transport.Sockets.SocketConnectionListener.Bind()
   at Microsoft.AspNetCore.Server.Kestrel.Transport.Sockets.SocketTransportFactory.BindAsync(EndPoint endpoint, CancellationToken cancellationToken)
   at Microsoft.AspNetCore.Server.Kestrel.Core.Internal.Infrastructure.TransportManager.BindAsync(EndPoint endPoint, ConnectionDelegate connectionDelegate, EndpointConfig endpointConfig, CancellationToken cancellationToken)
   at Microsoft.AspNetCore.Server.Kestrel.Core.KestrelServerImpl.<>c__DisplayClass28_0`1.<<StartAsync>g__OnBind|0>d.MoveNext()
--- End of stack trace from previous location ---
   at Microsoft.AspNetCore.Server.Kestrel.Core.Internal.AddressBinder.BindEndpointAsync(ListenOptions endpoint, AddressBindContext context, CancellationToken cancellationToken)
   --- End of inner exception stack trace ---
   at Microsoft.AspNetCore.Server.Kestrel.Core.Internal.AddressBinder.BindEndpointAsync(ListenOptions endpoint, AddressBindContext context, CancellationToken cancellationToken)
   at Microsoft.AspNetCore.Server.Kestrel.Core.LocalhostListenOptions.BindAsync(AddressBindContext context, CancellationToken cancellationToken)
   at Microsoft.AspNetCore.Server.Kestrel.Core.Internal.AddressBinder.AddressesStrategy.BindAsync(AddressBindContext context, CancellationToken cancellationToken)
   at Microsoft.AspNetCore.Server.Kestrel.Core.Internal.AddressBinder.BindAsync(ListenOptions[] listenOptions, AddressBindContext context, Func`2 useHttps, CancellationToken cancellationToken)
   at Microsoft.AspNetCore.Server.Kestrel.Core.KestrelServerImpl.BindAsync(CancellationToken cancellationToken)
   at Microsoft.AspNetCore.Server.Kestrel.Core.KestrelServerImpl.StartAsync[TContext](IHttpApplication`1 application, CancellationToken cancellationToken)
   at Microsoft.AspNetCore.Hosting.GenericWebHostService.StartAsync(CancellationToken cancellationToken)
   at Microsoft.Extensions.Hosting.Internal.Host.<StartAsync>b__15_1(IHostedService service, CancellationToken token)
   at Microsoft.Extensions.Hosting.Internal.Host.ForeachService[T](IEnumerable`1 services, CancellationToken token, Boolean concurrent, Boolean abortOnFirstException, List`1 exceptions, Func`3 operation)
2026-04-20 14:55:29.869 +07:00 [ERR] BackgroundService failed
System.OperationCanceledException: The operation was canceled.
   at System.Threading.Channels.AsyncOperation`1.GetResult(Int16 token)
   at System.Threading.Channels.ChannelReader`1.ReadAllAsync(CancellationToken cancellationToken)+MoveNext()
   at System.Threading.Channels.ChannelReader`1.ReadAllAsync(CancellationToken cancellationToken)+System.Threading.Tasks.Sources.IValueTaskSource<System.Boolean>.GetResult()
   at SmartLMS.Business.Handlers.AssessmentEventHandler.ExecuteAsync(CancellationToken stoppingToken) in C:\code\asp.net\SmartLMS.Business\Handlers\AssessmentEventHandler.cs:line 41
   at SmartLMS.Business.Handlers.AssessmentEventHandler.ExecuteAsync(CancellationToken stoppingToken) in C:\code\asp.net\SmartLMS.Business\Handlers\AssessmentEventHandler.cs:line 41
   at Microsoft.Extensions.Hosting.Internal.Host.TryExecuteBackgroundServiceAsync(BackgroundService backgroundService)
2026-04-20 14:55:29.892 +07:00 [FTL] The HostOptions.BackgroundServiceExceptionBehavior is configured to StopHost. A BackgroundService has thrown an unhandled exception, and the IHost instance is stopping. To avoid this behavior, configure this to Ignore; however the BackgroundService will not be restarted.
System.OperationCanceledException: The operation was canceled.
   at System.Threading.Channels.AsyncOperation`1.GetResult(Int16 token)
   at System.Threading.Channels.ChannelReader`1.ReadAllAsync(CancellationToken cancellationToken)+MoveNext()
   at System.Threading.Channels.ChannelReader`1.ReadAllAsync(CancellationToken cancellationToken)+System.Threading.Tasks.Sources.IValueTaskSource<System.Boolean>.GetResult()
   at SmartLMS.Business.Handlers.AssessmentEventHandler.ExecuteAsync(CancellationToken stoppingToken) in C:\code\asp.net\SmartLMS.Business\Handlers\AssessmentEventHandler.cs:line 41
   at SmartLMS.Business.Handlers.AssessmentEventHandler.ExecuteAsync(CancellationToken stoppingToken) in C:\code\asp.net\SmartLMS.Business\Handlers\AssessmentEventHandler.cs:line 41
   at Microsoft.Extensions.Hosting.Internal.Host.TryExecuteBackgroundServiceAsync(BackgroundService backgroundService)
2026-04-20 14:56:43.852 +07:00 [WRN] Entity 'Exam' has a global query filter defined and is the required end of a relationship with the entity 'ExamQuestion'. This may lead to unexpected results when the required entity is filtered out. Either configure the navigation as optional, or define matching query filters for both entities in the navigation. See https://go.microsoft.com/fwlink/?linkid=2131316 for more information.
2026-04-20 14:56:43.908 +07:00 [WRN] Entity 'Exam' has a global query filter defined and is the required end of a relationship with the entity 'QuizAttempt'. This may lead to unexpected results when the required entity is filtered out. Either configure the navigation as optional, or define matching query filters for both entities in the navigation. See https://go.microsoft.com/fwlink/?linkid=2131316 for more information.
2026-04-20 14:56:44.020 +07:00 [WRN] No store type was specified for the decimal property 'AI_BaseSalaryImpact' on entity type 'Course'. This will cause values to be silently truncated if they do not fit in the default precision and scale. Explicitly specify the SQL server column type that can accommodate all the values in 'OnModelCreating' using 'HasColumnType', specify precision and scale using 'HasPrecision', or configure a value converter using 'HasConversion'.
2026-04-20 14:56:44.024 +07:00 [WRN] No store type was specified for the decimal property 'DiscountPrice' on entity type 'Course'. This will cause values to be silently truncated if they do not fit in the default precision and scale. Explicitly specify the SQL server column type that can accommodate all the values in 'OnModelCreating' using 'HasColumnType', specify precision and scale using 'HasPrecision', or configure a value converter using 'HasConversion'.
2026-04-20 14:56:45.265 +07:00 [INF] Start installing Hangfire SQL objects...
2026-04-20 14:56:45.774 +07:00 [INF] Hangfire SQL objects installed.
2026-04-20 14:56:46.274 +07:00 [INF] Assessment Event Handler is starting...
2026-04-20 14:56:46.405 +07:00 [INF] Starting Hangfire Server using job storage: 'SQL Server: localhost@SmartLMS'
2026-04-20 14:56:46.407 +07:00 [INF] Using the following options for SQL Server job storage: Queue poll interval: 00:00:00.
2026-04-20 14:56:46.409 +07:00 [INF] Using the following options for Hangfire Server:
    Worker count: 20
    Listening queues: 'default'
    Shutdown timeout: 00:00:15
    Schedule polling interval: 00:00:15
2026-04-20 14:56:46.456 +07:00 [INF] Server desktop-36u3ca2:7352:df81c5cb successfully announced in 26.7476 ms
2026-04-20 14:56:46.461 +07:00 [INF] Server desktop-36u3ca2:7352:df81c5cb is starting the registered dispatchers: ServerWatchdog, ServerJobCancellationWatcher, SqlServerHeartbeatProcess, ExpirationManager, CountersAggregator, Worker, DelayedJobScheduler, RecurringJobScheduler...
2026-04-20 14:56:46.476 +07:00 [INF] Server desktop-36u3ca2:7352:df81c5cb all the dispatchers started
2026-04-20 14:57:08.904 +07:00 [WRN] Failed to determine the https port for redirect.
2026-04-20 14:57:09.313 +07:00 [INF] HTTP GET / responded 200 in 376.7698 ms
2026-04-20 14:57:11.133 +07:00 [INF] HTTP POST /dashboardHub/negotiate responded 200 in 46.7145 ms
2026-04-20 14:57:12.533 +07:00 [ERR] An exception occurred while iterating over the results of a query for context type 'SmartLMS.Data.SmartLMSContext'.
System.Data.SqlTypes.SqlNullValueException: Data is Null. This method or property cannot be called on Null values.
   at Microsoft.Data.SqlClient.SqlBuffer.ThrowIfNull()
   at Microsoft.Data.SqlClient.SqlBuffer.get_Int32()
   at Microsoft.Data.SqlClient.SqlDataReader.GetInt32(Int32 i)
   at lambda_method238(Closure, QueryContext, DbDataReader, ResultContext, SingleQueryResultCoordinator)
   at Microsoft.EntityFrameworkCore.Query.Internal.SingleQueryingEnumerable`1.AsyncEnumerator.MoveNextAsync()
System.Data.SqlTypes.SqlNullValueException: Data is Null. This method or property cannot be called on Null values.
   at Microsoft.Data.SqlClient.SqlBuffer.ThrowIfNull()
   at Microsoft.Data.SqlClient.SqlBuffer.get_Int32()
   at Microsoft.Data.SqlClient.SqlDataReader.GetInt32(Int32 i)
   at lambda_method238(Closure, QueryContext, DbDataReader, ResultContext, SingleQueryResultCoordinator)
   at Microsoft.EntityFrameworkCore.Query.Internal.SingleQueryingEnumerable`1.AsyncEnumerator.MoveNextAsync()
2026-04-20 14:57:12.577 +07:00 [ERR] HTTP GET /Dashboard/GetStats responded 500 in 1462.8012 ms
System.Data.SqlTypes.SqlNullValueException: Data is Null. This method or property cannot be called on Null values.
   at Microsoft.Data.SqlClient.SqlBuffer.ThrowIfNull()
   at Microsoft.Data.SqlClient.SqlBuffer.get_Int32()
   at Microsoft.Data.SqlClient.SqlDataReader.GetInt32(Int32 i)
   at lambda_method238(Closure, QueryContext, DbDataReader, ResultContext, SingleQueryResultCoordinator)
   at Microsoft.EntityFrameworkCore.Query.Internal.SingleQueryingEnumerable`1.AsyncEnumerator.MoveNextAsync()
   at Microsoft.EntityFrameworkCore.EntityFrameworkQueryableExtensions.ToListAsync[TSource](IQueryable`1 source, CancellationToken cancellationToken)
   at Microsoft.EntityFrameworkCore.EntityFrameworkQueryableExtensions.ToListAsync[TSource](IQueryable`1 source, CancellationToken cancellationToken)
   at SmartLMS.Web.Controllers.DashboardController.GetStats() in C:\code\asp.net\SmartLMS.Web\Controllers\DashboardController.cs:line 100
   at Microsoft.AspNetCore.Mvc.Infrastructure.ActionMethodExecutor.TaskOfIActionResultExecutor.Execute(ActionContext actionContext, IActionResultTypeMapper mapper, ObjectMethodExecutor executor, Object controller, Object[] arguments)
   at Microsoft.AspNetCore.Mvc.Infrastructure.ControllerActionInvoker.<InvokeActionMethodAsync>g__Awaited|12_0(ControllerActionInvoker invoker, ValueTask`1 actionResultValueTask)
   at Microsoft.AspNetCore.Mvc.Infrastructure.ControllerActionInvoker.<InvokeNextActionFilterAsync>g__Awaited|10_0(ControllerActionInvoker invoker, Task lastTask, State next, Scope scope, Object state, Boolean isCompleted)
   at Microsoft.AspNetCore.Mvc.Infrastructure.ControllerActionInvoker.Rethrow(ActionExecutedContextSealed context)
   at Microsoft.AspNetCore.Mvc.Infrastructure.ControllerActionInvoker.Next(State& next, Scope& scope, Object& state, Boolean& isCompleted)
   at Microsoft.AspNetCore.Mvc.Infrastructure.ControllerActionInvoker.<InvokeInnerFilterAsync>g__Awaited|13_0(ControllerActionInvoker invoker, Task lastTask, State next, Scope scope, Object state, Boolean isCompleted)
   at Microsoft.AspNetCore.Mvc.Infrastructure.ResourceInvoker.<InvokeNextResourceFilter>g__Awaited|25_0(ResourceInvoker invoker, Task lastTask, State next, Scope scope, Object state, Boolean isCompleted)
   at Microsoft.AspNetCore.Mvc.Infrastructure.ResourceInvoker.Rethrow(ResourceExecutedContextSealed context)
   at Microsoft.AspNetCore.Mvc.Infrastructure.ResourceInvoker.Next(State& next, Scope& scope, Object& state, Boolean& isCompleted)
   at Microsoft.AspNetCore.Mvc.Infrastructure.ResourceInvoker.<InvokeFilterPipelineAsync>g__Awaited|20_0(ResourceInvoker invoker, Task lastTask, State next, Scope scope, Object state, Boolean isCompleted)
   at Microsoft.AspNetCore.Mvc.Infrastructure.ResourceInvoker.<InvokeAsync>g__Awaited|17_0(ResourceInvoker invoker, Task task, IDisposable scope)
   at Microsoft.AspNetCore.Mvc.Infrastructure.ResourceInvoker.<InvokeAsync>g__Awaited|17_0(ResourceInvoker invoker, Task task, IDisposable scope)
   at Microsoft.AspNetCore.Authorization.AuthorizationMiddleware.Invoke(HttpContext context)
   at Microsoft.AspNetCore.Authentication.AuthenticationMiddleware.Invoke(HttpContext context)
   at Prometheus.HttpMetrics.HttpRequestDurationMiddleware.Invoke(HttpContext context)
   at Prometheus.HttpMetrics.HttpRequestCountMiddleware.Invoke(HttpContext context)
   at Prometheus.HttpMetrics.HttpInProgressMiddleware.Invoke(HttpContext context)
   at Serilog.AspNetCore.RequestLoggingMiddleware.Invoke(HttpContext httpContext)
2026-04-20 14:57:12.629 +07:00 [INF] HTTP GET /Account/Login responded 200 in 696.7349 ms
2026-04-20 14:57:12.661 +07:00 [ERR] Đã xảy ra lỗi hệ thống (Unhandled Exception).
System.Data.SqlTypes.SqlNullValueException: Data is Null. This method or property cannot be called on Null values.
   at Microsoft.Data.SqlClient.SqlBuffer.ThrowIfNull()
   at Microsoft.Data.SqlClient.SqlBuffer.get_Int32()
   at Microsoft.Data.SqlClient.SqlDataReader.GetInt32(Int32 i)
   at lambda_method238(Closure, QueryContext, DbDataReader, ResultContext, SingleQueryResultCoordinator)
   at Microsoft.EntityFrameworkCore.Query.Internal.SingleQueryingEnumerable`1.AsyncEnumerator.MoveNextAsync()
   at Microsoft.EntityFrameworkCore.EntityFrameworkQueryableExtensions.ToListAsync[TSource](IQueryable`1 source, CancellationToken cancellationToken)
   at Microsoft.EntityFrameworkCore.EntityFrameworkQueryableExtensions.ToListAsync[TSource](IQueryable`1 source, CancellationToken cancellationToken)
   at SmartLMS.Web.Controllers.DashboardController.GetStats() in C:\code\asp.net\SmartLMS.Web\Controllers\DashboardController.cs:line 100
   at Microsoft.AspNetCore.Mvc.Infrastructure.ActionMethodExecutor.TaskOfIActionResultExecutor.Execute(ActionContext actionContext, IActionResultTypeMapper mapper, ObjectMethodExecutor executor, Object controller, Object[] arguments)
   at Microsoft.AspNetCore.Mvc.Infrastructure.ControllerActionInvoker.<InvokeActionMethodAsync>g__Awaited|12_0(ControllerActionInvoker invoker, ValueTask`1 actionResultValueTask)
   at Microsoft.AspNetCore.Mvc.Infrastructure.ControllerActionInvoker.<InvokeNextActionFilterAsync>g__Awaited|10_0(ControllerActionInvoker invoker, Task lastTask, State next, Scope scope, Object state, Boolean isCompleted)
   at Microsoft.AspNetCore.Mvc.Infrastructure.ControllerActionInvoker.Rethrow(ActionExecutedContextSealed context)
   at Microsoft.AspNetCore.Mvc.Infrastructure.ControllerActionInvoker.Next(State& next, Scope& scope, Object& state, Boolean& isCompleted)
   at Microsoft.AspNetCore.Mvc.Infrastructure.ControllerActionInvoker.<InvokeInnerFilterAsync>g__Awaited|13_0(ControllerActionInvoker invoker, Task lastTask, State next, Scope scope, Object state, Boolean isCompleted)
   at Microsoft.AspNetCore.Mvc.Infrastructure.ResourceInvoker.<InvokeNextResourceFilter>g__Awaited|25_0(ResourceInvoker invoker, Task lastTask, State next, Scope scope, Object state, Boolean isCompleted)
   at Microsoft.AspNetCore.Mvc.Infrastructure.ResourceInvoker.Rethrow(ResourceExecutedContextSealed context)
   at Microsoft.AspNetCore.Mvc.Infrastructure.ResourceInvoker.Next(State& next, Scope& scope, Object& state, Boolean& isCompleted)
   at Microsoft.AspNetCore.Mvc.Infrastructure.ResourceInvoker.<InvokeFilterPipelineAsync>g__Awaited|20_0(ResourceInvoker invoker, Task lastTask, State next, Scope scope, Object state, Boolean isCompleted)
   at Microsoft.AspNetCore.Mvc.Infrastructure.ResourceInvoker.<InvokeAsync>g__Awaited|17_0(ResourceInvoker invoker, Task task, IDisposable scope)
   at Microsoft.AspNetCore.Mvc.Infrastructure.ResourceInvoker.<InvokeAsync>g__Awaited|17_0(ResourceInvoker invoker, Task task, IDisposable scope)
   at Microsoft.AspNetCore.Authorization.AuthorizationMiddleware.Invoke(HttpContext context)
   at Microsoft.AspNetCore.Authentication.AuthenticationMiddleware.Invoke(HttpContext context)
   at Prometheus.HttpMetrics.HttpRequestDurationMiddleware.Invoke(HttpContext context)
   at Prometheus.HttpMetrics.HttpRequestCountMiddleware.Invoke(HttpContext context)
   at Prometheus.HttpMetrics.HttpInProgressMiddleware.Invoke(HttpContext context)
   at Serilog.AspNetCore.RequestLoggingMiddleware.Invoke(HttpContext httpContext)
   at Microsoft.AspNetCore.OutputCaching.OutputCacheMiddleware.<>c__DisplayClass11_0.<<InvokeAwaited>g__ExecuteResponseAsync|0>d.MoveNext()
--- End of stack trace from previous location ---
   at Microsoft.AspNetCore.OutputCaching.WorkDispatcher`2.ScheduleAsync(TKey key, Func`2 valueFactory)
   at Microsoft.AspNetCore.OutputCaching.OutputCacheMiddleware.InvokeAwaited(HttpContext httpContext, IReadOnlyList`1 policies)
   at Microsoft.AspNetCore.ResponseCompression.ResponseCompressionMiddleware.InvokeCore(HttpContext context)
   at Swashbuckle.AspNetCore.SwaggerUI.SwaggerUIMiddleware.Invoke(HttpContext httpContext)
   at Swashbuckle.AspNetCore.Swagger.SwaggerMiddleware.Invoke(HttpContext httpContext, ISwaggerProvider swaggerProvider)
   at SmartLMS.Web.Middlewares.ApiExceptionHandlerMiddleware.Invoke(HttpContext context) in C:\code\asp.net\SmartLMS.Web\Middlewares\ApiExceptionHandlerMiddleware.cs:line 24
2026-04-20 14:57:12.707 +07:00 [INF] HTTP GET /dashboardHub responded 101 in 1348.9440 ms
2026-04-20 14:57:12.771 +07:00 [ERR] An unhandled exception has occurred while executing the request.
System.Data.SqlTypes.SqlNullValueException: Data is Null. This method or property cannot be called on Null values.
   at SmartLMS.Web.Middlewares.ApiExceptionHandlerMiddleware.HandleExceptionAsync(HttpContext context, Exception exception) in C:\code\asp.net\SmartLMS.Web\Middlewares\ApiExceptionHandlerMiddleware.cs:line 54
   at SmartLMS.Web.Middlewares.ApiExceptionHandlerMiddleware.Invoke(HttpContext context) in C:\code\asp.net\SmartLMS.Web\Middlewares\ApiExceptionHandlerMiddleware.cs:line 29
   at Microsoft.AspNetCore.Diagnostics.DeveloperExceptionPageMiddlewareImpl.Invoke(HttpContext context)
2026-04-20 14:57:13.160 +07:00 [INF] HTTP GET /Dashboard/GetRoleDistribution responded 200 in 2043.2601 ms
2026-04-20 14:57:13.209 +07:00 [INF] HTTP GET /Dashboard/GetActivities responded 200 in 2053.7405 ms
2026-04-20 14:57:13.946 +07:00 [INF] HTTP GET /Dashboard/GetEngagementChart responded 200 in 2828.5435 ms
2026-04-20 14:57:16.674 +07:00 [ERR] Failed executing DbCommand (13ms) [Parameters=[@p0='?' (Size = 4000), @p1='?' (Size = 4000), @p2='?' (Size = 4000), @p3='?' (Size = 4000), @p4='?' (Size = 4000), @p5='?' (Size = 4000), @p6='?' (Size = 4000), @p7='?' (Size = 4000), @p8='?' (DbType = DateTime), @p9='?' (DbType = Int32)], CommandType='"Text"', CommandTimeout='30']
SET IMPLICIT_TRANSACTIONS OFF;
SET NOCOUNT ON;
INSERT INTO [AuditLogs] ([ActionName], [ActionType], [ControllerName], [EntityId], [EntityName], [NewValues], [OldValues], [Parameters], [Timestamp], [UserId])
OUTPUT INSERTED.[AuditId]
VALUES (@p0, @p1, @p2, @p3, @p4, @p5, @p6, @p7, @p8, @p9);
2026-04-20 14:57:16.695 +07:00 [ERR] An exception occurred in the database while saving changes for context type 'SmartLMS.Data.SmartLMSContext'.
Microsoft.EntityFrameworkCore.DbUpdateException: An error occurred while saving the entity changes. See the inner exception for details.
 ---> Microsoft.Data.SqlClient.SqlException (0x80131904): Invalid column name 'NewValues'.
Invalid column name 'OldValues'.
   at Microsoft.Data.SqlClient.SqlConnection.OnError(SqlException exception, Boolean breakConnection, Action`1 wrapCloseInAction)
   at Microsoft.Data.SqlClient.SqlInternalConnection.OnError(SqlException exception, Boolean breakConnection, Action`1 wrapCloseInAction)
   at Microsoft.Data.SqlClient.TdsParser.ThrowExceptionAndWarning(TdsParserStateObject stateObj, SqlCommand command, Boolean callerHasConnectionLock, Boolean asyncClose)
   at Microsoft.Data.SqlClient.TdsParser.TryRun(RunBehavior runBehavior, SqlCommand cmdHandler, SqlDataReader dataStream, BulkCopySimpleResultSet bulkCopyHandler, TdsParserStateObject stateObj, Boolean& dataReady)
   at Microsoft.Data.SqlClient.SqlDataReader.TryConsumeMetaData()
   at Microsoft.Data.SqlClient.SqlCommand.FinishExecuteReader(SqlDataReader ds, RunBehavior runBehavior, String resetOptionsString, Boolean isInternal, Boolean forDescribeParameterEncryption, Boolean shouldCacheForAlwaysEncrypted)
   at Microsoft.Data.SqlClient.SqlCommand.RunExecuteReaderTds(CommandBehavior cmdBehavior, RunBehavior runBehavior, Boolean returnStream, Boolean isAsync, Int32 timeout, Task& task, Boolean asyncWrite, Boolean inRetry, SqlDataReader ds, Boolean describeParameterEncryptionRequest)
   at Microsoft.Data.SqlClient.SqlCommand.RunExecuteReader(CommandBehavior cmdBehavior, RunBehavior runBehavior, Boolean returnStream, TaskCompletionSource`1 completion, Int32 timeout, Task& task, Boolean& usedCache, Boolean asyncWrite, Boolean inRetry, String method)
   at Microsoft.Data.SqlClient.SqlCommand.ExecuteReader(CommandBehavior behavior)
   at Microsoft.Data.SqlClient.SqlCommand.ExecuteDbDataReader(CommandBehavior behavior)
   at Microsoft.EntityFrameworkCore.Storage.RelationalCommand.ExecuteReader(RelationalCommandParameterObject parameterObject)
   at Microsoft.EntityFrameworkCore.Update.ReaderModificationCommandBatch.Execute(IRelationalConnection connection)
ClientConnectionId:725ac61f-c1fd-4653-ba2f-3f5644ecf6cb
Error Number:207,State:1,Class:16
   --- End of inner exception stack trace ---
   at Microsoft.EntityFrameworkCore.Update.ReaderModificationCommandBatch.Execute(IRelationalConnection connection)
   at Microsoft.EntityFrameworkCore.SqlServer.Update.Internal.SqlServerModificationCommandBatch.Execute(IRelationalConnection connection)
   at Microsoft.EntityFrameworkCore.Update.Internal.BatchExecutor.Execute(IEnumerable`1 commandBatches, IRelationalConnection connection)
   at Microsoft.EntityFrameworkCore.Storage.RelationalDatabase.SaveChanges(IList`1 entries)
   at Microsoft.EntityFrameworkCore.ChangeTracking.Internal.StateManager.SaveChanges(IList`1 entriesToSave)
   at Microsoft.EntityFrameworkCore.ChangeTracking.Internal.StateManager.SaveChanges(StateManager stateManager, Boolean acceptAllChangesOnSuccess)
   at Microsoft.EntityFrameworkCore.ChangeTracking.Internal.StateManager.<>c.<SaveChanges>b__112_0(DbContext _, ValueTuple`2 t)
   at Microsoft.EntityFrameworkCore.SqlServer.Storage.Internal.SqlServerExecutionStrategy.Execute[TState,TResult](TState state, Func`3 operation, Func`3 verifySucceeded)
   at Microsoft.EntityFrameworkCore.ChangeTracking.Internal.StateManager.SaveChanges(Boolean acceptAllChangesOnSuccess)
   at Microsoft.EntityFrameworkCore.DbContext.SaveChanges(Boolean acceptAllChangesOnSuccess)
Microsoft.EntityFrameworkCore.DbUpdateException: An error occurred while saving the entity changes. See the inner exception for details.
 ---> Microsoft.Data.SqlClient.SqlException (0x80131904): Invalid column name 'NewValues'.
Invalid column name 'OldValues'.
   at Microsoft.Data.SqlClient.SqlConnection.OnError(SqlException exception, Boolean breakConnection, Action`1 wrapCloseInAction)
   at Microsoft.Data.SqlClient.SqlInternalConnection.OnError(SqlException exception, Boolean breakConnection, Action`1 wrapCloseInAction)
   at Microsoft.Data.SqlClient.TdsParser.ThrowExceptionAndWarning(TdsParserStateObject stateObj, SqlCommand command, Boolean callerHasConnectionLock, Boolean asyncClose)
   at Microsoft.Data.SqlClient.TdsParser.TryRun(RunBehavior runBehavior, SqlCommand cmdHandler, SqlDataReader dataStream, BulkCopySimpleResultSet bulkCopyHandler, TdsParserStateObject stateObj, Boolean& dataReady)
   at Microsoft.Data.SqlClient.SqlDataReader.TryConsumeMetaData()
   at Microsoft.Data.SqlClient.SqlCommand.FinishExecuteReader(SqlDataReader ds, RunBehavior runBehavior, String resetOptionsString, Boolean isInternal, Boolean forDescribeParameterEncryption, Boolean shouldCacheForAlwaysEncrypted)
   at Microsoft.Data.SqlClient.SqlCommand.RunExecuteReaderTds(CommandBehavior cmdBehavior, RunBehavior runBehavior, Boolean returnStream, Boolean isAsync, Int32 timeout, Task& task, Boolean asyncWrite, Boolean inRetry, SqlDataReader ds, Boolean describeParameterEncryptionRequest)
   at Microsoft.Data.SqlClient.SqlCommand.RunExecuteReader(CommandBehavior cmdBehavior, RunBehavior runBehavior, Boolean returnStream, TaskCompletionSource`1 completion, Int32 timeout, Task& task, Boolean& usedCache, Boolean asyncWrite, Boolean inRetry, String method)
   at Microsoft.Data.SqlClient.SqlCommand.ExecuteReader(CommandBehavior behavior)
   at Microsoft.Data.SqlClient.SqlCommand.ExecuteDbDataReader(CommandBehavior behavior)
   at Microsoft.EntityFrameworkCore.Storage.RelationalCommand.ExecuteReader(RelationalCommandParameterObject parameterObject)
   at Microsoft.EntityFrameworkCore.Update.ReaderModificationCommandBatch.Execute(IRelationalConnection connection)
ClientConnectionId:725ac61f-c1fd-4653-ba2f-3f5644ecf6cb
Error Number:207,State:1,Class:16
   --- End of inner exception stack trace ---
   at Microsoft.EntityFrameworkCore.Update.ReaderModificationCommandBatch.Execute(IRelationalConnection connection)
   at Microsoft.EntityFrameworkCore.SqlServer.Update.Internal.SqlServerModificationCommandBatch.Execute(IRelationalConnection connection)
   at Microsoft.EntityFrameworkCore.Update.Internal.BatchExecutor.Execute(IEnumerable`1 commandBatches, IRelationalConnection connection)
   at Microsoft.EntityFrameworkCore.Storage.RelationalDatabase.SaveChanges(IList`1 entries)
   at Microsoft.EntityFrameworkCore.ChangeTracking.Internal.StateManager.SaveChanges(IList`1 entriesToSave)
   at Microsoft.EntityFrameworkCore.ChangeTracking.Internal.StateManager.SaveChanges(StateManager stateManager, Boolean acceptAllChangesOnSuccess)
   at Microsoft.EntityFrameworkCore.ChangeTracking.Internal.StateManager.<>c.<SaveChanges>b__112_0(DbContext _, ValueTuple`2 t)
   at Microsoft.EntityFrameworkCore.SqlServer.Storage.Internal.SqlServerExecutionStrategy.Execute[TState,TResult](TState state, Func`3 operation, Func`3 verifySucceeded)
   at Microsoft.EntityFrameworkCore.ChangeTracking.Internal.StateManager.SaveChanges(Boolean acceptAllChangesOnSuccess)
   at Microsoft.EntityFrameworkCore.DbContext.SaveChanges(Boolean acceptAllChangesOnSuccess)
2026-04-20 14:57:16.713 +07:00 [ERR] Error saving Audit Log
Microsoft.EntityFrameworkCore.DbUpdateException: An error occurred while saving the entity changes. See the inner exception for details.
 ---> Microsoft.Data.SqlClient.SqlException (0x80131904): Invalid column name 'NewValues'.
Invalid column name 'OldValues'.
   at Microsoft.Data.SqlClient.SqlConnection.OnError(SqlException exception, Boolean breakConnection, Action`1 wrapCloseInAction)
   at Microsoft.Data.SqlClient.SqlInternalConnection.OnError(SqlException exception, Boolean breakConnection, Action`1 wrapCloseInAction)
   at Microsoft.Data.SqlClient.TdsParser.ThrowExceptionAndWarning(TdsParserStateObject stateObj, SqlCommand command, Boolean callerHasConnectionLock, Boolean asyncClose)
   at Microsoft.Data.SqlClient.TdsParser.TryRun(RunBehavior runBehavior, SqlCommand cmdHandler, SqlDataReader dataStream, BulkCopySimpleResultSet bulkCopyHandler, TdsParserStateObject stateObj, Boolean& dataReady)
   at Microsoft.Data.SqlClient.SqlDataReader.TryConsumeMetaData()
   at Microsoft.Data.SqlClient.SqlCommand.FinishExecuteReader(SqlDataReader ds, RunBehavior runBehavior, String resetOptionsString, Boolean isInternal, Boolean forDescribeParameterEncryption, Boolean shouldCacheForAlwaysEncrypted)
   at Microsoft.Data.SqlClient.SqlCommand.RunExecuteReaderTds(CommandBehavior cmdBehavior, RunBehavior runBehavior, Boolean returnStream, Boolean isAsync, Int32 timeout, Task& task, Boolean asyncWrite, Boolean inRetry, SqlDataReader ds, Boolean describeParameterEncryptionRequest)
   at Microsoft.Data.SqlClient.SqlCommand.RunExecuteReader(CommandBehavior cmdBehavior, RunBehavior runBehavior, Boolean returnStream, TaskCompletionSource`1 completion, Int32 timeout, Task& task, Boolean& usedCache, Boolean asyncWrite, Boolean inRetry, String method)
   at Microsoft.Data.SqlClient.SqlCommand.ExecuteReader(CommandBehavior behavior)
   at Microsoft.Data.SqlClient.SqlCommand.ExecuteDbDataReader(CommandBehavior behavior)
   at Microsoft.EntityFrameworkCore.Storage.RelationalCommand.ExecuteReader(RelationalCommandParameterObject parameterObject)
   at Microsoft.EntityFrameworkCore.Update.ReaderModificationCommandBatch.Execute(IRelationalConnection connection)
ClientConnectionId:725ac61f-c1fd-4653-ba2f-3f5644ecf6cb
Error Number:207,State:1,Class:16
   --- End of inner exception stack trace ---
   at Microsoft.EntityFrameworkCore.Update.ReaderModificationCommandBatch.Execute(IRelationalConnection connection)
   at Microsoft.EntityFrameworkCore.SqlServer.Update.Internal.SqlServerModificationCommandBatch.Execute(IRelationalConnection connection)
   at Microsoft.EntityFrameworkCore.Update.Internal.BatchExecutor.Execute(IEnumerable`1 commandBatches, IRelationalConnection connection)
   at Microsoft.EntityFrameworkCore.Storage.RelationalDatabase.SaveChanges(IList`1 entries)
   at Microsoft.EntityFrameworkCore.ChangeTracking.Internal.StateManager.SaveChanges(IList`1 entriesToSave)
   at Microsoft.EntityFrameworkCore.ChangeTracking.Internal.StateManager.SaveChanges(StateManager stateManager, Boolean acceptAllChangesOnSuccess)
   at Microsoft.EntityFrameworkCore.ChangeTracking.Internal.StateManager.<>c.<SaveChanges>b__112_0(DbContext _, ValueTuple`2 t)
   at Microsoft.EntityFrameworkCore.SqlServer.Storage.Internal.SqlServerExecutionStrategy.Execute[TState,TResult](TState state, Func`3 operation, Func`3 verifySucceeded)
   at Microsoft.EntityFrameworkCore.ChangeTracking.Internal.StateManager.SaveChanges(Boolean acceptAllChangesOnSuccess)
   at Microsoft.EntityFrameworkCore.DbContext.SaveChanges(Boolean acceptAllChangesOnSuccess)
   at Microsoft.EntityFrameworkCore.DbContext.SaveChanges()
   at SmartLMS.Web.Filters.AuditLogFilter.OnActionExecuted(ActionExecutedContext context) in C:\code\asp.net\SmartLMS.Web\Filters\AuditLogFilter.cs:line 49
2026-04-20 14:57:16.731 +07:00 [INF] 🛡️ [IAM AUDIT TRAIL] User 'System_Or_Unknown' executed POST on /Account/Login. Context: SmartLMS.Web.Controllers.AccountController.Login (SmartLMS.Web)
2026-04-20 14:57:16.764 +07:00 [INF] HTTP POST /Account/Login responded 302 in 1473.9832 ms
2026-04-20 14:57:16.987 +07:00 [INF] HTTP POST /dashboardHub/negotiate responded 200 in 6.4878 ms
2026-04-20 14:57:17.042 +07:00 [ERR] An exception occurred while iterating over the results of a query for context type 'SmartLMS.Data.SmartLMSContext'.
System.Data.SqlTypes.SqlNullValueException: Data is Null. This method or property cannot be called on Null values.
   at Microsoft.Data.SqlClient.SqlBuffer.ThrowIfNull()
   at Microsoft.Data.SqlClient.SqlBuffer.get_Int32()
   at Microsoft.Data.SqlClient.SqlDataReader.GetInt32(Int32 i)
   at lambda_method238(Closure, QueryContext, DbDataReader, ResultContext, SingleQueryResultCoordinator)
   at Microsoft.EntityFrameworkCore.Query.Internal.SingleQueryingEnumerable`1.AsyncEnumerator.MoveNextAsync()
System.Data.SqlTypes.SqlNullValueException: Data is Null. This method or property cannot be called on Null values.
   at Microsoft.Data.SqlClient.SqlBuffer.ThrowIfNull()
   at Microsoft.Data.SqlClient.SqlBuffer.get_Int32()
   at Microsoft.Data.SqlClient.SqlDataReader.GetInt32(Int32 i)
   at lambda_method238(Closure, QueryContext, DbDataReader, ResultContext, SingleQueryResultCoordinator)
   at Microsoft.EntityFrameworkCore.Query.Internal.SingleQueryingEnumerable`1.AsyncEnumerator.MoveNextAsync()
2026-04-20 14:57:17.045 +07:00 [INF] HTTP GET /Dashboard/GetEngagementChart responded 200 in 46.9503 ms
2026-04-20 14:57:17.052 +07:00 [INF] HTTP GET /Dashboard/GetActivities responded 200 in 53.8339 ms
2026-04-20 14:57:17.067 +07:00 [ERR] HTTP GET /Dashboard/GetStats responded 500 in 70.9883 ms
System.Data.SqlTypes.SqlNullValueException: Data is Null. This method or property cannot be called on Null values.
   at Microsoft.Data.SqlClient.SqlBuffer.ThrowIfNull()
   at Microsoft.Data.SqlClient.SqlBuffer.get_Int32()
   at Microsoft.Data.SqlClient.SqlDataReader.GetInt32(Int32 i)
   at lambda_method238(Closure, QueryContext, DbDataReader, ResultContext, SingleQueryResultCoordinator)
   at Microsoft.EntityFrameworkCore.Query.Internal.SingleQueryingEnumerable`1.AsyncEnumerator.MoveNextAsync()
   at Microsoft.EntityFrameworkCore.EntityFrameworkQueryableExtensions.ToListAsync[TSource](IQueryable`1 source, CancellationToken cancellationToken)
   at Microsoft.EntityFrameworkCore.EntityFrameworkQueryableExtensions.ToListAsync[TSource](IQueryable`1 source, CancellationToken cancellationToken)
   at SmartLMS.Web.Controllers.DashboardController.GetStats() in C:\code\asp.net\SmartLMS.Web\Controllers\DashboardController.cs:line 100
   at Microsoft.AspNetCore.Mvc.Infrastructure.ActionMethodExecutor.TaskOfIActionResultExecutor.Execute(ActionContext actionContext, IActionResultTypeMapper mapper, ObjectMethodExecutor executor, Object controller, Object[] arguments)
   at Microsoft.AspNetCore.Mvc.Infrastructure.ControllerActionInvoker.<InvokeActionMethodAsync>g__Awaited|12_0(ControllerActionInvoker invoker, ValueTask`1 actionResultValueTask)
   at Microsoft.AspNetCore.Mvc.Infrastructure.ControllerActionInvoker.<InvokeNextActionFilterAsync>g__Awaited|10_0(ControllerActionInvoker invoker, Task lastTask, State next, Scope scope, Object state, Boolean isCompleted)
   at Microsoft.AspNetCore.Mvc.Infrastructure.ControllerActionInvoker.Rethrow(ActionExecutedContextSealed context)
   at Microsoft.AspNetCore.Mvc.Infrastructure.ControllerActionInvoker.Next(State& next, Scope& scope, Object& state, Boolean& isCompleted)
   at Microsoft.AspNetCore.Mvc.Infrastructure.ControllerActionInvoker.<InvokeInnerFilterAsync>g__Awaited|13_0(ControllerActionInvoker invoker, Task lastTask, State next, Scope scope, Object state, Boolean isCompleted)
   at Microsoft.AspNetCore.Mvc.Infrastructure.ResourceInvoker.<InvokeNextResourceFilter>g__Awaited|25_0(ResourceInvoker invoker, Task lastTask, State next, Scope scope, Object state, Boolean isCompleted)
   at Microsoft.AspNetCore.Mvc.Infrastructure.ResourceInvoker.Rethrow(ResourceExecutedContextSealed context)
   at Microsoft.AspNetCore.Mvc.Infrastructure.ResourceInvoker.Next(State& next, Scope& scope, Object& state, Boolean& isCompleted)
   at Microsoft.AspNetCore.Mvc.Infrastructure.ResourceInvoker.<InvokeFilterPipelineAsync>g__Awaited|20_0(ResourceInvoker invoker, Task lastTask, State next, Scope scope, Object state, Boolean isCompleted)
   at Microsoft.AspNetCore.Mvc.Infrastructure.ResourceInvoker.<InvokeAsync>g__Awaited|17_0(ResourceInvoker invoker, Task task, IDisposable scope)
   at Microsoft.AspNetCore.Mvc.Infrastructure.ResourceInvoker.<InvokeAsync>g__Awaited|17_0(ResourceInvoker invoker, Task task, IDisposable scope)
   at Microsoft.AspNetCore.Authorization.AuthorizationMiddleware.Invoke(HttpContext context)
   at Microsoft.AspNetCore.Authentication.AuthenticationMiddleware.Invoke(HttpContext context)
   at Prometheus.HttpMetrics.HttpRequestDurationMiddleware.Invoke(HttpContext context)
   at Prometheus.HttpMetrics.HttpRequestCountMiddleware.Invoke(HttpContext context)
   at Prometheus.HttpMetrics.HttpInProgressMiddleware.Invoke(HttpContext context)
   at Serilog.AspNetCore.RequestLoggingMiddleware.Invoke(HttpContext httpContext)
2026-04-20 14:57:17.096 +07:00 [ERR] Đã xảy ra lỗi hệ thống (Unhandled Exception).
System.Data.SqlTypes.SqlNullValueException: Data is Null. This method or property cannot be called on Null values.
   at Microsoft.Data.SqlClient.SqlBuffer.ThrowIfNull()
   at Microsoft.Data.SqlClient.SqlBuffer.get_Int32()
   at Microsoft.Data.SqlClient.SqlDataReader.GetInt32(Int32 i)
   at lambda_method238(Closure, QueryContext, DbDataReader, ResultContext, SingleQueryResultCoordinator)
   at Microsoft.EntityFrameworkCore.Query.Internal.SingleQueryingEnumerable`1.AsyncEnumerator.MoveNextAsync()
   at Microsoft.EntityFrameworkCore.EntityFrameworkQueryableExtensions.ToListAsync[TSource](IQueryable`1 source, CancellationToken cancellationToken)
   at Microsoft.EntityFrameworkCore.EntityFrameworkQueryableExtensions.ToListAsync[TSource](IQueryable`1 source, CancellationToken cancellationToken)
   at SmartLMS.Web.Controllers.DashboardController.GetStats() in C:\code\asp.net\SmartLMS.Web\Controllers\DashboardController.cs:line 100
   at Microsoft.AspNetCore.Mvc.Infrastructure.ActionMethodExecutor.TaskOfIActionResultExecutor.Execute(ActionContext actionContext, IActionResultTypeMapper mapper, ObjectMethodExecutor executor, Object controller, Object[] arguments)
   at Microsoft.AspNetCore.Mvc.Infrastructure.ControllerActionInvoker.<InvokeActionMethodAsync>g__Awaited|12_0(ControllerActionInvoker invoker, ValueTask`1 actionResultValueTask)
   at Microsoft.AspNetCore.Mvc.Infrastructure.ControllerActionInvoker.<InvokeNextActionFilterAsync>g__Awaited|10_0(ControllerActionInvoker invoker, Task lastTask, State next, Scope scope, Object state, Boolean isCompleted)
   at Microsoft.AspNetCore.Mvc.Infrastructure.ControllerActionInvoker.Rethrow(ActionExecutedContextSealed context)
   at Microsoft.AspNetCore.Mvc.Infrastructure.ControllerActionInvoker.Next(State& next, Scope& scope, Object& state, Boolean& isCompleted)
   at Microsoft.AspNetCore.Mvc.Infrastructure.ControllerActionInvoker.<InvokeInnerFilterAsync>g__Awaited|13_0(ControllerActionInvoker invoker, Task lastTask, State next, Scope scope, Object state, Boolean isCompleted)
   at Microsoft.AspNetCore.Mvc.Infrastructure.ResourceInvoker.<InvokeNextResourceFilter>g__Awaited|25_0(ResourceInvoker invoker, Task lastTask, State next, Scope scope, Object state, Boolean isCompleted)
   at Microsoft.AspNetCore.Mvc.Infrastructure.ResourceInvoker.Rethrow(ResourceExecutedContextSealed context)
   at Microsoft.AspNetCore.Mvc.Infrastructure.ResourceInvoker.Next(State& next, Scope& scope, Object& state, Boolean& isCompleted)
   at Microsoft.AspNetCore.Mvc.Infrastructure.ResourceInvoker.<InvokeFilterPipelineAsync>g__Awaited|20_0(ResourceInvoker invoker, Task lastTask, State next, Scope scope, Object state, Boolean isCompleted)
   at Microsoft.AspNetCore.Mvc.Infrastructure.ResourceInvoker.<InvokeAsync>g__Awaited|17_0(ResourceInvoker invoker, Task task, IDisposable scope)
   at Microsoft.AspNetCore.Mvc.Infrastructure.ResourceInvoker.<InvokeAsync>g__Awaited|17_0(ResourceInvoker invoker, Task task, IDisposable scope)
   at Microsoft.AspNetCore.Authorization.AuthorizationMiddleware.Invoke(HttpContext context)
   at Microsoft.AspNetCore.Authentication.AuthenticationMiddleware.Invoke(HttpContext context)
   at Prometheus.HttpMetrics.HttpRequestDurationMiddleware.Invoke(HttpContext context)
   at Prometheus.HttpMetrics.HttpRequestCountMiddleware.Invoke(HttpContext context)
   at Prometheus.HttpMetrics.HttpInProgressMiddleware.Invoke(HttpContext context)
   at Serilog.AspNetCore.RequestLoggingMiddleware.Invoke(HttpContext httpContext)
   at Microsoft.AspNetCore.OutputCaching.OutputCacheMiddleware.<>c__DisplayClass11_0.<<InvokeAwaited>g__ExecuteResponseAsync|0>d.MoveNext()
--- End of stack trace from previous location ---
   at Microsoft.AspNetCore.OutputCaching.WorkDispatcher`2.ScheduleAsync(TKey key, Func`2 valueFactory)
   at Microsoft.AspNetCore.OutputCaching.OutputCacheMiddleware.InvokeAwaited(HttpContext httpContext, IReadOnlyList`1 policies)
   at Microsoft.AspNetCore.ResponseCompression.ResponseCompressionMiddleware.InvokeCore(HttpContext context)
   at Swashbuckle.AspNetCore.SwaggerUI.SwaggerUIMiddleware.Invoke(HttpContext httpContext)
   at Swashbuckle.AspNetCore.Swagger.SwaggerMiddleware.Invoke(HttpContext httpContext, ISwaggerProvider swaggerProvider)
   at SmartLMS.Web.Middlewares.ApiExceptionHandlerMiddleware.Invoke(HttpContext context) in C:\code\asp.net\SmartLMS.Web\Middlewares\ApiExceptionHandlerMiddleware.cs:line 24
2026-04-20 14:57:17.121 +07:00 [ERR] An unhandled exception has occurred while executing the request.
System.Data.SqlTypes.SqlNullValueException: Data is Null. This method or property cannot be called on Null values.
   at SmartLMS.Web.Middlewares.ApiExceptionHandlerMiddleware.HandleExceptionAsync(HttpContext context, Exception exception) in C:\code\asp.net\SmartLMS.Web\Middlewares\ApiExceptionHandlerMiddleware.cs:line 54
   at SmartLMS.Web.Middlewares.ApiExceptionHandlerMiddleware.Invoke(HttpContext context) in C:\code\asp.net\SmartLMS.Web\Middlewares\ApiExceptionHandlerMiddleware.cs:line 29
   at Microsoft.AspNetCore.Diagnostics.DeveloperExceptionPageMiddlewareImpl.Invoke(HttpContext context)
2026-04-20 14:57:17.393 +07:00 [INF] HTTP GET /Dashboard/GetRoleDistribution responded 200 in 394.8571 ms
2026-04-20 14:57:21.372 +07:00 [INF] HTTP GET /Account/Login responded 302 in 26.8928 ms
2026-04-20 14:57:21.438 +07:00 [INF] HTTP GET /dashboardHub responded 101 in 4422.1318 ms
2026-04-20 14:57:21.791 +07:00 [INF] HTTP POST /dashboardHub/negotiate responded 200 in 2.5222 ms
2026-04-20 14:57:21.812 +07:00 [ERR] An exception occurred while iterating over the results of a query for context type 'SmartLMS.Data.SmartLMSContext'.
System.Data.SqlTypes.SqlNullValueException: Data is Null. This method or property cannot be called on Null values.
   at Microsoft.Data.SqlClient.SqlBuffer.get_Int32()
   at Microsoft.Data.SqlClient.SqlDataReader.GetInt32(Int32 i)
   at lambda_method238(Closure, QueryContext, DbDataReader, ResultContext, SingleQueryResultCoordinator)
   at Microsoft.EntityFrameworkCore.Query.Internal.SingleQueryingEnumerable`1.AsyncEnumerator.MoveNextAsync()
System.Data.SqlTypes.SqlNullValueException: Data is Null. This method or property cannot be called on Null values.
   at Microsoft.Data.SqlClient.SqlBuffer.get_Int32()
   at Microsoft.Data.SqlClient.SqlDataReader.GetInt32(Int32 i)
   at lambda_method238(Closure, QueryContext, DbDataReader, ResultContext, SingleQueryResultCoordinator)
   at Microsoft.EntityFrameworkCore.Query.Internal.SingleQueryingEnumerable`1.AsyncEnumerator.MoveNextAsync()
2026-04-20 14:57:21.824 +07:00 [ERR] HTTP GET /Dashboard/GetStats responded 500 in 35.8028 ms
System.Data.SqlTypes.SqlNullValueException: Data is Null. This method or property cannot be called on Null values.
   at Microsoft.Data.SqlClient.SqlBuffer.get_Int32()
   at Microsoft.Data.SqlClient.SqlDataReader.GetInt32(Int32 i)
   at lambda_method238(Closure, QueryContext, DbDataReader, ResultContext, SingleQueryResultCoordinator)
   at Microsoft.EntityFrameworkCore.Query.Internal.SingleQueryingEnumerable`1.AsyncEnumerator.MoveNextAsync()
   at Microsoft.EntityFrameworkCore.EntityFrameworkQueryableExtensions.ToListAsync[TSource](IQueryable`1 source, CancellationToken cancellationToken)
   at Microsoft.EntityFrameworkCore.EntityFrameworkQueryableExtensions.ToListAsync[TSource](IQueryable`1 source, CancellationToken cancellationToken)
   at SmartLMS.Web.Controllers.DashboardController.GetStats() in C:\code\asp.net\SmartLMS.Web\Controllers\DashboardController.cs:line 100
   at Microsoft.AspNetCore.Mvc.Infrastructure.ActionMethodExecutor.TaskOfIActionResultExecutor.Execute(ActionContext actionContext, IActionResultTypeMapper mapper, ObjectMethodExecutor executor, Object controller, Object[] arguments)
   at Microsoft.AspNetCore.Mvc.Infrastructure.ControllerActionInvoker.<InvokeActionMethodAsync>g__Awaited|12_0(ControllerActionInvoker invoker, ValueTask`1 actionResultValueTask)
   at Microsoft.AspNetCore.Mvc.Infrastructure.ControllerActionInvoker.<InvokeNextActionFilterAsync>g__Awaited|10_0(ControllerActionInvoker invoker, Task lastTask, State next, Scope scope, Object state, Boolean isCompleted)
   at Microsoft.AspNetCore.Mvc.Infrastructure.ControllerActionInvoker.Rethrow(ActionExecutedContextSealed context)
   at Microsoft.AspNetCore.Mvc.Infrastructure.ControllerActionInvoker.Next(State& next, Scope& scope, Object& state, Boolean& isCompleted)
   at Microsoft.AspNetCore.Mvc.Infrastructure.ControllerActionInvoker.<InvokeInnerFilterAsync>g__Awaited|13_0(ControllerActionInvoker invoker, Task lastTask, State next, Scope scope, Object state, Boolean isCompleted)
   at Microsoft.AspNetCore.Mvc.Infrastructure.ResourceInvoker.<InvokeNextResourceFilter>g__Awaited|25_0(ResourceInvoker invoker, Task lastTask, State next, Scope scope, Object state, Boolean isCompleted)
   at Microsoft.AspNetCore.Mvc.Infrastructure.ResourceInvoker.Rethrow(ResourceExecutedContextSealed context)
   at Microsoft.AspNetCore.Mvc.Infrastructure.ResourceInvoker.Next(State& next, Scope& scope, Object& state, Boolean& isCompleted)
   at Microsoft.AspNetCore.Mvc.Infrastructure.ResourceInvoker.<InvokeFilterPipelineAsync>g__Awaited|20_0(ResourceInvoker invoker, Task lastTask, State next, Scope scope, Object state, Boolean isCompleted)
   at Microsoft.AspNetCore.Mvc.Infrastructure.ResourceInvoker.<InvokeAsync>g__Awaited|17_0(ResourceInvoker invoker, Task task, IDisposable scope)
   at Microsoft.AspNetCore.Mvc.Infrastructure.ResourceInvoker.<InvokeAsync>g__Awaited|17_0(ResourceInvoker invoker, Task task, IDisposable scope)
   at Microsoft.AspNetCore.Authorization.AuthorizationMiddleware.Invoke(HttpContext context)
   at Microsoft.AspNetCore.Authentication.AuthenticationMiddleware.Invoke(HttpContext context)
   at Prometheus.HttpMetrics.HttpRequestDurationMiddleware.Invoke(HttpContext context)
   at Prometheus.HttpMetrics.HttpRequestCountMiddleware.Invoke(HttpContext context)
   at Prometheus.HttpMetrics.HttpInProgressMiddleware.Invoke(HttpContext context)
   at Serilog.AspNetCore.RequestLoggingMiddleware.Invoke(HttpContext httpContext)
2026-04-20 14:57:21.846 +07:00 [ERR] Đã xảy ra lỗi hệ thống (Unhandled Exception).
System.Data.SqlTypes.SqlNullValueException: Data is Null. This method or property cannot be called on Null values.
   at Microsoft.Data.SqlClient.SqlBuffer.get_Int32()
   at Microsoft.Data.SqlClient.SqlDataReader.GetInt32(Int32 i)
   at lambda_method238(Closure, QueryContext, DbDataReader, ResultContext, SingleQueryResultCoordinator)
   at Microsoft.EntityFrameworkCore.Query.Internal.SingleQueryingEnumerable`1.AsyncEnumerator.MoveNextAsync()
   at Microsoft.EntityFrameworkCore.EntityFrameworkQueryableExtensions.ToListAsync[TSource](IQueryable`1 source, CancellationToken cancellationToken)
   at Microsoft.EntityFrameworkCore.EntityFrameworkQueryableExtensions.ToListAsync[TSource](IQueryable`1 source, CancellationToken cancellationToken)
   at SmartLMS.Web.Controllers.DashboardController.GetStats() in C:\code\asp.net\SmartLMS.Web\Controllers\DashboardController.cs:line 100
   at Microsoft.AspNetCore.Mvc.Infrastructure.ActionMethodExecutor.TaskOfIActionResultExecutor.Execute(ActionContext actionContext, IActionResultTypeMapper mapper, ObjectMethodExecutor executor, Object controller, Object[] arguments)
   at Microsoft.AspNetCore.Mvc.Infrastructure.ControllerActionInvoker.<InvokeActionMethodAsync>g__Awaited|12_0(ControllerActionInvoker invoker, ValueTask`1 actionResultValueTask)
   at Microsoft.AspNetCore.Mvc.Infrastructure.ControllerActionInvoker.<InvokeNextActionFilterAsync>g__Awaited|10_0(ControllerActionInvoker invoker, Task lastTask, State next, Scope scope, Object state, Boolean isCompleted)
   at Microsoft.AspNetCore.Mvc.Infrastructure.ControllerActionInvoker.Rethrow(ActionExecutedContextSealed context)
   at Microsoft.AspNetCore.Mvc.Infrastructure.ControllerActionInvoker.Next(State& next, Scope& scope, Object& state, Boolean& isCompleted)
   at Microsoft.AspNetCore.Mvc.Infrastructure.ControllerActionInvoker.<InvokeInnerFilterAsync>g__Awaited|13_0(ControllerActionInvoker invoker, Task lastTask, State next, Scope scope, Object state, Boolean isCompleted)
   at Microsoft.AspNetCore.Mvc.Infrastructure.ResourceInvoker.<InvokeNextResourceFilter>g__Awaited|25_0(ResourceInvoker invoker, Task lastTask, State next, Scope scope, Object state, Boolean isCompleted)
   at Microsoft.AspNetCore.Mvc.Infrastructure.ResourceInvoker.Rethrow(ResourceExecutedContextSealed context)
   at Microsoft.AspNetCore.Mvc.Infrastructure.ResourceInvoker.Next(State& next, Scope& scope, Object& state, Boolean& isCompleted)
   at Microsoft.AspNetCore.Mvc.Infrastructure.ResourceInvoker.<InvokeFilterPipelineAsync>g__Awaited|20_0(ResourceInvoker invoker, Task lastTask, State next, Scope scope, Object state, Boolean isCompleted)
   at Microsoft.AspNetCore.Mvc.Infrastructure.ResourceInvoker.<InvokeAsync>g__Awaited|17_0(ResourceInvoker invoker, Task task, IDisposable scope)
   at Microsoft.AspNetCore.Mvc.Infrastructure.ResourceInvoker.<InvokeAsync>g__Awaited|17_0(ResourceInvoker invoker, Task task, IDisposable scope)
   at Microsoft.AspNetCore.Authorization.AuthorizationMiddleware.Invoke(HttpContext context)
   at Microsoft.AspNetCore.Authentication.AuthenticationMiddleware.Invoke(HttpContext context)
   at Prometheus.HttpMetrics.HttpRequestDurationMiddleware.Invoke(HttpContext context)
   at Prometheus.HttpMetrics.HttpRequestCountMiddleware.Invoke(HttpContext context)
   at Prometheus.HttpMetrics.HttpInProgressMiddleware.Invoke(HttpContext context)
   at Serilog.AspNetCore.RequestLoggingMiddleware.Invoke(HttpContext httpContext)
   at Microsoft.AspNetCore.OutputCaching.OutputCacheMiddleware.<>c__DisplayClass11_0.<<InvokeAwaited>g__ExecuteResponseAsync|0>d.MoveNext()
--- End of stack trace from previous location ---
   at Microsoft.AspNetCore.OutputCaching.WorkDispatcher`2.ScheduleAsync(TKey key, Func`2 valueFactory)
   at Microsoft.AspNetCore.OutputCaching.OutputCacheMiddleware.InvokeAwaited(HttpContext httpContext, IReadOnlyList`1 policies)
   at Microsoft.AspNetCore.ResponseCompression.ResponseCompressionMiddleware.InvokeCore(HttpContext context)
   at Swashbuckle.AspNetCore.SwaggerUI.SwaggerUIMiddleware.Invoke(HttpContext httpContext)
   at Swashbuckle.AspNetCore.Swagger.SwaggerMiddleware.Invoke(HttpContext httpContext, ISwaggerProvider swaggerProvider)
   at SmartLMS.Web.Middlewares.ApiExceptionHandlerMiddleware.Invoke(HttpContext context) in C:\code\asp.net\SmartLMS.Web\Middlewares\ApiExceptionHandlerMiddleware.cs:line 24
2026-04-20 14:57:21.867 +07:00 [ERR] An unhandled exception has occurred while executing the request.
System.Data.SqlTypes.SqlNullValueException: Data is Null. This method or property cannot be called on Null values.
   at SmartLMS.Web.Middlewares.ApiExceptionHandlerMiddleware.HandleExceptionAsync(HttpContext context, Exception exception) in C:\code\asp.net\SmartLMS.Web\Middlewares\ApiExceptionHandlerMiddleware.cs:line 54
   at SmartLMS.Web.Middlewares.ApiExceptionHandlerMiddleware.Invoke(HttpContext context) in C:\code\asp.net\SmartLMS.Web\Middlewares\ApiExceptionHandlerMiddleware.cs:line 29
   at Microsoft.AspNetCore.Diagnostics.DeveloperExceptionPageMiddlewareImpl.Invoke(HttpContext context)
2026-04-20 14:57:22.821 +07:00 [INF] HTTP GET /Account/Login responded 302 in 16.1134 ms
2026-04-20 14:57:22.860 +07:00 [INF] HTTP GET /dashboardHub responded 101 in 933.6990 ms
2026-04-20 14:57:23.073 +07:00 [INF] HTTP POST /dashboardHub/negotiate responded 200 in 1.4492 ms
2026-04-20 14:57:23.117 +07:00 [ERR] An exception occurred while iterating over the results of a query for context type 'SmartLMS.Data.SmartLMSContext'.
System.Data.SqlTypes.SqlNullValueException: Data is Null. This method or property cannot be called on Null values.
   at Microsoft.Data.SqlClient.SqlBuffer.get_Int32()
   at Microsoft.Data.SqlClient.SqlDataReader.GetInt32(Int32 i)
   at lambda_method238(Closure, QueryContext, DbDataReader, ResultContext, SingleQueryResultCoordinator)
   at Microsoft.EntityFrameworkCore.Query.Internal.SingleQueryingEnumerable`1.AsyncEnumerator.MoveNextAsync()
System.Data.SqlTypes.SqlNullValueException: Data is Null. This method or property cannot be called on Null values.
   at Microsoft.Data.SqlClient.SqlBuffer.get_Int32()
   at Microsoft.Data.SqlClient.SqlDataReader.GetInt32(Int32 i)
   at lambda_method238(Closure, QueryContext, DbDataReader, ResultContext, SingleQueryResultCoordinator)
   at Microsoft.EntityFrameworkCore.Query.Internal.SingleQueryingEnumerable`1.AsyncEnumerator.MoveNextAsync()
2026-04-20 14:57:23.130 +07:00 [ERR] HTTP GET /Dashboard/GetStats responded 500 in 37.8128 ms
System.Data.SqlTypes.SqlNullValueException: Data is Null. This method or property cannot be called on Null values.
   at Microsoft.Data.SqlClient.SqlBuffer.get_Int32()
   at Microsoft.Data.SqlClient.SqlDataReader.GetInt32(Int32 i)
   at lambda_method238(Closure, QueryContext, DbDataReader, ResultContext, SingleQueryResultCoordinator)
   at Microsoft.EntityFrameworkCore.Query.Internal.SingleQueryingEnumerable`1.AsyncEnumerator.MoveNextAsync()
   at Microsoft.EntityFrameworkCore.EntityFrameworkQueryableExtensions.ToListAsync[TSource](IQueryable`1 source, CancellationToken cancellationToken)
   at Microsoft.EntityFrameworkCore.EntityFrameworkQueryableExtensions.ToListAsync[TSource](IQueryable`1 source, CancellationToken cancellationToken)
   at SmartLMS.Web.Controllers.DashboardController.GetStats() in C:\code\asp.net\SmartLMS.Web\Controllers\DashboardController.cs:line 100
   at Microsoft.AspNetCore.Mvc.Infrastructure.ActionMethodExecutor.TaskOfIActionResultExecutor.Execute(ActionContext actionContext, IActionResultTypeMapper mapper, ObjectMethodExecutor executor, Object controller, Object[] arguments)
   at Microsoft.AspNetCore.Mvc.Infrastructure.ControllerActionInvoker.<InvokeActionMethodAsync>g__Awaited|12_0(ControllerActionInvoker invoker, ValueTask`1 actionResultValueTask)
   at Microsoft.AspNetCore.Mvc.Infrastructure.ControllerActionInvoker.<InvokeNextActionFilterAsync>g__Awaited|10_0(ControllerActionInvoker invoker, Task lastTask, State next, Scope scope, Object state, Boolean isCompleted)
   at Microsoft.AspNetCore.Mvc.Infrastructure.ControllerActionInvoker.Rethrow(ActionExecutedContextSealed context)
   at Microsoft.AspNetCore.Mvc.Infrastructure.ControllerActionInvoker.Next(State& next, Scope& scope, Object& state, Boolean& isCompleted)
   at Microsoft.AspNetCore.Mvc.Infrastructure.ControllerActionInvoker.<InvokeInnerFilterAsync>g__Awaited|13_0(ControllerActionInvoker invoker, Task lastTask, State next, Scope scope, Object state, Boolean isCompleted)
   at Microsoft.AspNetCore.Mvc.Infrastructure.ResourceInvoker.<InvokeNextResourceFilter>g__Awaited|25_0(ResourceInvoker invoker, Task lastTask, State next, Scope scope, Object state, Boolean isCompleted)
   at Microsoft.AspNetCore.Mvc.Infrastructure.ResourceInvoker.Rethrow(ResourceExecutedContextSealed context)
   at Microsoft.AspNetCore.Mvc.Infrastructure.ResourceInvoker.Next(State& next, Scope& scope, Object& state, Boolean& isCompleted)
   at Microsoft.AspNetCore.Mvc.Infrastructure.ResourceInvoker.<InvokeFilterPipelineAsync>g__Awaited|20_0(ResourceInvoker invoker, Task lastTask, State next, Scope scope, Object state, Boolean isCompleted)
   at Microsoft.AspNetCore.Mvc.Infrastructure.ResourceInvoker.<InvokeAsync>g__Awaited|17_0(ResourceInvoker invoker, Task task, IDisposable scope)
   at Microsoft.AspNetCore.Mvc.Infrastructure.ResourceInvoker.<InvokeAsync>g__Awaited|17_0(ResourceInvoker invoker, Task task, IDisposable scope)
   at Microsoft.AspNetCore.Authorization.AuthorizationMiddleware.Invoke(HttpContext context)
   at Microsoft.AspNetCore.Authentication.AuthenticationMiddleware.Invoke(HttpContext context)
   at Prometheus.HttpMetrics.HttpRequestDurationMiddleware.Invoke(HttpContext context)
   at Prometheus.HttpMetrics.HttpRequestCountMiddleware.Invoke(HttpContext context)
   at Prometheus.HttpMetrics.HttpInProgressMiddleware.Invoke(HttpContext context)
   at Serilog.AspNetCore.RequestLoggingMiddleware.Invoke(HttpContext httpContext)
2026-04-20 14:57:23.150 +07:00 [ERR] Đã xảy ra lỗi hệ thống (Unhandled Exception).
System.Data.SqlTypes.SqlNullValueException: Data is Null. This method or property cannot be called on Null values.
   at Microsoft.Data.SqlClient.SqlBuffer.get_Int32()
   at Microsoft.Data.SqlClient.SqlDataReader.GetInt32(Int32 i)
   at lambda_method238(Closure, QueryContext, DbDataReader, ResultContext, SingleQueryResultCoordinator)
   at Microsoft.EntityFrameworkCore.Query.Internal.SingleQueryingEnumerable`1.AsyncEnumerator.MoveNextAsync()
   at Microsoft.EntityFrameworkCore.EntityFrameworkQueryableExtensions.ToListAsync[TSource](IQueryable`1 source, CancellationToken cancellationToken)
   at Microsoft.EntityFrameworkCore.EntityFrameworkQueryableExtensions.ToListAsync[TSource](IQueryable`1 source, CancellationToken cancellationToken)
   at SmartLMS.Web.Controllers.DashboardController.GetStats() in C:\code\asp.net\SmartLMS.Web\Controllers\DashboardController.cs:line 100
   at Microsoft.AspNetCore.Mvc.Infrastructure.ActionMethodExecutor.TaskOfIActionResultExecutor.Execute(ActionContext actionContext, IActionResultTypeMapper mapper, ObjectMethodExecutor executor, Object controller, Object[] arguments)
   at Microsoft.AspNetCore.Mvc.Infrastructure.ControllerActionInvoker.<InvokeActionMethodAsync>g__Awaited|12_0(ControllerActionInvoker invoker, ValueTask`1 actionResultValueTask)
   at Microsoft.AspNetCore.Mvc.Infrastructure.ControllerActionInvoker.<InvokeNextActionFilterAsync>g__Awaited|10_0(ControllerActionInvoker invoker, Task lastTask, State next, Scope scope, Object state, Boolean isCompleted)
   at Microsoft.AspNetCore.Mvc.Infrastructure.ControllerActionInvoker.Rethrow(ActionExecutedContextSealed context)
   at Microsoft.AspNetCore.Mvc.Infrastructure.ControllerActionInvoker.Next(State& next, Scope& scope, Object& state, Boolean& isCompleted)
   at Microsoft.AspNetCore.Mvc.Infrastructure.ControllerActionInvoker.<InvokeInnerFilterAsync>g__Awaited|13_0(ControllerActionInvoker invoker, Task lastTask, State next, Scope scope, Object state, Boolean isCompleted)
   at Microsoft.AspNetCore.Mvc.Infrastructure.ResourceInvoker.<InvokeNextResourceFilter>g__Awaited|25_0(ResourceInvoker invoker, Task lastTask, State next, Scope scope, Object state, Boolean isCompleted)
   at Microsoft.AspNetCore.Mvc.Infrastructure.ResourceInvoker.Rethrow(ResourceExecutedContextSealed context)
   at Microsoft.AspNetCore.Mvc.Infrastructure.ResourceInvoker.Next(State& next, Scope& scope, Object& state, Boolean& isCompleted)
   at Microsoft.AspNetCore.Mvc.Infrastructure.ResourceInvoker.<InvokeFilterPipelineAsync>g__Awaited|20_0(ResourceInvoker invoker, Task lastTask, State next, Scope scope, Object state, Boolean isCompleted)
   at Microsoft.AspNetCore.Mvc.Infrastructure.ResourceInvoker.<InvokeAsync>g__Awaited|17_0(ResourceInvoker invoker, Task task, IDisposable scope)
   at Microsoft.AspNetCore.Mvc.Infrastructure.ResourceInvoker.<InvokeAsync>g__Awaited|17_0(ResourceInvoker invoker, Task task, IDisposable scope)
   at Microsoft.AspNetCore.Authorization.AuthorizationMiddleware.Invoke(HttpContext context)
   at Microsoft.AspNetCore.Authentication.AuthenticationMiddleware.Invoke(HttpContext context)
   at Prometheus.HttpMetrics.HttpRequestDurationMiddleware.Invoke(HttpContext context)
   at Prometheus.HttpMetrics.HttpRequestCountMiddleware.Invoke(HttpContext context)
   at Prometheus.HttpMetrics.HttpInProgressMiddleware.Invoke(HttpContext context)
   at Serilog.AspNetCore.RequestLoggingMiddleware.Invoke(HttpContext httpContext)
   at Microsoft.AspNetCore.OutputCaching.OutputCacheMiddleware.<>c__DisplayClass11_0.<<InvokeAwaited>g__ExecuteResponseAsync|0>d.MoveNext()
--- End of stack trace from previous location ---
   at Microsoft.AspNetCore.OutputCaching.WorkDispatcher`2.ScheduleAsync(TKey key, Func`2 valueFactory)
   at Microsoft.AspNetCore.OutputCaching.OutputCacheMiddleware.InvokeAwaited(HttpContext httpContext, IReadOnlyList`1 policies)
   at Microsoft.AspNetCore.ResponseCompression.ResponseCompressionMiddleware.InvokeCore(HttpContext context)
   at Swashbuckle.AspNetCore.SwaggerUI.SwaggerUIMiddleware.Invoke(HttpContext httpContext)
   at Swashbuckle.AspNetCore.Swagger.SwaggerMiddleware.Invoke(HttpContext httpContext, ISwaggerProvider swaggerProvider)
   at SmartLMS.Web.Middlewares.ApiExceptionHandlerMiddleware.Invoke(HttpContext context) in C:\code\asp.net\SmartLMS.Web\Middlewares\ApiExceptionHandlerMiddleware.cs:line 24
2026-04-20 14:57:23.172 +07:00 [ERR] An unhandled exception has occurred while executing the request.
System.Data.SqlTypes.SqlNullValueException: Data is Null. This method or property cannot be called on Null values.
   at SmartLMS.Web.Middlewares.ApiExceptionHandlerMiddleware.HandleExceptionAsync(HttpContext context, Exception exception) in C:\code\asp.net\SmartLMS.Web\Middlewares\ApiExceptionHandlerMiddleware.cs:line 54
   at SmartLMS.Web.Middlewares.ApiExceptionHandlerMiddleware.Invoke(HttpContext context) in C:\code\asp.net\SmartLMS.Web\Middlewares\ApiExceptionHandlerMiddleware.cs:line 29
   at Microsoft.AspNetCore.Diagnostics.DeveloperExceptionPageMiddlewareImpl.Invoke(HttpContext context)
2026-04-20 14:57:24.126 +07:00 [INF] HTTP GET /dashboardHub responded 101 in 885.2614 ms
2026-04-20 14:57:27.022 +07:00 [INF] HTTP POST /dashboardHub/negotiate responded 200 in 2.5548 ms
2026-04-20 14:57:35.185 +07:00 [INF] HTTP GET /Account/Login responded 302 in 10.7084 ms
2026-04-20 14:57:35.212 +07:00 [INF] HTTP GET /dashboardHub responded 101 in 8009.0836 ms
2026-04-20 14:57:35.385 +07:00 [INF] HTTP POST /dashboardHub/negotiate responded 200 in 0.5939 ms
2026-04-20 14:57:35.416 +07:00 [ERR] An exception occurred while iterating over the results of a query for context type 'SmartLMS.Data.SmartLMSContext'.
System.Data.SqlTypes.SqlNullValueException: Data is Null. This method or property cannot be called on Null values.
   at Microsoft.Data.SqlClient.SqlBuffer.get_Int32()
   at Microsoft.Data.SqlClient.SqlDataReader.GetInt32(Int32 i)
   at lambda_method238(Closure, QueryContext, DbDataReader, ResultContext, SingleQueryResultCoordinator)
   at Microsoft.EntityFrameworkCore.Query.Internal.SingleQueryingEnumerable`1.AsyncEnumerator.MoveNextAsync()
System.Data.SqlTypes.SqlNullValueException: Data is Null. This method or property cannot be called on Null values.
   at Microsoft.Data.SqlClient.SqlBuffer.get_Int32()
   at Microsoft.Data.SqlClient.SqlDataReader.GetInt32(Int32 i)
   at lambda_method238(Closure, QueryContext, DbDataReader, ResultContext, SingleQueryResultCoordinator)
   at Microsoft.EntityFrameworkCore.Query.Internal.SingleQueryingEnumerable`1.AsyncEnumerator.MoveNextAsync()
2026-04-20 14:57:35.430 +07:00 [ERR] HTTP GET /Dashboard/GetStats responded 500 in 34.1282 ms
System.Data.SqlTypes.SqlNullValueException: Data is Null. This method or property cannot be called on Null values.
   at Microsoft.Data.SqlClient.SqlBuffer.get_Int32()
   at Microsoft.Data.SqlClient.SqlDataReader.GetInt32(Int32 i)
   at lambda_method238(Closure, QueryContext, DbDataReader, ResultContext, SingleQueryResultCoordinator)
   at Microsoft.EntityFrameworkCore.Query.Internal.SingleQueryingEnumerable`1.AsyncEnumerator.MoveNextAsync()
   at Microsoft.EntityFrameworkCore.EntityFrameworkQueryableExtensions.ToListAsync[TSource](IQueryable`1 source, CancellationToken cancellationToken)
   at Microsoft.EntityFrameworkCore.EntityFrameworkQueryableExtensions.ToListAsync[TSource](IQueryable`1 source, CancellationToken cancellationToken)
   at SmartLMS.Web.Controllers.DashboardController.GetStats() in C:\code\asp.net\SmartLMS.Web\Controllers\DashboardController.cs:line 100
   at Microsoft.AspNetCore.Mvc.Infrastructure.ActionMethodExecutor.TaskOfIActionResultExecutor.Execute(ActionContext actionContext, IActionResultTypeMapper mapper, ObjectMethodExecutor executor, Object controller, Object[] arguments)
   at Microsoft.AspNetCore.Mvc.Infrastructure.ControllerActionInvoker.<InvokeActionMethodAsync>g__Awaited|12_0(ControllerActionInvoker invoker, ValueTask`1 actionResultValueTask)
   at Microsoft.AspNetCore.Mvc.Infrastructure.ControllerActionInvoker.<InvokeNextActionFilterAsync>g__Awaited|10_0(ControllerActionInvoker invoker, Task lastTask, State next, Scope scope, Object state, Boolean isCompleted)
   at Microsoft.AspNetCore.Mvc.Infrastructure.ControllerActionInvoker.Rethrow(ActionExecutedContextSealed context)
   at Microsoft.AspNetCore.Mvc.Infrastructure.ControllerActionInvoker.Next(State& next, Scope& scope, Object& state, Boolean& isCompleted)
   at Microsoft.AspNetCore.Mvc.Infrastructure.ControllerActionInvoker.<InvokeInnerFilterAsync>g__Awaited|13_0(ControllerActionInvoker invoker, Task lastTask, State next, Scope scope, Object state, Boolean isCompleted)
   at Microsoft.AspNetCore.Mvc.Infrastructure.ResourceInvoker.<InvokeNextResourceFilter>g__Awaited|25_0(ResourceInvoker invoker, Task lastTask, State next, Scope scope, Object state, Boolean isCompleted)
   at Microsoft.AspNetCore.Mvc.Infrastructure.ResourceInvoker.Rethrow(ResourceExecutedContextSealed context)
   at Microsoft.AspNetCore.Mvc.Infrastructure.ResourceInvoker.Next(State& next, Scope& scope, Object& state, Boolean& isCompleted)
   at Microsoft.AspNetCore.Mvc.Infrastructure.ResourceInvoker.<InvokeFilterPipelineAsync>g__Awaited|20_0(ResourceInvoker invoker, Task lastTask, State next, Scope scope, Object state, Boolean isCompleted)
   at Microsoft.AspNetCore.Mvc.Infrastructure.ResourceInvoker.<InvokeAsync>g__Awaited|17_0(ResourceInvoker invoker, Task task, IDisposable scope)
   at Microsoft.AspNetCore.Mvc.Infrastructure.ResourceInvoker.<InvokeAsync>g__Awaited|17_0(ResourceInvoker invoker, Task task, IDisposable scope)
   at Microsoft.AspNetCore.Authorization.AuthorizationMiddleware.Invoke(HttpContext context)
   at Microsoft.AspNetCore.Authentication.AuthenticationMiddleware.Invoke(HttpContext context)
   at Prometheus.HttpMetrics.HttpRequestDurationMiddleware.Invoke(HttpContext context)
   at Prometheus.HttpMetrics.HttpRequestCountMiddleware.Invoke(HttpContext context)
   at Prometheus.HttpMetrics.HttpInProgressMiddleware.Invoke(HttpContext context)
   at Serilog.AspNetCore.RequestLoggingMiddleware.Invoke(HttpContext httpContext)
2026-04-20 14:57:35.445 +07:00 [ERR] Đã xảy ra lỗi hệ thống (Unhandled Exception).
System.Data.SqlTypes.SqlNullValueException: Data is Null. This method or property cannot be called on Null values.
   at Microsoft.Data.SqlClient.SqlBuffer.get_Int32()
   at Microsoft.Data.SqlClient.SqlDataReader.GetInt32(Int32 i)
   at lambda_method238(Closure, QueryContext, DbDataReader, ResultContext, SingleQueryResultCoordinator)
   at Microsoft.EntityFrameworkCore.Query.Internal.SingleQueryingEnumerable`1.AsyncEnumerator.MoveNextAsync()
   at Microsoft.EntityFrameworkCore.EntityFrameworkQueryableExtensions.ToListAsync[TSource](IQueryable`1 source, CancellationToken cancellationToken)
   at Microsoft.EntityFrameworkCore.EntityFrameworkQueryableExtensions.ToListAsync[TSource](IQueryable`1 source, CancellationToken cancellationToken)
   at SmartLMS.Web.Controllers.DashboardController.GetStats() in C:\code\asp.net\SmartLMS.Web\Controllers\DashboardController.cs:line 100
   at Microsoft.AspNetCore.Mvc.Infrastructure.ActionMethodExecutor.TaskOfIActionResultExecutor.Execute(ActionContext actionContext, IActionResultTypeMapper mapper, ObjectMethodExecutor executor, Object controller, Object[] arguments)
   at Microsoft.AspNetCore.Mvc.Infrastructure.ControllerActionInvoker.<InvokeActionMethodAsync>g__Awaited|12_0(ControllerActionInvoker invoker, ValueTask`1 actionResultValueTask)
   at Microsoft.AspNetCore.Mvc.Infrastructure.ControllerActionInvoker.<InvokeNextActionFilterAsync>g__Awaited|10_0(ControllerActionInvoker invoker, Task lastTask, State next, Scope scope, Object state, Boolean isCompleted)
   at Microsoft.AspNetCore.Mvc.Infrastructure.ControllerActionInvoker.Rethrow(ActionExecutedContextSealed context)
   at Microsoft.AspNetCore.Mvc.Infrastructure.ControllerActionInvoker.Next(State& next, Scope& scope, Object& state, Boolean& isCompleted)
   at Microsoft.AspNetCore.Mvc.Infrastructure.ControllerActionInvoker.<InvokeInnerFilterAsync>g__Awaited|13_0(ControllerActionInvoker invoker, Task lastTask, State next, Scope scope, Object state, Boolean isCompleted)
   at Microsoft.AspNetCore.Mvc.Infrastructure.ResourceInvoker.<InvokeNextResourceFilter>g__Awaited|25_0(ResourceInvoker invoker, Task lastTask, State next, Scope scope, Object state, Boolean isCompleted)
   at Microsoft.AspNetCore.Mvc.Infrastructure.ResourceInvoker.Rethrow(ResourceExecutedContextSealed context)
   at Microsoft.AspNetCore.Mvc.Infrastructure.ResourceInvoker.Next(State& next, Scope& scope, Object& state, Boolean& isCompleted)
   at Microsoft.AspNetCore.Mvc.Infrastructure.ResourceInvoker.<InvokeFilterPipelineAsync>g__Awaited|20_0(ResourceInvoker invoker, Task lastTask, State next, Scope scope, Object state, Boolean isCompleted)
   at Microsoft.AspNetCore.Mvc.Infrastructure.ResourceInvoker.<InvokeAsync>g__Awaited|17_0(ResourceInvoker invoker, Task task, IDisposable scope)
   at Microsoft.AspNetCore.Mvc.Infrastructure.ResourceInvoker.<InvokeAsync>g__Awaited|17_0(ResourceInvoker invoker, Task task, IDisposable scope)
   at Microsoft.AspNetCore.Authorization.AuthorizationMiddleware.Invoke(HttpContext context)
   at Microsoft.AspNetCore.Authentication.AuthenticationMiddleware.Invoke(HttpContext context)
   at Prometheus.HttpMetrics.HttpRequestDurationMiddleware.Invoke(HttpContext context)
   at Prometheus.HttpMetrics.HttpRequestCountMiddleware.Invoke(HttpContext context)
   at Prometheus.HttpMetrics.HttpInProgressMiddleware.Invoke(HttpContext context)
   at Serilog.AspNetCore.RequestLoggingMiddleware.Invoke(HttpContext httpContext)
   at Microsoft.AspNetCore.OutputCaching.OutputCacheMiddleware.<>c__DisplayClass11_0.<<InvokeAwaited>g__ExecuteResponseAsync|0>d.MoveNext()
--- End of stack trace from previous location ---
   at Microsoft.AspNetCore.OutputCaching.WorkDispatcher`2.ScheduleAsync(TKey key, Func`2 valueFactory)
   at Microsoft.AspNetCore.OutputCaching.OutputCacheMiddleware.InvokeAwaited(HttpContext httpContext, IReadOnlyList`1 policies)
   at Microsoft.AspNetCore.ResponseCompression.ResponseCompressionMiddleware.InvokeCore(HttpContext context)
   at Swashbuckle.AspNetCore.SwaggerUI.SwaggerUIMiddleware.Invoke(HttpContext httpContext)
   at Swashbuckle.AspNetCore.Swagger.SwaggerMiddleware.Invoke(HttpContext httpContext, ISwaggerProvider swaggerProvider)
   at SmartLMS.Web.Middlewares.ApiExceptionHandlerMiddleware.Invoke(HttpContext context) in C:\code\asp.net\SmartLMS.Web\Middlewares\ApiExceptionHandlerMiddleware.cs:line 24
2026-04-20 14:57:35.463 +07:00 [ERR] An unhandled exception has occurred while executing the request.
System.Data.SqlTypes.SqlNullValueException: Data is Null. This method or property cannot be called on Null values.
   at SmartLMS.Web.Middlewares.ApiExceptionHandlerMiddleware.HandleExceptionAsync(HttpContext context, Exception exception) in C:\code\asp.net\SmartLMS.Web\Middlewares\ApiExceptionHandlerMiddleware.cs:line 54
   at SmartLMS.Web.Middlewares.ApiExceptionHandlerMiddleware.Invoke(HttpContext context) in C:\code\asp.net\SmartLMS.Web\Middlewares\ApiExceptionHandlerMiddleware.cs:line 29
   at Microsoft.AspNetCore.Diagnostics.DeveloperExceptionPageMiddlewareImpl.Invoke(HttpContext context)
2026-04-20 14:57:37.288 +07:00 [INF] HTTP GET /CourseManagement responded 200 in 1015.9846 ms
2026-04-20 14:57:37.330 +07:00 [INF] HTTP GET /dashboardHub responded 101 in 1810.4030 ms
2026-04-20 14:57:37.743 +07:00 [INF] HTTP GET /CourseManagement/GetCoursesJson responded 200 in 218.1225 ms
2026-04-20 14:57:37.797 +07:00 [INF] HTTP GET /img/no-image.png responded 404 in 2.0779 ms
2026-04-20 14:57:41.875 +07:00 [INF] HTTP GET /Revenue responded 200 in 3339.5509 ms
2026-04-20 14:57:42.375 +07:00 [INF] HTTP GET /Revenue/GetRevenueJson responded 200 in 318.3556 ms
2026-04-20 14:57:46.846 +07:00 [INF] HTTP GET /Coupon responded 200 in 79.8512 ms
2026-04-20 14:57:50.507 +07:00 [INF] HTTP GET /Marketing responded 404 in 0.3261 ms
2026-04-20 14:57:55.611 +07:00 [INF] HTTP GET /Affiliate responded 200 in 875.5491 ms
2026-04-20 15:01:46.491 +07:00 [INF] 1 servers were removed due to timeout
2026-04-20 15:06:08.715 +07:00 [INF] Server desktop-36u3ca2:7352:df81c5cb caught stopping signal...
2026-04-20 15:06:09.283 +07:00 [INF] Server desktop-36u3ca2:7352:df81c5cb caught stopped signal...
2026-04-20 15:06:09.495 +07:00 [INF] Server desktop-36u3ca2:7352:df81c5cb All dispatchers stopped
2026-04-20 15:06:09.511 +07:00 [INF] Server desktop-36u3ca2:7352:df81c5cb successfully reported itself as stopped in 8.1379 ms
2026-04-20 15:06:09.513 +07:00 [INF] Server desktop-36u3ca2:7352:df81c5cb has been stopped in total 789.4079 ms
2026-04-20 15:07:06.815 +07:00 [WRN] Entity 'Exam' has a global query filter defined and is the required end of a relationship with the entity 'ExamQuestion'. This may lead to unexpected results when the required entity is filtered out. Either configure the navigation as optional, or define matching query filters for both entities in the navigation. See https://go.microsoft.com/fwlink/?linkid=2131316 for more information.
2026-04-20 15:07:06.864 +07:00 [WRN] Entity 'Exam' has a global query filter defined and is the required end of a relationship with the entity 'QuizAttempt'. This may lead to unexpected results when the required entity is filtered out. Either configure the navigation as optional, or define matching query filters for both entities in the navigation. See https://go.microsoft.com/fwlink/?linkid=2131316 for more information.
2026-04-20 15:07:06.937 +07:00 [WRN] No store type was specified for the decimal property 'AI_BaseSalaryImpact' on entity type 'Course'. This will cause values to be silently truncated if they do not fit in the default precision and scale. Explicitly specify the SQL server column type that can accommodate all the values in 'OnModelCreating' using 'HasColumnType', specify precision and scale using 'HasPrecision', or configure a value converter using 'HasConversion'.
2026-04-20 15:07:06.940 +07:00 [WRN] No store type was specified for the decimal property 'DiscountPrice' on entity type 'Course'. This will cause values to be silently truncated if they do not fit in the default precision and scale. Explicitly specify the SQL server column type that can accommodate all the values in 'OnModelCreating' using 'HasColumnType', specify precision and scale using 'HasPrecision', or configure a value converter using 'HasConversion'.
2026-04-20 15:07:08.184 +07:00 [INF] Start installing Hangfire SQL objects...
2026-04-20 15:07:08.872 +07:00 [INF] Hangfire SQL objects installed.
2026-04-20 15:07:09.294 +07:00 [INF] Assessment Event Handler is starting...
2026-04-20 15:07:09.412 +07:00 [INF] Starting Hangfire Server using job storage: 'SQL Server: localhost@SmartLMS'
2026-04-20 15:07:09.414 +07:00 [INF] Using the following options for SQL Server job storage: Queue poll interval: 00:00:00.
2026-04-20 15:07:09.415 +07:00 [INF] Using the following options for Hangfire Server:
    Worker count: 20
    Listening queues: 'default'
    Shutdown timeout: 00:00:15
    Schedule polling interval: 00:00:15
2026-04-20 15:07:09.558 +07:00 [INF] Server desktop-36u3ca2:20108:69cc87fd successfully announced in 127.8909 ms
2026-04-20 15:07:09.580 +07:00 [INF] Server desktop-36u3ca2:20108:69cc87fd is starting the registered dispatchers: ServerWatchdog, ServerJobCancellationWatcher, SqlServerHeartbeatProcess, ExpirationManager, CountersAggregator, Worker, DelayedJobScheduler, RecurringJobScheduler...
2026-04-20 15:07:09.613 +07:00 [INF] Server desktop-36u3ca2:20108:69cc87fd all the dispatchers started
2026-04-20 15:07:17.420 +07:00 [INF] Server desktop-36u3ca2:20108:69cc87fd caught stopping signal...
2026-04-20 15:07:17.641 +07:00 [INF] Server desktop-36u3ca2:20108:69cc87fd All dispatchers stopped
2026-04-20 15:07:17.655 +07:00 [INF] Server desktop-36u3ca2:20108:69cc87fd successfully reported itself as stopped in 6.5358 ms
2026-04-20 15:07:17.658 +07:00 [INF] Server desktop-36u3ca2:20108:69cc87fd has been stopped in total 232.4856 ms
2026-04-20 15:07:53.305 +07:00 [WRN] Entity 'Exam' has a global query filter defined and is the required end of a relationship with the entity 'ExamQuestion'. This may lead to unexpected results when the required entity is filtered out. Either configure the navigation as optional, or define matching query filters for both entities in the navigation. See https://go.microsoft.com/fwlink/?linkid=2131316 for more information.
2026-04-20 15:07:53.367 +07:00 [WRN] Entity 'Exam' has a global query filter defined and is the required end of a relationship with the entity 'QuizAttempt'. This may lead to unexpected results when the required entity is filtered out. Either configure the navigation as optional, or define matching query filters for both entities in the navigation. See https://go.microsoft.com/fwlink/?linkid=2131316 for more information.
2026-04-20 15:07:53.480 +07:00 [WRN] No store type was specified for the decimal property 'AI_BaseSalaryImpact' on entity type 'Course'. This will cause values to be silently truncated if they do not fit in the default precision and scale. Explicitly specify the SQL server column type that can accommodate all the values in 'OnModelCreating' using 'HasColumnType', specify precision and scale using 'HasPrecision', or configure a value converter using 'HasConversion'.
2026-04-20 15:07:53.480 +07:00 [WRN] No store type was specified for the decimal property 'DiscountPrice' on entity type 'Course'. This will cause values to be silently truncated if they do not fit in the default precision and scale. Explicitly specify the SQL server column type that can accommodate all the values in 'OnModelCreating' using 'HasColumnType', specify precision and scale using 'HasPrecision', or configure a value converter using 'HasConversion'.
2026-04-20 15:07:59.726 +07:00 [INF] Start installing Hangfire SQL objects...
2026-04-20 15:08:00.838 +07:00 [INF] Hangfire SQL objects installed.
2026-04-20 15:08:01.684 +07:00 [INF] Assessment Event Handler is starting...
2026-04-20 15:08:01.904 +07:00 [INF] Starting Hangfire Server using job storage: 'SQL Server: localhost@SmartLMS'
2026-04-20 15:08:01.904 +07:00 [INF] Using the following options for SQL Server job storage: Queue poll interval: 00:00:00.
2026-04-20 15:08:01.905 +07:00 [INF] Using the following options for Hangfire Server:
    Worker count: 20
    Listening queues: 'default'
    Shutdown timeout: 00:00:15
    Schedule polling interval: 00:00:15
2026-04-20 15:08:01.998 +07:00 [INF] Server desktop-36u3ca2:15860:3f450ede successfully announced in 53.689 ms
2026-04-20 15:08:02.004 +07:00 [INF] Server desktop-36u3ca2:15860:3f450ede is starting the registered dispatchers: ServerWatchdog, ServerJobCancellationWatcher, SqlServerHeartbeatProcess, ExpirationManager, CountersAggregator, Worker, DelayedJobScheduler, RecurringJobScheduler...
2026-04-20 15:08:02.018 +07:00 [INF] Server desktop-36u3ca2:15860:3f450ede all the dispatchers started
2026-04-20 15:08:10.740 +07:00 [ERR] Đã xảy ra lỗi hệ thống (Unhandled Exception).
System.ArgumentException: An item with the same key has already been added. Key: v1
   at System.Collections.Generic.Dictionary`2.TryInsert(TKey key, TValue value, InsertionBehavior behavior)
   at System.Collections.Generic.Dictionary`2.Add(TKey key, TValue value)
   at Microsoft.Extensions.DependencyInjection.SwaggerGenOptionsExtensions.SwaggerDoc(SwaggerGenOptions swaggerGenOptions, String name, OpenApiInfo info)
   at Program.<>c.<<Main>$>b__0_17(SwaggerGenOptions c) in C:\code\asp.net\SmartLMS.Web\Program.cs:line 243
   at Microsoft.Extensions.Options.ConfigureNamedOptions`1.Configure(String name, TOptions options)
   at Microsoft.Extensions.Options.OptionsFactory`1.Create(String name)
   at Microsoft.Extensions.Options.UnnamedOptionsManager`1.get_Value()
   at Swashbuckle.AspNetCore.SwaggerGen.ConfigureSwaggerGeneratorOptions..ctor(IOptions`1 swaggerGenOptionsAccessor, IServiceProvider serviceProvider, IWebHostEnvironment hostingEnv)
   at System.RuntimeMethodHandle.InvokeMethod(Object target, Void** arguments, Signature sig, Boolean isConstructor)
   at System.Reflection.MethodBaseInvoker.InvokeDirectByRefWithFewArgs(Object obj, Span`1 copyOfArgs, BindingFlags invokeAttr)
   at System.Reflection.MethodBaseInvoker.InvokeWithFewArgs(Object obj, BindingFlags invokeAttr, Binder binder, Object[] parameters, CultureInfo culture)
   at System.Reflection.RuntimeConstructorInfo.Invoke(BindingFlags invokeAttr, Binder binder, Object[] parameters, CultureInfo culture)
   at Microsoft.Extensions.DependencyInjection.ServiceLookup.CallSiteVisitor`2.VisitCallSiteMain(ServiceCallSite callSite, TArgument argument)
   at Microsoft.Extensions.DependencyInjection.ServiceLookup.CallSiteVisitor`2.VisitCallSite(ServiceCallSite callSite, TArgument argument)
   at Microsoft.Extensions.DependencyInjection.ServiceLookup.CallSiteRuntimeResolver.VisitIEnumerable(IEnumerableCallSite enumerableCallSite, RuntimeResolverContext context)
   at Microsoft.Extensions.DependencyInjection.ServiceLookup.CallSiteVisitor`2.VisitCallSiteMain(ServiceCallSite callSite, TArgument argument)
   at Microsoft.Extensions.DependencyInjection.ServiceLookup.CallSiteVisitor`2.VisitCallSite(ServiceCallSite callSite, TArgument argument)
   at Microsoft.Extensions.DependencyInjection.ServiceLookup.CallSiteVisitor`2.VisitCallSiteMain(ServiceCallSite callSite, TArgument argument)
   at Microsoft.Extensions.DependencyInjection.ServiceLookup.CallSiteVisitor`2.VisitCallSite(ServiceCallSite callSite, TArgument argument)
   at Microsoft.Extensions.DependencyInjection.ServiceLookup.CallSiteVisitor`2.VisitCallSiteMain(ServiceCallSite callSite, TArgument argument)
   at Microsoft.Extensions.DependencyInjection.ServiceLookup.CallSiteRuntimeResolver.VisitRootCache(ServiceCallSite callSite, RuntimeResolverContext context)
   at Microsoft.Extensions.DependencyInjection.ServiceLookup.CallSiteVisitor`2.VisitCallSite(ServiceCallSite callSite, TArgument argument)
   at Microsoft.Extensions.DependencyInjection.ServiceLookup.CallSiteRuntimeResolver.Resolve(ServiceCallSite callSite, ServiceProviderEngineScope scope)
   at Microsoft.Extensions.DependencyInjection.ServiceProvider.CreateServiceAccessor(ServiceIdentifier serviceIdentifier)
   at System.Collections.Concurrent.ConcurrentDictionary`2.GetOrAdd(TKey key, Func`2 valueFactory)
   at Microsoft.Extensions.DependencyInjection.ServiceProvider.GetService(ServiceIdentifier serviceIdentifier, ServiceProviderEngineScope serviceProviderEngineScope)
   at Microsoft.Extensions.DependencyInjection.ServiceLookup.ServiceProviderEngineScope.GetService(Type serviceType)
   at Microsoft.Extensions.DependencyInjection.ServiceProviderServiceExtensions.GetRequiredService(IServiceProvider provider, Type serviceType)
   at Microsoft.Extensions.DependencyInjection.ServiceProviderServiceExtensions.GetRequiredService[T](IServiceProvider provider)
   at Microsoft.Extensions.DependencyInjection.SwaggerGenServiceCollectionExtensions.<>c.<AddSwaggerGen>b__0_1(IServiceProvider s)
   at Microsoft.Extensions.DependencyInjection.ServiceLookup.CallSiteVisitor`2.VisitCallSiteMain(ServiceCallSite callSite, TArgument argument)
   at Microsoft.Extensions.DependencyInjection.ServiceLookup.CallSiteVisitor`2.VisitCallSite(ServiceCallSite callSite, TArgument argument)
   at Microsoft.Extensions.DependencyInjection.ServiceLookup.CallSiteVisitor`2.VisitCallSiteMain(ServiceCallSite callSite, TArgument argument)
   at Microsoft.Extensions.DependencyInjection.ServiceLookup.CallSiteVisitor`2.VisitCallSite(ServiceCallSite callSite, TArgument argument)
   at Microsoft.Extensions.DependencyInjection.ServiceLookup.CallSiteRuntimeResolver.Resolve(ServiceCallSite callSite, ServiceProviderEngineScope scope)
   at Microsoft.Extensions.DependencyInjection.ServiceLookup.DynamicServiceProviderEngine.<>c__DisplayClass2_0.<RealizeService>b__0(ServiceProviderEngineScope scope)
   at Microsoft.Extensions.DependencyInjection.ServiceProvider.GetService(ServiceIdentifier serviceIdentifier, ServiceProviderEngineScope serviceProviderEngineScope)
   at Microsoft.Extensions.DependencyInjection.ServiceLookup.ServiceProviderEngineScope.GetService(Type serviceType)
   at lambda_method187(Closure, Object, HttpContext, IServiceProvider)
   at SmartLMS.Web.Middlewares.ApiExceptionHandlerMiddleware.Invoke(HttpContext context) in C:\code\asp.net\SmartLMS.Web\Middlewares\ApiExceptionHandlerMiddleware.cs:line 24
2026-04-20 15:08:10.830 +07:00 [ERR] An unhandled exception has occurred while executing the request.
System.ArgumentException: An item with the same key has already been added. Key: v1
   at SmartLMS.Web.Middlewares.ApiExceptionHandlerMiddleware.HandleExceptionAsync(HttpContext context, Exception exception) in C:\code\asp.net\SmartLMS.Web\Middlewares\ApiExceptionHandlerMiddleware.cs:line 54
   at SmartLMS.Web.Middlewares.ApiExceptionHandlerMiddleware.Invoke(HttpContext context) in C:\code\asp.net\SmartLMS.Web\Middlewares\ApiExceptionHandlerMiddleware.cs:line 29
   at Microsoft.AspNetCore.Diagnostics.DeveloperExceptionPageMiddlewareImpl.Invoke(HttpContext context)
2026-04-20 15:08:10.928 +07:00 [ERR] Đã xảy ra lỗi hệ thống (Unhandled Exception).
System.ArgumentException: An item with the same key has already been added. Key: v1
   at System.Collections.Generic.Dictionary`2.TryInsert(TKey key, TValue value, InsertionBehavior behavior)
   at System.Collections.Generic.Dictionary`2.Add(TKey key, TValue value)
   at Microsoft.Extensions.DependencyInjection.SwaggerGenOptionsExtensions.SwaggerDoc(SwaggerGenOptions swaggerGenOptions, String name, OpenApiInfo info)
   at Program.<>c.<<Main>$>b__0_17(SwaggerGenOptions c) in C:\code\asp.net\SmartLMS.Web\Program.cs:line 243
   at Microsoft.Extensions.Options.ConfigureNamedOptions`1.Configure(String name, TOptions options)
   at Microsoft.Extensions.Options.OptionsFactory`1.Create(String name)
   at Microsoft.Extensions.Options.UnnamedOptionsManager`1.get_Value()
   at Swashbuckle.AspNetCore.SwaggerGen.ConfigureSwaggerGeneratorOptions..ctor(IOptions`1 swaggerGenOptionsAccessor, IServiceProvider serviceProvider, IWebHostEnvironment hostingEnv)
   at InvokeStub_ConfigureSwaggerGeneratorOptions..ctor(Object, Span`1)
   at System.Reflection.MethodBaseInvoker.InvokeWithFewArgs(Object obj, BindingFlags invokeAttr, Binder binder, Object[] parameters, CultureInfo culture)
   at System.Reflection.RuntimeConstructorInfo.Invoke(BindingFlags invokeAttr, Binder binder, Object[] parameters, CultureInfo culture)
   at Microsoft.Extensions.DependencyInjection.ServiceLookup.CallSiteVisitor`2.VisitCallSiteMain(ServiceCallSite callSite, TArgument argument)
   at Microsoft.Extensions.DependencyInjection.ServiceLookup.CallSiteVisitor`2.VisitCallSite(ServiceCallSite callSite, TArgument argument)
   at Microsoft.Extensions.DependencyInjection.ServiceLookup.CallSiteRuntimeResolver.VisitIEnumerable(IEnumerableCallSite enumerableCallSite, RuntimeResolverContext context)
   at Microsoft.Extensions.DependencyInjection.ServiceLookup.CallSiteVisitor`2.VisitCallSiteMain(ServiceCallSite callSite, TArgument argument)
   at Microsoft.Extensions.DependencyInjection.ServiceLookup.CallSiteVisitor`2.VisitCallSite(ServiceCallSite callSite, TArgument argument)
   at Microsoft.Extensions.DependencyInjection.ServiceLookup.CallSiteVisitor`2.VisitCallSiteMain(ServiceCallSite callSite, TArgument argument)
   at Microsoft.Extensions.DependencyInjection.ServiceLookup.CallSiteVisitor`2.VisitCallSite(ServiceCallSite callSite, TArgument argument)
   at Microsoft.Extensions.DependencyInjection.ServiceLookup.CallSiteVisitor`2.VisitCallSiteMain(ServiceCallSite callSite, TArgument argument)
   at Microsoft.Extensions.DependencyInjection.ServiceLookup.CallSiteRuntimeResolver.VisitRootCache(ServiceCallSite callSite, RuntimeResolverContext context)
   at Microsoft.Extensions.DependencyInjection.ServiceLookup.CallSiteVisitor`2.VisitCallSite(ServiceCallSite callSite, TArgument argument)
   at Microsoft.Extensions.DependencyInjection.ServiceLookup.CallSiteRuntimeResolver.Resolve(ServiceCallSite callSite, ServiceProviderEngineScope scope)
   at Microsoft.Extensions.DependencyInjection.ServiceProvider.CreateServiceAccessor(ServiceIdentifier serviceIdentifier)
   at System.Collections.Concurrent.ConcurrentDictionary`2.GetOrAdd(TKey key, Func`2 valueFactory)
   at Microsoft.Extensions.DependencyInjection.ServiceProvider.GetService(ServiceIdentifier serviceIdentifier, ServiceProviderEngineScope serviceProviderEngineScope)
   at Microsoft.Extensions.DependencyInjection.ServiceLookup.ServiceProviderEngineScope.GetService(Type serviceType)
   at Microsoft.Extensions.DependencyInjection.ServiceProviderServiceExtensions.GetRequiredService(IServiceProvider provider, Type serviceType)
   at Microsoft.Extensions.DependencyInjection.ServiceProviderServiceExtensions.GetRequiredService[T](IServiceProvider provider)
   at Microsoft.Extensions.DependencyInjection.SwaggerGenServiceCollectionExtensions.<>c.<AddSwaggerGen>b__0_1(IServiceProvider s)
   at Microsoft.Extensions.DependencyInjection.ServiceLookup.CallSiteVisitor`2.VisitCallSiteMain(ServiceCallSite callSite, TArgument argument)
   at Microsoft.Extensions.DependencyInjection.ServiceLookup.CallSiteVisitor`2.VisitCallSite(ServiceCallSite callSite, TArgument argument)
   at Microsoft.Extensions.DependencyInjection.ServiceLookup.CallSiteVisitor`2.VisitCallSiteMain(ServiceCallSite callSite, TArgument argument)
   at Microsoft.Extensions.DependencyInjection.ServiceLookup.CallSiteVisitor`2.VisitCallSite(ServiceCallSite callSite, TArgument argument)
   at Microsoft.Extensions.DependencyInjection.ServiceLookup.CallSiteRuntimeResolver.Resolve(ServiceCallSite callSite, ServiceProviderEngineScope scope)
   at Microsoft.Extensions.DependencyInjection.ServiceLookup.DynamicServiceProviderEngine.<>c__DisplayClass2_0.<RealizeService>b__0(ServiceProviderEngineScope scope)
   at Microsoft.Extensions.DependencyInjection.ServiceProvider.GetService(ServiceIdentifier serviceIdentifier, ServiceProviderEngineScope serviceProviderEngineScope)
   at Microsoft.Extensions.DependencyInjection.ServiceLookup.ServiceProviderEngineScope.GetService(Type serviceType)
   at lambda_method187(Closure, Object, HttpContext, IServiceProvider)
   at SmartLMS.Web.Middlewares.ApiExceptionHandlerMiddleware.Invoke(HttpContext context) in C:\code\asp.net\SmartLMS.Web\Middlewares\ApiExceptionHandlerMiddleware.cs:line 24
2026-04-20 15:08:10.933 +07:00 [ERR] An unhandled exception has occurred while executing the request.
System.ArgumentException: An item with the same key has already been added. Key: v1
   at SmartLMS.Web.Middlewares.ApiExceptionHandlerMiddleware.HandleExceptionAsync(HttpContext context, Exception exception) in C:\code\asp.net\SmartLMS.Web\Middlewares\ApiExceptionHandlerMiddleware.cs:line 54
   at SmartLMS.Web.Middlewares.ApiExceptionHandlerMiddleware.Invoke(HttpContext context) in C:\code\asp.net\SmartLMS.Web\Middlewares\ApiExceptionHandlerMiddleware.cs:line 29
   at Microsoft.AspNetCore.Diagnostics.DeveloperExceptionPageMiddlewareImpl.Invoke(HttpContext context)
2026-04-20 15:08:13.188 +07:00 [ERR] Đã xảy ra lỗi hệ thống (Unhandled Exception).
System.ArgumentException: An item with the same key has already been added. Key: v1
   at System.Collections.Generic.Dictionary`2.TryInsert(TKey key, TValue value, InsertionBehavior behavior)
   at System.Collections.Generic.Dictionary`2.Add(TKey key, TValue value)
   at Microsoft.Extensions.DependencyInjection.SwaggerGenOptionsExtensions.SwaggerDoc(SwaggerGenOptions swaggerGenOptions, String name, OpenApiInfo info)
   at Program.<>c.<<Main>$>b__0_17(SwaggerGenOptions c) in C:\code\asp.net\SmartLMS.Web\Program.cs:line 243
   at Microsoft.Extensions.Options.ConfigureNamedOptions`1.Configure(String name, TOptions options)
   at Microsoft.Extensions.Options.OptionsFactory`1.Create(String name)
   at Microsoft.Extensions.Options.UnnamedOptionsManager`1.get_Value()
   at Swashbuckle.AspNetCore.SwaggerGen.ConfigureSwaggerGeneratorOptions..ctor(IOptions`1 swaggerGenOptionsAccessor, IServiceProvider serviceProvider, IWebHostEnvironment hostingEnv)
   at InvokeStub_ConfigureSwaggerGeneratorOptions..ctor(Object, Span`1)
   at System.Reflection.MethodBaseInvoker.InvokeWithFewArgs(Object obj, BindingFlags invokeAttr, Binder binder, Object[] parameters, CultureInfo culture)
   at System.Reflection.RuntimeConstructorInfo.Invoke(BindingFlags invokeAttr, Binder binder, Object[] parameters, CultureInfo culture)
   at Microsoft.Extensions.DependencyInjection.ServiceLookup.CallSiteVisitor`2.VisitCallSiteMain(ServiceCallSite callSite, TArgument argument)
   at Microsoft.Extensions.DependencyInjection.ServiceLookup.CallSiteVisitor`2.VisitCallSite(ServiceCallSite callSite, TArgument argument)
   at Microsoft.Extensions.DependencyInjection.ServiceLookup.CallSiteRuntimeResolver.VisitIEnumerable(IEnumerableCallSite enumerableCallSite, RuntimeResolverContext context)
   at Microsoft.Extensions.DependencyInjection.ServiceLookup.CallSiteVisitor`2.VisitCallSiteMain(ServiceCallSite callSite, TArgument argument)
   at Microsoft.Extensions.DependencyInjection.ServiceLookup.CallSiteVisitor`2.VisitCallSite(ServiceCallSite callSite, TArgument argument)
   at Microsoft.Extensions.DependencyInjection.ServiceLookup.CallSiteVisitor`2.VisitCallSiteMain(ServiceCallSite callSite, TArgument argument)
   at Microsoft.Extensions.DependencyInjection.ServiceLookup.CallSiteVisitor`2.VisitCallSite(ServiceCallSite callSite, TArgument argument)
   at Microsoft.Extensions.DependencyInjection.ServiceLookup.CallSiteVisitor`2.VisitCallSiteMain(ServiceCallSite callSite, TArgument argument)
   at Microsoft.Extensions.DependencyInjection.ServiceLookup.CallSiteRuntimeResolver.VisitRootCache(ServiceCallSite callSite, RuntimeResolverContext context)
   at Microsoft.Extensions.DependencyInjection.ServiceLookup.CallSiteVisitor`2.VisitCallSite(ServiceCallSite callSite, TArgument argument)
   at Microsoft.Extensions.DependencyInjection.ServiceLookup.CallSiteRuntimeResolver.Resolve(ServiceCallSite callSite, ServiceProviderEngineScope scope)
   at Microsoft.Extensions.DependencyInjection.ServiceProvider.CreateServiceAccessor(ServiceIdentifier serviceIdentifier)
   at System.Collections.Concurrent.ConcurrentDictionary`2.GetOrAdd(TKey key, Func`2 valueFactory)
   at Microsoft.Extensions.DependencyInjection.ServiceProvider.GetService(ServiceIdentifier serviceIdentifier, ServiceProviderEngineScope serviceProviderEngineScope)
   at Microsoft.Extensions.DependencyInjection.ServiceLookup.ServiceProviderEngineScope.GetService(Type serviceType)
   at Microsoft.Extensions.DependencyInjection.ServiceProviderServiceExtensions.GetRequiredService(IServiceProvider provider, Type serviceType)
   at Microsoft.Extensions.DependencyInjection.ServiceProviderServiceExtensions.GetRequiredService[T](IServiceProvider provider)
   at Microsoft.Extensions.DependencyInjection.SwaggerGenServiceCollectionExtensions.<>c.<AddSwaggerGen>b__0_1(IServiceProvider s)
   at Microsoft.Extensions.DependencyInjection.ServiceLookup.CallSiteVisitor`2.VisitCallSiteMain(ServiceCallSite callSite, TArgument argument)
   at Microsoft.Extensions.DependencyInjection.ServiceLookup.CallSiteVisitor`2.VisitCallSite(ServiceCallSite callSite, TArgument argument)
   at Microsoft.Extensions.DependencyInjection.ServiceLookup.CallSiteVisitor`2.VisitCallSiteMain(ServiceCallSite callSite, TArgument argument)
   at Microsoft.Extensions.DependencyInjection.ServiceLookup.CallSiteVisitor`2.VisitCallSite(ServiceCallSite callSite, TArgument argument)
   at Microsoft.Extensions.DependencyInjection.ServiceLookup.CallSiteRuntimeResolver.Resolve(ServiceCallSite callSite, ServiceProviderEngineScope scope)
   at Microsoft.Extensions.DependencyInjection.ServiceLookup.DynamicServiceProviderEngine.<>c__DisplayClass2_0.<RealizeService>b__0(ServiceProviderEngineScope scope)
   at Microsoft.Extensions.DependencyInjection.ServiceProvider.GetService(ServiceIdentifier serviceIdentifier, ServiceProviderEngineScope serviceProviderEngineScope)
   at Microsoft.Extensions.DependencyInjection.ServiceLookup.ServiceProviderEngineScope.GetService(Type serviceType)
   at lambda_method187(Closure, Object, HttpContext, IServiceProvider)
   at SmartLMS.Web.Middlewares.ApiExceptionHandlerMiddleware.Invoke(HttpContext context) in C:\code\asp.net\SmartLMS.Web\Middlewares\ApiExceptionHandlerMiddleware.cs:line 24
2026-04-20 15:08:13.193 +07:00 [ERR] An unhandled exception has occurred while executing the request.
System.ArgumentException: An item with the same key has already been added. Key: v1
   at SmartLMS.Web.Middlewares.ApiExceptionHandlerMiddleware.HandleExceptionAsync(HttpContext context, Exception exception) in C:\code\asp.net\SmartLMS.Web\Middlewares\ApiExceptionHandlerMiddleware.cs:line 54
   at SmartLMS.Web.Middlewares.ApiExceptionHandlerMiddleware.Invoke(HttpContext context) in C:\code\asp.net\SmartLMS.Web\Middlewares\ApiExceptionHandlerMiddleware.cs:line 29
   at Microsoft.AspNetCore.Diagnostics.DeveloperExceptionPageMiddlewareImpl.Invoke(HttpContext context)
2026-04-20 15:08:13.471 +07:00 [ERR] Đã xảy ra lỗi hệ thống (Unhandled Exception).
System.ArgumentException: An item with the same key has already been added. Key: v1
   at System.Collections.Generic.Dictionary`2.TryInsert(TKey key, TValue value, InsertionBehavior behavior)
   at System.Collections.Generic.Dictionary`2.Add(TKey key, TValue value)
   at Microsoft.Extensions.DependencyInjection.SwaggerGenOptionsExtensions.SwaggerDoc(SwaggerGenOptions swaggerGenOptions, String name, OpenApiInfo info)
   at Program.<>c.<<Main>$>b__0_17(SwaggerGenOptions c) in C:\code\asp.net\SmartLMS.Web\Program.cs:line 243
   at Microsoft.Extensions.Options.ConfigureNamedOptions`1.Configure(String name, TOptions options)
   at Microsoft.Extensions.Options.OptionsFactory`1.Create(String name)
   at Microsoft.Extensions.Options.UnnamedOptionsManager`1.get_Value()
   at Swashbuckle.AspNetCore.SwaggerGen.ConfigureSwaggerGeneratorOptions..ctor(IOptions`1 swaggerGenOptionsAccessor, IServiceProvider serviceProvider, IWebHostEnvironment hostingEnv)
   at InvokeStub_ConfigureSwaggerGeneratorOptions..ctor(Object, Span`1)
   at System.Reflection.MethodBaseInvoker.InvokeWithFewArgs(Object obj, BindingFlags invokeAttr, Binder binder, Object[] parameters, CultureInfo culture)
   at System.Reflection.RuntimeConstructorInfo.Invoke(BindingFlags invokeAttr, Binder binder, Object[] parameters, CultureInfo culture)
   at Microsoft.Extensions.DependencyInjection.ServiceLookup.CallSiteVisitor`2.VisitCallSiteMain(ServiceCallSite callSite, TArgument argument)
   at Microsoft.Extensions.DependencyInjection.ServiceLookup.CallSiteVisitor`2.VisitCallSite(ServiceCallSite callSite, TArgument argument)
   at Microsoft.Extensions.DependencyInjection.ServiceLookup.CallSiteRuntimeResolver.VisitIEnumerable(IEnumerableCallSite enumerableCallSite, RuntimeResolverContext context)
   at Microsoft.Extensions.DependencyInjection.ServiceLookup.CallSiteVisitor`2.VisitCallSiteMain(ServiceCallSite callSite, TArgument argument)
   at Microsoft.Extensions.DependencyInjection.ServiceLookup.CallSiteVisitor`2.VisitCallSite(ServiceCallSite callSite, TArgument argument)
   at Microsoft.Extensions.DependencyInjection.ServiceLookup.CallSiteVisitor`2.VisitCallSiteMain(ServiceCallSite callSite, TArgument argument)
   at Microsoft.Extensions.DependencyInjection.ServiceLookup.CallSiteVisitor`2.VisitCallSite(ServiceCallSite callSite, TArgument argument)
   at Microsoft.Extensions.DependencyInjection.ServiceLookup.CallSiteVisitor`2.VisitCallSiteMain(ServiceCallSite callSite, TArgument argument)
   at Microsoft.Extensions.DependencyInjection.ServiceLookup.CallSiteRuntimeResolver.VisitRootCache(ServiceCallSite callSite, RuntimeResolverContext context)
   at Microsoft.Extensions.DependencyInjection.ServiceLookup.CallSiteVisitor`2.VisitCallSite(ServiceCallSite callSite, TArgument argument)
   at Microsoft.Extensions.DependencyInjection.ServiceLookup.CallSiteRuntimeResolver.Resolve(ServiceCallSite callSite, ServiceProviderEngineScope scope)
   at Microsoft.Extensions.DependencyInjection.ServiceProvider.CreateServiceAccessor(ServiceIdentifier serviceIdentifier)
   at System.Collections.Concurrent.ConcurrentDictionary`2.GetOrAdd(TKey key, Func`2 valueFactory)
   at Microsoft.Extensions.DependencyInjection.ServiceProvider.GetService(ServiceIdentifier serviceIdentifier, ServiceProviderEngineScope serviceProviderEngineScope)
   at Microsoft.Extensions.DependencyInjection.ServiceLookup.ServiceProviderEngineScope.GetService(Type serviceType)
   at Microsoft.Extensions.DependencyInjection.ServiceProviderServiceExtensions.GetRequiredService(IServiceProvider provider, Type serviceType)
   at Microsoft.Extensions.DependencyInjection.ServiceProviderServiceExtensions.GetRequiredService[T](IServiceProvider provider)
   at Microsoft.Extensions.DependencyInjection.SwaggerGenServiceCollectionExtensions.<>c.<AddSwaggerGen>b__0_1(IServiceProvider s)
   at Microsoft.Extensions.DependencyInjection.ServiceLookup.CallSiteVisitor`2.VisitCallSiteMain(ServiceCallSite callSite, TArgument argument)
   at Microsoft.Extensions.DependencyInjection.ServiceLookup.CallSiteVisitor`2.VisitCallSite(ServiceCallSite callSite, TArgument argument)
   at Microsoft.Extensions.DependencyInjection.ServiceLookup.CallSiteVisitor`2.VisitCallSiteMain(ServiceCallSite callSite, TArgument argument)
   at Microsoft.Extensions.DependencyInjection.ServiceLookup.CallSiteVisitor`2.VisitCallSite(ServiceCallSite callSite, TArgument argument)
   at Microsoft.Extensions.DependencyInjection.ServiceLookup.CallSiteRuntimeResolver.Resolve(ServiceCallSite callSite, ServiceProviderEngineScope scope)
   at Microsoft.Extensions.DependencyInjection.ServiceLookup.DynamicServiceProviderEngine.<>c__DisplayClass2_0.<RealizeService>b__0(ServiceProviderEngineScope scope)
   at Microsoft.Extensions.DependencyInjection.ServiceProvider.GetService(ServiceIdentifier serviceIdentifier, ServiceProviderEngineScope serviceProviderEngineScope)
   at Microsoft.Extensions.DependencyInjection.ServiceLookup.ServiceProviderEngineScope.GetService(Type serviceType)
   at lambda_method187(Closure, Object, HttpContext, IServiceProvider)
   at SmartLMS.Web.Middlewares.ApiExceptionHandlerMiddleware.Invoke(HttpContext context) in C:\code\asp.net\SmartLMS.Web\Middlewares\ApiExceptionHandlerMiddleware.cs:line 24
2026-04-20 15:08:13.478 +07:00 [ERR] An unhandled exception has occurred while executing the request.
System.ArgumentException: An item with the same key has already been added. Key: v1
   at SmartLMS.Web.Middlewares.ApiExceptionHandlerMiddleware.HandleExceptionAsync(HttpContext context, Exception exception) in C:\code\asp.net\SmartLMS.Web\Middlewares\ApiExceptionHandlerMiddleware.cs:line 54
   at SmartLMS.Web.Middlewares.ApiExceptionHandlerMiddleware.Invoke(HttpContext context) in C:\code\asp.net\SmartLMS.Web\Middlewares\ApiExceptionHandlerMiddleware.cs:line 29
   at Microsoft.AspNetCore.Diagnostics.DeveloperExceptionPageMiddlewareImpl.Invoke(HttpContext context)
2026-04-20 15:08:13.496 +07:00 [ERR] Đã xảy ra lỗi hệ thống (Unhandled Exception).
System.ArgumentException: An item with the same key has already been added. Key: v1
   at System.Collections.Generic.Dictionary`2.TryInsert(TKey key, TValue value, InsertionBehavior behavior)
   at System.Collections.Generic.Dictionary`2.Add(TKey key, TValue value)
   at Microsoft.Extensions.DependencyInjection.SwaggerGenOptionsExtensions.SwaggerDoc(SwaggerGenOptions swaggerGenOptions, String name, OpenApiInfo info)
   at Program.<>c.<<Main>$>b__0_17(SwaggerGenOptions c) in C:\code\asp.net\SmartLMS.Web\Program.cs:line 243
   at Microsoft.Extensions.Options.ConfigureNamedOptions`1.Configure(String name, TOptions options)
   at Microsoft.Extensions.Options.OptionsFactory`1.Create(String name)
   at Microsoft.Extensions.Options.UnnamedOptionsManager`1.get_Value()
   at Swashbuckle.AspNetCore.SwaggerGen.ConfigureSwaggerGeneratorOptions..ctor(IOptions`1 swaggerGenOptionsAccessor, IServiceProvider serviceProvider, IWebHostEnvironment hostingEnv)
   at InvokeStub_ConfigureSwaggerGeneratorOptions..ctor(Object, Span`1)
   at System.Reflection.MethodBaseInvoker.InvokeWithFewArgs(Object obj, BindingFlags invokeAttr, Binder binder, Object[] parameters, CultureInfo culture)
   at System.Reflection.RuntimeConstructorInfo.Invoke(BindingFlags invokeAttr, Binder binder, Object[] parameters, CultureInfo culture)
   at Microsoft.Extensions.DependencyInjection.ServiceLookup.CallSiteVisitor`2.VisitCallSiteMain(ServiceCallSite callSite, TArgument argument)
   at Microsoft.Extensions.DependencyInjection.ServiceLookup.CallSiteVisitor`2.VisitCallSite(ServiceCallSite callSite, TArgument argument)
   at Microsoft.Extensions.DependencyInjection.ServiceLookup.CallSiteRuntimeResolver.VisitIEnumerable(IEnumerableCallSite enumerableCallSite, RuntimeResolverContext context)
   at Microsoft.Extensions.DependencyInjection.ServiceLookup.CallSiteVisitor`2.VisitCallSiteMain(ServiceCallSite callSite, TArgument argument)
   at Microsoft.Extensions.DependencyInjection.ServiceLookup.CallSiteVisitor`2.VisitCallSite(ServiceCallSite callSite, TArgument argument)
   at Microsoft.Extensions.DependencyInjection.ServiceLookup.CallSiteVisitor`2.VisitCallSiteMain(ServiceCallSite callSite, TArgument argument)
   at Microsoft.Extensions.DependencyInjection.ServiceLookup.CallSiteVisitor`2.VisitCallSite(ServiceCallSite callSite, TArgument argument)
   at Microsoft.Extensions.DependencyInjection.ServiceLookup.CallSiteVisitor`2.VisitCallSiteMain(ServiceCallSite callSite, TArgument argument)
   at Microsoft.Extensions.DependencyInjection.ServiceLookup.CallSiteRuntimeResolver.VisitRootCache(ServiceCallSite callSite, RuntimeResolverContext context)
   at Microsoft.Extensions.DependencyInjection.ServiceLookup.CallSiteVisitor`2.VisitCallSite(ServiceCallSite callSite, TArgument argument)
   at Microsoft.Extensions.DependencyInjection.ServiceLookup.CallSiteRuntimeResolver.Resolve(ServiceCallSite callSite, ServiceProviderEngineScope scope)
   at Microsoft.Extensions.DependencyInjection.ServiceProvider.CreateServiceAccessor(ServiceIdentifier serviceIdentifier)
   at System.Collections.Concurrent.ConcurrentDictionary`2.GetOrAdd(TKey key, Func`2 valueFactory)
   at Microsoft.Extensions.DependencyInjection.ServiceProvider.GetService(ServiceIdentifier serviceIdentifier, ServiceProviderEngineScope serviceProviderEngineScope)
   at Microsoft.Extensions.DependencyInjection.ServiceLookup.ServiceProviderEngineScope.GetService(Type serviceType)
   at Microsoft.Extensions.DependencyInjection.ServiceProviderServiceExtensions.GetRequiredService(IServiceProvider provider, Type serviceType)
   at Microsoft.Extensions.DependencyInjection.ServiceProviderServiceExtensions.GetRequiredService[T](IServiceProvider provider)
   at Microsoft.Extensions.DependencyInjection.SwaggerGenServiceCollectionExtensions.<>c.<AddSwaggerGen>b__0_1(IServiceProvider s)
   at Microsoft.Extensions.DependencyInjection.ServiceLookup.CallSiteVisitor`2.VisitCallSiteMain(ServiceCallSite callSite, TArgument argument)
   at Microsoft.Extensions.DependencyInjection.ServiceLookup.CallSiteVisitor`2.VisitCallSite(ServiceCallSite callSite, TArgument argument)
   at Microsoft.Extensions.DependencyInjection.ServiceLookup.CallSiteVisitor`2.VisitCallSiteMain(ServiceCallSite callSite, TArgument argument)
   at Microsoft.Extensions.DependencyInjection.ServiceLookup.CallSiteVisitor`2.VisitCallSite(ServiceCallSite callSite, TArgument argument)
   at Microsoft.Extensions.DependencyInjection.ServiceLookup.CallSiteRuntimeResolver.Resolve(ServiceCallSite callSite, ServiceProviderEngineScope scope)
   at Microsoft.Extensions.DependencyInjection.ServiceLookup.DynamicServiceProviderEngine.<>c__DisplayClass2_0.<RealizeService>b__0(ServiceProviderEngineScope scope)
   at Microsoft.Extensions.DependencyInjection.ServiceProvider.GetService(ServiceIdentifier serviceIdentifier, ServiceProviderEngineScope serviceProviderEngineScope)
   at Microsoft.Extensions.DependencyInjection.ServiceLookup.ServiceProviderEngineScope.GetService(Type serviceType)
   at lambda_method187(Closure, Object, HttpContext, IServiceProvider)
   at SmartLMS.Web.Middlewares.ApiExceptionHandlerMiddleware.Invoke(HttpContext context) in C:\code\asp.net\SmartLMS.Web\Middlewares\ApiExceptionHandlerMiddleware.cs:line 24
2026-04-20 15:08:13.501 +07:00 [ERR] An unhandled exception has occurred while executing the request.
System.ArgumentException: An item with the same key has already been added. Key: v1
   at SmartLMS.Web.Middlewares.ApiExceptionHandlerMiddleware.HandleExceptionAsync(HttpContext context, Exception exception) in C:\code\asp.net\SmartLMS.Web\Middlewares\ApiExceptionHandlerMiddleware.cs:line 54
   at SmartLMS.Web.Middlewares.ApiExceptionHandlerMiddleware.Invoke(HttpContext context) in C:\code\asp.net\SmartLMS.Web\Middlewares\ApiExceptionHandlerMiddleware.cs:line 29
   at Microsoft.AspNetCore.Diagnostics.DeveloperExceptionPageMiddlewareImpl.Invoke(HttpContext context)
2026-04-20 15:08:13.553 +07:00 [ERR] Đã xảy ra lỗi hệ thống (Unhandled Exception).
System.ArgumentException: An item with the same key has already been added. Key: v1
   at System.Collections.Generic.Dictionary`2.TryInsert(TKey key, TValue value, InsertionBehavior behavior)
   at System.Collections.Generic.Dictionary`2.Add(TKey key, TValue value)
   at Microsoft.Extensions.DependencyInjection.SwaggerGenOptionsExtensions.SwaggerDoc(SwaggerGenOptions swaggerGenOptions, String name, OpenApiInfo info)
   at Program.<>c.<<Main>$>b__0_17(SwaggerGenOptions c) in C:\code\asp.net\SmartLMS.Web\Program.cs:line 243
   at Microsoft.Extensions.Options.ConfigureNamedOptions`1.Configure(String name, TOptions options)
   at Microsoft.Extensions.Options.OptionsFactory`1.Create(String name)
   at Microsoft.Extensions.Options.UnnamedOptionsManager`1.get_Value()
   at Swashbuckle.AspNetCore.SwaggerGen.ConfigureSwaggerGeneratorOptions..ctor(IOptions`1 swaggerGenOptionsAccessor, IServiceProvider serviceProvider, IWebHostEnvironment hostingEnv)
   at InvokeStub_ConfigureSwaggerGeneratorOptions..ctor(Object, Span`1)
   at System.Reflection.MethodBaseInvoker.InvokeWithFewArgs(Object obj, BindingFlags invokeAttr, Binder binder, Object[] parameters, CultureInfo culture)
   at System.Reflection.RuntimeConstructorInfo.Invoke(BindingFlags invokeAttr, Binder binder, Object[] parameters, CultureInfo culture)
   at Microsoft.Extensions.DependencyInjection.ServiceLookup.CallSiteVisitor`2.VisitCallSiteMain(ServiceCallSite callSite, TArgument argument)
   at Microsoft.Extensions.DependencyInjection.ServiceLookup.CallSiteVisitor`2.VisitCallSite(ServiceCallSite callSite, TArgument argument)
   at Microsoft.Extensions.DependencyInjection.ServiceLookup.CallSiteRuntimeResolver.VisitIEnumerable(IEnumerableCallSite enumerableCallSite, RuntimeResolverContext context)
   at Microsoft.Extensions.DependencyInjection.ServiceLookup.CallSiteVisitor`2.VisitCallSiteMain(ServiceCallSite callSite, TArgument argument)
   at Microsoft.Extensions.DependencyInjection.ServiceLookup.CallSiteVisitor`2.VisitCallSite(ServiceCallSite callSite, TArgument argument)
   at Microsoft.Extensions.DependencyInjection.ServiceLookup.CallSiteVisitor`2.VisitCallSiteMain(ServiceCallSite callSite, TArgument argument)
   at Microsoft.Extensions.DependencyInjection.ServiceLookup.CallSiteVisitor`2.VisitCallSite(ServiceCallSite callSite, TArgument argument)
   at Microsoft.Extensions.DependencyInjection.ServiceLookup.CallSiteVisitor`2.VisitCallSiteMain(ServiceCallSite callSite, TArgument argument)
   at Microsoft.Extensions.DependencyInjection.ServiceLookup.CallSiteRuntimeResolver.VisitRootCache(ServiceCallSite callSite, RuntimeResolverContext context)
   at Microsoft.Extensions.DependencyInjection.ServiceLookup.CallSiteVisitor`2.VisitCallSite(ServiceCallSite callSite, TArgument argument)
   at Microsoft.Extensions.DependencyInjection.ServiceLookup.CallSiteRuntimeResolver.Resolve(ServiceCallSite callSite, ServiceProviderEngineScope scope)
   at Microsoft.Extensions.DependencyInjection.ServiceProvider.CreateServiceAccessor(ServiceIdentifier serviceIdentifier)
   at System.Collections.Concurrent.ConcurrentDictionary`2.GetOrAdd(TKey key, Func`2 valueFactory)
   at Microsoft.Extensions.DependencyInjection.ServiceProvider.GetService(ServiceIdentifier serviceIdentifier, ServiceProviderEngineScope serviceProviderEngineScope)
   at Microsoft.Extensions.DependencyInjection.ServiceLookup.ServiceProviderEngineScope.GetService(Type serviceType)
   at Microsoft.Extensions.DependencyInjection.ServiceProviderServiceExtensions.GetRequiredService(IServiceProvider provider, Type serviceType)
   at Microsoft.Extensions.DependencyInjection.ServiceProviderServiceExtensions.GetRequiredService[T](IServiceProvider provider)
   at Microsoft.Extensions.DependencyInjection.SwaggerGenServiceCollectionExtensions.<>c.<AddSwaggerGen>b__0_1(IServiceProvider s)
   at Microsoft.Extensions.DependencyInjection.ServiceLookup.CallSiteVisitor`2.VisitCallSiteMain(ServiceCallSite callSite, TArgument argument)
   at Microsoft.Extensions.DependencyInjection.ServiceLookup.CallSiteVisitor`2.VisitCallSite(ServiceCallSite callSite, TArgument argument)
   at Microsoft.Extensions.DependencyInjection.ServiceLookup.CallSiteVisitor`2.VisitCallSiteMain(ServiceCallSite callSite, TArgument argument)
   at Microsoft.Extensions.DependencyInjection.ServiceLookup.CallSiteVisitor`2.VisitCallSite(ServiceCallSite callSite, TArgument argument)
   at Microsoft.Extensions.DependencyInjection.ServiceLookup.CallSiteRuntimeResolver.Resolve(ServiceCallSite callSite, ServiceProviderEngineScope scope)
   at Microsoft.Extensions.DependencyInjection.ServiceLookup.DynamicServiceProviderEngine.<>c__DisplayClass2_0.<RealizeService>b__0(ServiceProviderEngineScope scope)
   at Microsoft.Extensions.DependencyInjection.ServiceProvider.GetService(ServiceIdentifier serviceIdentifier, ServiceProviderEngineScope serviceProviderEngineScope)
   at Microsoft.Extensions.DependencyInjection.ServiceLookup.ServiceProviderEngineScope.GetService(Type serviceType)
   at lambda_method187(Closure, Object, HttpContext, IServiceProvider)
   at SmartLMS.Web.Middlewares.ApiExceptionHandlerMiddleware.Invoke(HttpContext context) in C:\code\asp.net\SmartLMS.Web\Middlewares\ApiExceptionHandlerMiddleware.cs:line 24
2026-04-20 15:08:13.557 +07:00 [ERR] An unhandled exception has occurred while executing the request.
System.ArgumentException: An item with the same key has already been added. Key: v1
   at SmartLMS.Web.Middlewares.ApiExceptionHandlerMiddleware.HandleExceptionAsync(HttpContext context, Exception exception) in C:\code\asp.net\SmartLMS.Web\Middlewares\ApiExceptionHandlerMiddleware.cs:line 54
   at SmartLMS.Web.Middlewares.ApiExceptionHandlerMiddleware.Invoke(HttpContext context) in C:\code\asp.net\SmartLMS.Web\Middlewares\ApiExceptionHandlerMiddleware.cs:line 29
   at Microsoft.AspNetCore.Diagnostics.DeveloperExceptionPageMiddlewareImpl.Invoke(HttpContext context)
2026-04-20 15:08:16.625 +07:00 [ERR] Đã xảy ra lỗi hệ thống (Unhandled Exception).
System.ArgumentException: An item with the same key has already been added. Key: v1
   at System.Collections.Generic.Dictionary`2.TryInsert(TKey key, TValue value, InsertionBehavior behavior)
   at System.Collections.Generic.Dictionary`2.Add(TKey key, TValue value)
   at Microsoft.Extensions.DependencyInjection.SwaggerGenOptionsExtensions.SwaggerDoc(SwaggerGenOptions swaggerGenOptions, String name, OpenApiInfo info)
   at Program.<>c.<<Main>$>b__0_17(SwaggerGenOptions c) in C:\code\asp.net\SmartLMS.Web\Program.cs:line 243
   at Microsoft.Extensions.Options.ConfigureNamedOptions`1.Configure(String name, TOptions options)
   at Microsoft.Extensions.Options.OptionsFactory`1.Create(String name)
   at Microsoft.Extensions.Options.UnnamedOptionsManager`1.get_Value()
   at Swashbuckle.AspNetCore.SwaggerGen.ConfigureSwaggerGeneratorOptions..ctor(IOptions`1 swaggerGenOptionsAccessor, IServiceProvider serviceProvider, IWebHostEnvironment hostingEnv)
   at InvokeStub_ConfigureSwaggerGeneratorOptions..ctor(Object, Span`1)
   at System.Reflection.MethodBaseInvoker.InvokeWithFewArgs(Object obj, BindingFlags invokeAttr, Binder binder, Object[] parameters, CultureInfo culture)
   at System.Reflection.RuntimeConstructorInfo.Invoke(BindingFlags invokeAttr, Binder binder, Object[] parameters, CultureInfo culture)
   at Microsoft.Extensions.DependencyInjection.ServiceLookup.CallSiteVisitor`2.VisitCallSiteMain(ServiceCallSite callSite, TArgument argument)
   at Microsoft.Extensions.DependencyInjection.ServiceLookup.CallSiteVisitor`2.VisitCallSite(ServiceCallSite callSite, TArgument argument)
   at Microsoft.Extensions.DependencyInjection.ServiceLookup.CallSiteRuntimeResolver.VisitIEnumerable(IEnumerableCallSite enumerableCallSite, RuntimeResolverContext context)
   at Microsoft.Extensions.DependencyInjection.ServiceLookup.CallSiteVisitor`2.VisitCallSiteMain(ServiceCallSite callSite, TArgument argument)
   at Microsoft.Extensions.DependencyInjection.ServiceLookup.CallSiteVisitor`2.VisitCallSite(ServiceCallSite callSite, TArgument argument)
   at Microsoft.Extensions.DependencyInjection.ServiceLookup.CallSiteVisitor`2.VisitCallSiteMain(ServiceCallSite callSite, TArgument argument)
   at Microsoft.Extensions.DependencyInjection.ServiceLookup.CallSiteVisitor`2.VisitCallSite(ServiceCallSite callSite, TArgument argument)
   at Microsoft.Extensions.DependencyInjection.ServiceLookup.CallSiteVisitor`2.VisitCallSiteMain(ServiceCallSite callSite, TArgument argument)
   at Microsoft.Extensions.DependencyInjection.ServiceLookup.CallSiteRuntimeResolver.VisitRootCache(ServiceCallSite callSite, RuntimeResolverContext context)
   at Microsoft.Extensions.DependencyInjection.ServiceLookup.CallSiteVisitor`2.VisitCallSite(ServiceCallSite callSite, TArgument argument)
   at Microsoft.Extensions.DependencyInjection.ServiceLookup.CallSiteRuntimeResolver.Resolve(ServiceCallSite callSite, ServiceProviderEngineScope scope)
   at Microsoft.Extensions.DependencyInjection.ServiceProvider.CreateServiceAccessor(ServiceIdentifier serviceIdentifier)
   at System.Collections.Concurrent.ConcurrentDictionary`2.GetOrAdd(TKey key, Func`2 valueFactory)
   at Microsoft.Extensions.DependencyInjection.ServiceProvider.GetService(ServiceIdentifier serviceIdentifier, ServiceProviderEngineScope serviceProviderEngineScope)
   at Microsoft.Extensions.DependencyInjection.ServiceLookup.ServiceProviderEngineScope.GetService(Type serviceType)
   at Microsoft.Extensions.DependencyInjection.ServiceProviderServiceExtensions.GetRequiredService(IServiceProvider provider, Type serviceType)
   at Microsoft.Extensions.DependencyInjection.ServiceProviderServiceExtensions.GetRequiredService[T](IServiceProvider provider)
   at Microsoft.Extensions.DependencyInjection.SwaggerGenServiceCollectionExtensions.<>c.<AddSwaggerGen>b__0_1(IServiceProvider s)
   at Microsoft.Extensions.DependencyInjection.ServiceLookup.CallSiteVisitor`2.VisitCallSiteMain(ServiceCallSite callSite, TArgument argument)
   at Microsoft.Extensions.DependencyInjection.ServiceLookup.CallSiteVisitor`2.VisitCallSite(ServiceCallSite callSite, TArgument argument)
   at Microsoft.Extensions.DependencyInjection.ServiceLookup.CallSiteVisitor`2.VisitCallSiteMain(ServiceCallSite callSite, TArgument argument)
   at Microsoft.Extensions.DependencyInjection.ServiceLookup.CallSiteVisitor`2.VisitCallSite(ServiceCallSite callSite, TArgument argument)
   at Microsoft.Extensions.DependencyInjection.ServiceLookup.CallSiteRuntimeResolver.Resolve(ServiceCallSite callSite, ServiceProviderEngineScope scope)
   at Microsoft.Extensions.DependencyInjection.ServiceLookup.DynamicServiceProviderEngine.<>c__DisplayClass2_0.<RealizeService>b__0(ServiceProviderEngineScope scope)
   at Microsoft.Extensions.DependencyInjection.ServiceProvider.GetService(ServiceIdentifier serviceIdentifier, ServiceProviderEngineScope serviceProviderEngineScope)
   at Microsoft.Extensions.DependencyInjection.ServiceLookup.ServiceProviderEngineScope.GetService(Type serviceType)
   at lambda_method187(Closure, Object, HttpContext, IServiceProvider)
   at SmartLMS.Web.Middlewares.ApiExceptionHandlerMiddleware.Invoke(HttpContext context) in C:\code\asp.net\SmartLMS.Web\Middlewares\ApiExceptionHandlerMiddleware.cs:line 24
2026-04-20 15:08:16.628 +07:00 [ERR] An unhandled exception has occurred while executing the request.
System.ArgumentException: An item with the same key has already been added. Key: v1
   at SmartLMS.Web.Middlewares.ApiExceptionHandlerMiddleware.HandleExceptionAsync(HttpContext context, Exception exception) in C:\code\asp.net\SmartLMS.Web\Middlewares\ApiExceptionHandlerMiddleware.cs:line 54
   at SmartLMS.Web.Middlewares.ApiExceptionHandlerMiddleware.Invoke(HttpContext context) in C:\code\asp.net\SmartLMS.Web\Middlewares\ApiExceptionHandlerMiddleware.cs:line 29
   at Microsoft.AspNetCore.Diagnostics.DeveloperExceptionPageMiddlewareImpl.Invoke(HttpContext context)
2026-04-20 15:08:17.821 +07:00 [ERR] Đã xảy ra lỗi hệ thống (Unhandled Exception).
System.ArgumentException: An item with the same key has already been added. Key: v1
   at System.Collections.Generic.Dictionary`2.TryInsert(TKey key, TValue value, InsertionBehavior behavior)
   at System.Collections.Generic.Dictionary`2.Add(TKey key, TValue value)
   at Microsoft.Extensions.DependencyInjection.SwaggerGenOptionsExtensions.SwaggerDoc(SwaggerGenOptions swaggerGenOptions, String name, OpenApiInfo info)
   at Program.<>c.<<Main>$>b__0_17(SwaggerGenOptions c) in C:\code\asp.net\SmartLMS.Web\Program.cs:line 243
   at Microsoft.Extensions.Options.ConfigureNamedOptions`1.Configure(String name, TOptions options)
   at Microsoft.Extensions.Options.OptionsFactory`1.Create(String name)
   at Microsoft.Extensions.Options.UnnamedOptionsManager`1.get_Value()
   at Swashbuckle.AspNetCore.SwaggerGen.ConfigureSwaggerGeneratorOptions..ctor(IOptions`1 swaggerGenOptionsAccessor, IServiceProvider serviceProvider, IWebHostEnvironment hostingEnv)
   at InvokeStub_ConfigureSwaggerGeneratorOptions..ctor(Object, Span`1)
   at System.Reflection.MethodBaseInvoker.InvokeWithFewArgs(Object obj, BindingFlags invokeAttr, Binder binder, Object[] parameters, CultureInfo culture)
   at System.Reflection.RuntimeConstructorInfo.Invoke(BindingFlags invokeAttr, Binder binder, Object[] parameters, CultureInfo culture)
   at Microsoft.Extensions.DependencyInjection.ServiceLookup.CallSiteVisitor`2.VisitCallSiteMain(ServiceCallSite callSite, TArgument argument)
   at Microsoft.Extensions.DependencyInjection.ServiceLookup.CallSiteVisitor`2.VisitCallSite(ServiceCallSite callSite, TArgument argument)
   at Microsoft.Extensions.DependencyInjection.ServiceLookup.CallSiteRuntimeResolver.VisitIEnumerable(IEnumerableCallSite enumerableCallSite, RuntimeResolverContext context)
   at Microsoft.Extensions.DependencyInjection.ServiceLookup.CallSiteVisitor`2.VisitCallSiteMain(ServiceCallSite callSite, TArgument argument)
   at Microsoft.Extensions.DependencyInjection.ServiceLookup.CallSiteVisitor`2.VisitCallSite(ServiceCallSite callSite, TArgument argument)
   at Microsoft.Extensions.DependencyInjection.ServiceLookup.CallSiteVisitor`2.VisitCallSiteMain(ServiceCallSite callSite, TArgument argument)
   at Microsoft.Extensions.DependencyInjection.ServiceLookup.CallSiteVisitor`2.VisitCallSite(ServiceCallSite callSite, TArgument argument)
   at Microsoft.Extensions.DependencyInjection.ServiceLookup.CallSiteVisitor`2.VisitCallSiteMain(ServiceCallSite callSite, TArgument argument)
   at Microsoft.Extensions.DependencyInjection.ServiceLookup.CallSiteRuntimeResolver.VisitRootCache(ServiceCallSite callSite, RuntimeResolverContext context)
   at Microsoft.Extensions.DependencyInjection.ServiceLookup.CallSiteVisitor`2.VisitCallSite(ServiceCallSite callSite, TArgument argument)
   at Microsoft.Extensions.DependencyInjection.ServiceLookup.CallSiteRuntimeResolver.Resolve(ServiceCallSite callSite, ServiceProviderEngineScope scope)
   at Microsoft.Extensions.DependencyInjection.ServiceProvider.CreateServiceAccessor(ServiceIdentifier serviceIdentifier)
   at System.Collections.Concurrent.ConcurrentDictionary`2.GetOrAdd(TKey key, Func`2 valueFactory)
   at Microsoft.Extensions.DependencyInjection.ServiceProvider.GetService(ServiceIdentifier serviceIdentifier, ServiceProviderEngineScope serviceProviderEngineScope)
   at Microsoft.Extensions.DependencyInjection.ServiceLookup.ServiceProviderEngineScope.GetService(Type serviceType)
   at Microsoft.Extensions.DependencyInjection.ServiceProviderServiceExtensions.GetRequiredService(IServiceProvider provider, Type serviceType)
   at Microsoft.Extensions.DependencyInjection.ServiceProviderServiceExtensions.GetRequiredService[T](IServiceProvider provider)
   at Microsoft.Extensions.DependencyInjection.SwaggerGenServiceCollectionExtensions.<>c.<AddSwaggerGen>b__0_1(IServiceProvider s)
   at Microsoft.Extensions.DependencyInjection.ServiceLookup.CallSiteVisitor`2.VisitCallSiteMain(ServiceCallSite callSite, TArgument argument)
   at Microsoft.Extensions.DependencyInjection.ServiceLookup.CallSiteVisitor`2.VisitCallSite(ServiceCallSite callSite, TArgument argument)
   at Microsoft.Extensions.DependencyInjection.ServiceLookup.CallSiteVisitor`2.VisitCallSiteMain(ServiceCallSite callSite, TArgument argument)
   at Microsoft.Extensions.DependencyInjection.ServiceLookup.CallSiteVisitor`2.VisitCallSite(ServiceCallSite callSite, TArgument argument)
   at Microsoft.Extensions.DependencyInjection.ServiceLookup.CallSiteRuntimeResolver.Resolve(ServiceCallSite callSite, ServiceProviderEngineScope scope)
   at Microsoft.Extensions.DependencyInjection.ServiceLookup.DynamicServiceProviderEngine.<>c__DisplayClass2_0.<RealizeService>b__0(ServiceProviderEngineScope scope)
   at Microsoft.Extensions.DependencyInjection.ServiceProvider.GetService(ServiceIdentifier serviceIdentifier, ServiceProviderEngineScope serviceProviderEngineScope)
   at Microsoft.Extensions.DependencyInjection.ServiceLookup.ServiceProviderEngineScope.GetService(Type serviceType)
   at lambda_method187(Closure, Object, HttpContext, IServiceProvider)
   at SmartLMS.Web.Middlewares.ApiExceptionHandlerMiddleware.Invoke(HttpContext context) in C:\code\asp.net\SmartLMS.Web\Middlewares\ApiExceptionHandlerMiddleware.cs:line 24
2026-04-20 15:08:17.826 +07:00 [ERR] An unhandled exception has occurred while executing the request.
System.ArgumentException: An item with the same key has already been added. Key: v1
   at SmartLMS.Web.Middlewares.ApiExceptionHandlerMiddleware.HandleExceptionAsync(HttpContext context, Exception exception) in C:\code\asp.net\SmartLMS.Web\Middlewares\ApiExceptionHandlerMiddleware.cs:line 54
   at SmartLMS.Web.Middlewares.ApiExceptionHandlerMiddleware.Invoke(HttpContext context) in C:\code\asp.net\SmartLMS.Web\Middlewares\ApiExceptionHandlerMiddleware.cs:line 29
   at Microsoft.AspNetCore.Diagnostics.DeveloperExceptionPageMiddlewareImpl.Invoke(HttpContext context)
2026-04-20 15:08:17.928 +07:00 [ERR] Đã xảy ra lỗi hệ thống (Unhandled Exception).
System.ArgumentException: An item with the same key has already been added. Key: v1
   at System.Collections.Generic.Dictionary`2.TryInsert(TKey key, TValue value, InsertionBehavior behavior)
   at System.Collections.Generic.Dictionary`2.Add(TKey key, TValue value)
   at Microsoft.Extensions.DependencyInjection.SwaggerGenOptionsExtensions.SwaggerDoc(SwaggerGenOptions swaggerGenOptions, String name, OpenApiInfo info)
   at Program.<>c.<<Main>$>b__0_17(SwaggerGenOptions c) in C:\code\asp.net\SmartLMS.Web\Program.cs:line 243
   at Microsoft.Extensions.Options.ConfigureNamedOptions`1.Configure(String name, TOptions options)
   at Microsoft.Extensions.Options.OptionsFactory`1.Create(String name)
   at Microsoft.Extensions.Options.UnnamedOptionsManager`1.get_Value()
   at Swashbuckle.AspNetCore.SwaggerGen.ConfigureSwaggerGeneratorOptions..ctor(IOptions`1 swaggerGenOptionsAccessor, IServiceProvider serviceProvider, IWebHostEnvironment hostingEnv)
   at InvokeStub_ConfigureSwaggerGeneratorOptions..ctor(Object, Span`1)
   at System.Reflection.MethodBaseInvoker.InvokeWithFewArgs(Object obj, BindingFlags invokeAttr, Binder binder, Object[] parameters, CultureInfo culture)
   at System.Reflection.RuntimeConstructorInfo.Invoke(BindingFlags invokeAttr, Binder binder, Object[] parameters, CultureInfo culture)
   at Microsoft.Extensions.DependencyInjection.ServiceLookup.CallSiteVisitor`2.VisitCallSiteMain(ServiceCallSite callSite, TArgument argument)
   at Microsoft.Extensions.DependencyInjection.ServiceLookup.CallSiteVisitor`2.VisitCallSite(ServiceCallSite callSite, TArgument argument)
   at Microsoft.Extensions.DependencyInjection.ServiceLookup.CallSiteRuntimeResolver.VisitIEnumerable(IEnumerableCallSite enumerableCallSite, RuntimeResolverContext context)
   at Microsoft.Extensions.DependencyInjection.ServiceLookup.CallSiteVisitor`2.VisitCallSiteMain(ServiceCallSite callSite, TArgument argument)
   at Microsoft.Extensions.DependencyInjection.ServiceLookup.CallSiteVisitor`2.VisitCallSite(ServiceCallSite callSite, TArgument argument)
   at Microsoft.Extensions.DependencyInjection.ServiceLookup.CallSiteVisitor`2.VisitCallSiteMain(ServiceCallSite callSite, TArgument argument)
   at Microsoft.Extensions.DependencyInjection.ServiceLookup.CallSiteVisitor`2.VisitCallSite(ServiceCallSite callSite, TArgument argument)
   at Microsoft.Extensions.DependencyInjection.ServiceLookup.CallSiteVisitor`2.VisitCallSiteMain(ServiceCallSite callSite, TArgument argument)
   at Microsoft.Extensions.DependencyInjection.ServiceLookup.CallSiteRuntimeResolver.VisitRootCache(ServiceCallSite callSite, RuntimeResolverContext context)
   at Microsoft.Extensions.DependencyInjection.ServiceLookup.CallSiteVisitor`2.VisitCallSite(ServiceCallSite callSite, TArgument argument)
   at Microsoft.Extensions.DependencyInjection.ServiceLookup.CallSiteRuntimeResolver.Resolve(ServiceCallSite callSite, ServiceProviderEngineScope scope)
   at Microsoft.Extensions.DependencyInjection.ServiceProvider.CreateServiceAccessor(ServiceIdentifier serviceIdentifier)
   at System.Collections.Concurrent.ConcurrentDictionary`2.GetOrAdd(TKey key, Func`2 valueFactory)
   at Microsoft.Extensions.DependencyInjection.ServiceProvider.GetService(ServiceIdentifier serviceIdentifier, ServiceProviderEngineScope serviceProviderEngineScope)
   at Microsoft.Extensions.DependencyInjection.ServiceLookup.ServiceProviderEngineScope.GetService(Type serviceType)
   at Microsoft.Extensions.DependencyInjection.ServiceProviderServiceExtensions.GetRequiredService(IServiceProvider provider, Type serviceType)
   at Microsoft.Extensions.DependencyInjection.ServiceProviderServiceExtensions.GetRequiredService[T](IServiceProvider provider)
   at Microsoft.Extensions.DependencyInjection.SwaggerGenServiceCollectionExtensions.<>c.<AddSwaggerGen>b__0_1(IServiceProvider s)
   at Microsoft.Extensions.DependencyInjection.ServiceLookup.CallSiteVisitor`2.VisitCallSiteMain(ServiceCallSite callSite, TArgument argument)
   at Microsoft.Extensions.DependencyInjection.ServiceLookup.CallSiteVisitor`2.VisitCallSite(ServiceCallSite callSite, TArgument argument)
   at Microsoft.Extensions.DependencyInjection.ServiceLookup.CallSiteVisitor`2.VisitCallSiteMain(ServiceCallSite callSite, TArgument argument)
   at Microsoft.Extensions.DependencyInjection.ServiceLookup.CallSiteVisitor`2.VisitCallSite(ServiceCallSite callSite, TArgument argument)
   at Microsoft.Extensions.DependencyInjection.ServiceLookup.CallSiteRuntimeResolver.Resolve(ServiceCallSite callSite, ServiceProviderEngineScope scope)
   at Microsoft.Extensions.DependencyInjection.ServiceLookup.DynamicServiceProviderEngine.<>c__DisplayClass2_0.<RealizeService>b__0(ServiceProviderEngineScope scope)
   at Microsoft.Extensions.DependencyInjection.ServiceProvider.GetService(ServiceIdentifier serviceIdentifier, ServiceProviderEngineScope serviceProviderEngineScope)
   at Microsoft.Extensions.DependencyInjection.ServiceLookup.ServiceProviderEngineScope.GetService(Type serviceType)
   at lambda_method187(Closure, Object, HttpContext, IServiceProvider)
   at SmartLMS.Web.Middlewares.ApiExceptionHandlerMiddleware.Invoke(HttpContext context) in C:\code\asp.net\SmartLMS.Web\Middlewares\ApiExceptionHandlerMiddleware.cs:line 24
2026-04-20 15:08:17.931 +07:00 [ERR] An unhandled exception has occurred while executing the request.
System.ArgumentException: An item with the same key has already been added. Key: v1
   at SmartLMS.Web.Middlewares.ApiExceptionHandlerMiddleware.HandleExceptionAsync(HttpContext context, Exception exception) in C:\code\asp.net\SmartLMS.Web\Middlewares\ApiExceptionHandlerMiddleware.cs:line 54
   at SmartLMS.Web.Middlewares.ApiExceptionHandlerMiddleware.Invoke(HttpContext context) in C:\code\asp.net\SmartLMS.Web\Middlewares\ApiExceptionHandlerMiddleware.cs:line 29
   at Microsoft.AspNetCore.Diagnostics.DeveloperExceptionPageMiddlewareImpl.Invoke(HttpContext context)
2026-04-20 15:08:29.649 +07:00 [INF] Server desktop-36u3ca2:15860:3f450ede caught stopping signal...
2026-04-20 15:08:30.162 +07:00 [INF] Server desktop-36u3ca2:15860:3f450ede caught stopped signal...
2026-04-20 15:08:30.274 +07:00 [INF] Server desktop-36u3ca2:15860:3f450ede All dispatchers stopped
2026-04-20 15:08:30.288 +07:00 [INF] Server desktop-36u3ca2:15860:3f450ede successfully reported itself as stopped in 9.2965 ms
2026-04-20 15:08:30.289 +07:00 [INF] Server desktop-36u3ca2:15860:3f450ede has been stopped in total 638.014 ms
2026-04-20 15:08:42.784 +07:00 [WRN] Entity 'Exam' has a global query filter defined and is the required end of a relationship with the entity 'ExamQuestion'. This may lead to unexpected results when the required entity is filtered out. Either configure the navigation as optional, or define matching query filters for both entities in the navigation. See https://go.microsoft.com/fwlink/?linkid=2131316 for more information.
2026-04-20 15:08:42.837 +07:00 [WRN] Entity 'Exam' has a global query filter defined and is the required end of a relationship with the entity 'QuizAttempt'. This may lead to unexpected results when the required entity is filtered out. Either configure the navigation as optional, or define matching query filters for both entities in the navigation. See https://go.microsoft.com/fwlink/?linkid=2131316 for more information.
2026-04-20 15:08:42.930 +07:00 [WRN] No store type was specified for the decimal property 'AI_BaseSalaryImpact' on entity type 'Course'. This will cause values to be silently truncated if they do not fit in the default precision and scale. Explicitly specify the SQL server column type that can accommodate all the values in 'OnModelCreating' using 'HasColumnType', specify precision and scale using 'HasPrecision', or configure a value converter using 'HasConversion'.
2026-04-20 15:08:42.933 +07:00 [WRN] No store type was specified for the decimal property 'DiscountPrice' on entity type 'Course'. This will cause values to be silently truncated if they do not fit in the default precision and scale. Explicitly specify the SQL server column type that can accommodate all the values in 'OnModelCreating' using 'HasColumnType', specify precision and scale using 'HasPrecision', or configure a value converter using 'HasConversion'.
2026-04-20 15:08:44.113 +07:00 [INF] Start installing Hangfire SQL objects...
2026-04-20 15:08:44.530 +07:00 [INF] Hangfire SQL objects installed.
2026-04-20 15:08:44.888 +07:00 [INF] Assessment Event Handler is starting...
2026-04-20 15:08:44.972 +07:00 [INF] Starting Hangfire Server using job storage: 'SQL Server: localhost@SmartLMS'
2026-04-20 15:08:44.973 +07:00 [INF] Using the following options for SQL Server job storage: Queue poll interval: 00:00:00.
2026-04-20 15:08:44.975 +07:00 [INF] Using the following options for Hangfire Server:
    Worker count: 20
    Listening queues: 'default'
    Shutdown timeout: 00:00:15
    Schedule polling interval: 00:00:15
2026-04-20 15:08:45.010 +07:00 [INF] Server desktop-36u3ca2:19536:a32d4a67 successfully announced in 20.8328 ms
2026-04-20 15:08:45.016 +07:00 [INF] Server desktop-36u3ca2:19536:a32d4a67 is starting the registered dispatchers: ServerWatchdog, ServerJobCancellationWatcher, SqlServerHeartbeatProcess, ExpirationManager, CountersAggregator, Worker, DelayedJobScheduler, RecurringJobScheduler...
2026-04-20 15:08:45.025 +07:00 [INF] Server desktop-36u3ca2:19536:a32d4a67 all the dispatchers started
2026-04-20 15:08:49.801 +07:00 [ERR] Đã xảy ra lỗi hệ thống (Unhandled Exception).
System.ArgumentException: An item with the same key has already been added. Key: v1
   at System.Collections.Generic.Dictionary`2.TryInsert(TKey key, TValue value, InsertionBehavior behavior)
   at System.Collections.Generic.Dictionary`2.Add(TKey key, TValue value)
   at Microsoft.Extensions.DependencyInjection.SwaggerGenOptionsExtensions.SwaggerDoc(SwaggerGenOptions swaggerGenOptions, String name, OpenApiInfo info)
   at Program.<>c.<<Main>$>b__0_17(SwaggerGenOptions c) in C:\code\asp.net\SmartLMS.Web\Program.cs:line 243
   at Microsoft.Extensions.Options.ConfigureNamedOptions`1.Configure(String name, TOptions options)
   at Microsoft.Extensions.Options.OptionsFactory`1.Create(String name)
   at Microsoft.Extensions.Options.UnnamedOptionsManager`1.get_Value()
   at Swashbuckle.AspNetCore.SwaggerGen.ConfigureSwaggerGeneratorOptions..ctor(IOptions`1 swaggerGenOptionsAccessor, IServiceProvider serviceProvider, IWebHostEnvironment hostingEnv)
   at System.RuntimeMethodHandle.InvokeMethod(Object target, Void** arguments, Signature sig, Boolean isConstructor)
   at System.Reflection.MethodBaseInvoker.InvokeDirectByRefWithFewArgs(Object obj, Span`1 copyOfArgs, BindingFlags invokeAttr)
   at System.Reflection.MethodBaseInvoker.InvokeWithFewArgs(Object obj, BindingFlags invokeAttr, Binder binder, Object[] parameters, CultureInfo culture)
   at System.Reflection.RuntimeConstructorInfo.Invoke(BindingFlags invokeAttr, Binder binder, Object[] parameters, CultureInfo culture)
   at Microsoft.Extensions.DependencyInjection.ServiceLookup.CallSiteRuntimeResolver.VisitConstructor(ConstructorCallSite constructorCallSite, RuntimeResolverContext context)
   at Microsoft.Extensions.DependencyInjection.ServiceLookup.CallSiteVisitor`2.VisitCallSiteMain(ServiceCallSite callSite, TArgument argument)
   at Microsoft.Extensions.DependencyInjection.ServiceLookup.CallSiteRuntimeResolver.VisitDisposeCache(ServiceCallSite transientCallSite, RuntimeResolverContext context)
   at Microsoft.Extensions.DependencyInjection.ServiceLookup.CallSiteVisitor`2.VisitCallSite(ServiceCallSite callSite, TArgument argument)
   at Microsoft.Extensions.DependencyInjection.ServiceLookup.CallSiteRuntimeResolver.VisitIEnumerable(IEnumerableCallSite enumerableCallSite, RuntimeResolverContext context)
   at Microsoft.Extensions.DependencyInjection.ServiceLookup.CallSiteVisitor`2.VisitCallSiteMain(ServiceCallSite callSite, TArgument argument)
   at Microsoft.Extensions.DependencyInjection.ServiceLookup.CallSiteVisitor`2.VisitNoCache(ServiceCallSite callSite, TArgument argument)
   at Microsoft.Extensions.DependencyInjection.ServiceLookup.CallSiteVisitor`2.VisitCallSite(ServiceCallSite callSite, TArgument argument)
   at Microsoft.Extensions.DependencyInjection.ServiceLookup.CallSiteRuntimeResolver.VisitConstructor(ConstructorCallSite constructorCallSite, RuntimeResolverContext context)
   at Microsoft.Extensions.DependencyInjection.ServiceLookup.CallSiteVisitor`2.VisitCallSiteMain(ServiceCallSite callSite, TArgument argument)
   at Microsoft.Extensions.DependencyInjection.ServiceLookup.CallSiteRuntimeResolver.VisitDisposeCache(ServiceCallSite transientCallSite, RuntimeResolverContext context)
   at Microsoft.Extensions.DependencyInjection.ServiceLookup.CallSiteVisitor`2.VisitCallSite(ServiceCallSite callSite, TArgument argument)
   at Microsoft.Extensions.DependencyInjection.ServiceLookup.CallSiteRuntimeResolver.VisitConstructor(ConstructorCallSite constructorCallSite, RuntimeResolverContext context)
   at Microsoft.Extensions.DependencyInjection.ServiceLookup.CallSiteVisitor`2.VisitCallSiteMain(ServiceCallSite callSite, TArgument argument)
   at Microsoft.Extensions.DependencyInjection.ServiceLookup.CallSiteRuntimeResolver.VisitRootCache(ServiceCallSite callSite, RuntimeResolverContext context)
   at Microsoft.Extensions.DependencyInjection.ServiceLookup.CallSiteVisitor`2.VisitCallSite(ServiceCallSite callSite, TArgument argument)
   at Microsoft.Extensions.DependencyInjection.ServiceLookup.CallSiteRuntimeResolver.Resolve(ServiceCallSite callSite, ServiceProviderEngineScope scope)
   at Microsoft.Extensions.DependencyInjection.ServiceProvider.CreateServiceAccessor(ServiceIdentifier serviceIdentifier)
   at System.Collections.Concurrent.ConcurrentDictionary`2.GetOrAdd(TKey key, Func`2 valueFactory)
   at Microsoft.Extensions.DependencyInjection.ServiceProvider.GetService(ServiceIdentifier serviceIdentifier, ServiceProviderEngineScope serviceProviderEngineScope)
   at Microsoft.Extensions.DependencyInjection.ServiceLookup.ServiceProviderEngineScope.GetService(Type serviceType)
   at Microsoft.Extensions.DependencyInjection.ServiceProviderServiceExtensions.GetRequiredService(IServiceProvider provider, Type serviceType)
   at Microsoft.Extensions.DependencyInjection.ServiceProviderServiceExtensions.GetRequiredService[T](IServiceProvider provider)
   at Microsoft.Extensions.DependencyInjection.SwaggerGenServiceCollectionExtensions.<>c.<AddSwaggerGen>b__0_1(IServiceProvider s)
   at Microsoft.Extensions.DependencyInjection.ServiceLookup.CallSiteRuntimeResolver.VisitFactory(FactoryCallSite factoryCallSite, RuntimeResolverContext context)
   at Microsoft.Extensions.DependencyInjection.ServiceLookup.CallSiteVisitor`2.VisitCallSiteMain(ServiceCallSite callSite, TArgument argument)
   at Microsoft.Extensions.DependencyInjection.ServiceLookup.CallSiteRuntimeResolver.VisitDisposeCache(ServiceCallSite transientCallSite, RuntimeResolverContext context)
   at Microsoft.Extensions.DependencyInjection.ServiceLookup.CallSiteVisitor`2.VisitCallSite(ServiceCallSite callSite, TArgument argument)
   at Microsoft.Extensions.DependencyInjection.ServiceLookup.CallSiteRuntimeResolver.VisitConstructor(ConstructorCallSite constructorCallSite, RuntimeResolverContext context)
   at Microsoft.Extensions.DependencyInjection.ServiceLookup.CallSiteVisitor`2.VisitCallSiteMain(ServiceCallSite callSite, TArgument argument)
   at Microsoft.Extensions.DependencyInjection.ServiceLookup.CallSiteRuntimeResolver.VisitDisposeCache(ServiceCallSite transientCallSite, RuntimeResolverContext context)
   at Microsoft.Extensions.DependencyInjection.ServiceLookup.CallSiteVisitor`2.VisitCallSite(ServiceCallSite callSite, TArgument argument)
   at Microsoft.Extensions.DependencyInjection.ServiceLookup.CallSiteRuntimeResolver.Resolve(ServiceCallSite callSite, ServiceProviderEngineScope scope)
   at Microsoft.Extensions.DependencyInjection.ServiceLookup.DynamicServiceProviderEngine.<>c__DisplayClass2_0.<RealizeService>b__0(ServiceProviderEngineScope scope)
   at Microsoft.Extensions.DependencyInjection.ServiceProvider.GetService(ServiceIdentifier serviceIdentifier, ServiceProviderEngineScope serviceProviderEngineScope)
   at Microsoft.Extensions.DependencyInjection.ServiceLookup.ServiceProviderEngineScope.GetService(Type serviceType)
   at lambda_method187(Closure, Object, HttpContext, IServiceProvider)
   at SmartLMS.Web.Middlewares.ApiExceptionHandlerMiddleware.Invoke(HttpContext context) in C:\code\asp.net\SmartLMS.Web\Middlewares\ApiExceptionHandlerMiddleware.cs:line 24
2026-04-20 15:08:49.841 +07:00 [ERR] An unhandled exception has occurred while executing the request.
System.ArgumentException: An item with the same key has already been added. Key: v1
   at SmartLMS.Web.Middlewares.ApiExceptionHandlerMiddleware.HandleExceptionAsync(HttpContext context, Exception exception) in C:\code\asp.net\SmartLMS.Web\Middlewares\ApiExceptionHandlerMiddleware.cs:line 54
   at SmartLMS.Web.Middlewares.ApiExceptionHandlerMiddleware.Invoke(HttpContext context) in C:\code\asp.net\SmartLMS.Web\Middlewares\ApiExceptionHandlerMiddleware.cs:line 29
   at Microsoft.AspNetCore.Diagnostics.DeveloperExceptionPageMiddlewareImpl.Invoke(HttpContext context)
2026-04-20 15:08:50.494 +07:00 [ERR] Đã xảy ra lỗi hệ thống (Unhandled Exception).
System.ArgumentException: An item with the same key has already been added. Key: v1
   at System.Collections.Generic.Dictionary`2.TryInsert(TKey key, TValue value, InsertionBehavior behavior)
   at System.Collections.Generic.Dictionary`2.Add(TKey key, TValue value)
   at Microsoft.Extensions.DependencyInjection.SwaggerGenOptionsExtensions.SwaggerDoc(SwaggerGenOptions swaggerGenOptions, String name, OpenApiInfo info)
   at Program.<>c.<<Main>$>b__0_17(SwaggerGenOptions c) in C:\code\asp.net\SmartLMS.Web\Program.cs:line 243
   at Microsoft.Extensions.Options.ConfigureNamedOptions`1.Configure(String name, TOptions options)
   at Microsoft.Extensions.Options.OptionsFactory`1.Create(String name)
   at Microsoft.Extensions.Options.UnnamedOptionsManager`1.get_Value()
   at Swashbuckle.AspNetCore.SwaggerGen.ConfigureSwaggerGeneratorOptions..ctor(IOptions`1 swaggerGenOptionsAccessor, IServiceProvider serviceProvider, IWebHostEnvironment hostingEnv)
   at InvokeStub_ConfigureSwaggerGeneratorOptions..ctor(Object, Span`1)
   at System.Reflection.MethodBaseInvoker.InvokeWithFewArgs(Object obj, BindingFlags invokeAttr, Binder binder, Object[] parameters, CultureInfo culture)
   at System.Reflection.RuntimeConstructorInfo.Invoke(BindingFlags invokeAttr, Binder binder, Object[] parameters, CultureInfo culture)
   at Microsoft.Extensions.DependencyInjection.ServiceLookup.CallSiteRuntimeResolver.VisitConstructor(ConstructorCallSite constructorCallSite, RuntimeResolverContext context)
   at Microsoft.Extensions.DependencyInjection.ServiceLookup.CallSiteVisitor`2.VisitCallSiteMain(ServiceCallSite callSite, TArgument argument)
   at Microsoft.Extensions.DependencyInjection.ServiceLookup.CallSiteRuntimeResolver.VisitDisposeCache(ServiceCallSite transientCallSite, RuntimeResolverContext context)
   at Microsoft.Extensions.DependencyInjection.ServiceLookup.CallSiteVisitor`2.VisitCallSite(ServiceCallSite callSite, TArgument argument)
   at Microsoft.Extensions.DependencyInjection.ServiceLookup.CallSiteRuntimeResolver.VisitIEnumerable(IEnumerableCallSite enumerableCallSite, RuntimeResolverContext context)
   at Microsoft.Extensions.DependencyInjection.ServiceLookup.CallSiteVisitor`2.VisitCallSiteMain(ServiceCallSite callSite, TArgument argument)
   at Microsoft.Extensions.DependencyInjection.ServiceLookup.CallSiteVisitor`2.VisitNoCache(ServiceCallSite callSite, TArgument argument)
   at Microsoft.Extensions.DependencyInjection.ServiceLookup.CallSiteVisitor`2.VisitCallSite(ServiceCallSite callSite, TArgument argument)
   at Microsoft.Extensions.DependencyInjection.ServiceLookup.CallSiteRuntimeResolver.VisitConstructor(ConstructorCallSite constructorCallSite, RuntimeResolverContext context)
   at Microsoft.Extensions.DependencyInjection.ServiceLookup.CallSiteVisitor`2.VisitCallSiteMain(ServiceCallSite callSite, TArgument argument)
   at Microsoft.Extensions.DependencyInjection.ServiceLookup.CallSiteRuntimeResolver.VisitDisposeCache(ServiceCallSite transientCallSite, RuntimeResolverContext context)
   at Microsoft.Extensions.DependencyInjection.ServiceLookup.CallSiteVisitor`2.VisitCallSite(ServiceCallSite callSite, TArgument argument)
   at Microsoft.Extensions.DependencyInjection.ServiceLookup.CallSiteRuntimeResolver.VisitConstructor(ConstructorCallSite constructorCallSite, RuntimeResolverContext context)
   at Microsoft.Extensions.DependencyInjection.ServiceLookup.CallSiteVisitor`2.VisitCallSiteMain(ServiceCallSite callSite, TArgument argument)
   at Microsoft.Extensions.DependencyInjection.ServiceLookup.CallSiteRuntimeResolver.VisitRootCache(ServiceCallSite callSite, RuntimeResolverContext context)
   at Microsoft.Extensions.DependencyInjection.ServiceLookup.CallSiteVisitor`2.VisitCallSite(ServiceCallSite callSite, TArgument argument)
   at Microsoft.Extensions.DependencyInjection.ServiceLookup.CallSiteRuntimeResolver.Resolve(ServiceCallSite callSite, ServiceProviderEngineScope scope)
   at Microsoft.Extensions.DependencyInjection.ServiceProvider.CreateServiceAccessor(ServiceIdentifier serviceIdentifier)
   at System.Collections.Concurrent.ConcurrentDictionary`2.GetOrAdd(TKey key, Func`2 valueFactory)
   at Microsoft.Extensions.DependencyInjection.ServiceProvider.GetService(ServiceIdentifier serviceIdentifier, ServiceProviderEngineScope serviceProviderEngineScope)
   at Microsoft.Extensions.DependencyInjection.ServiceLookup.ServiceProviderEngineScope.GetService(Type serviceType)
   at Microsoft.Extensions.DependencyInjection.ServiceProviderServiceExtensions.GetRequiredService(IServiceProvider provider, Type serviceType)
   at Microsoft.Extensions.DependencyInjection.ServiceProviderServiceExtensions.GetRequiredService[T](IServiceProvider provider)
   at Microsoft.Extensions.DependencyInjection.SwaggerGenServiceCollectionExtensions.<>c.<AddSwaggerGen>b__0_1(IServiceProvider s)
   at Microsoft.Extensions.DependencyInjection.ServiceLookup.CallSiteRuntimeResolver.VisitFactory(FactoryCallSite factoryCallSite, RuntimeResolverContext context)
   at Microsoft.Extensions.DependencyInjection.ServiceLookup.CallSiteVisitor`2.VisitCallSiteMain(ServiceCallSite callSite, TArgument argument)
   at Microsoft.Extensions.DependencyInjection.ServiceLookup.CallSiteRuntimeResolver.VisitDisposeCache(ServiceCallSite transientCallSite, RuntimeResolverContext context)
   at Microsoft.Extensions.DependencyInjection.ServiceLookup.CallSiteVisitor`2.VisitCallSite(ServiceCallSite callSite, TArgument argument)
   at Microsoft.Extensions.DependencyInjection.ServiceLookup.CallSiteRuntimeResolver.VisitConstructor(ConstructorCallSite constructorCallSite, RuntimeResolverContext context)
   at Microsoft.Extensions.DependencyInjection.ServiceLookup.CallSiteVisitor`2.VisitCallSiteMain(ServiceCallSite callSite, TArgument argument)
   at Microsoft.Extensions.DependencyInjection.ServiceLookup.CallSiteRuntimeResolver.VisitDisposeCache(ServiceCallSite transientCallSite, RuntimeResolverContext context)
   at Microsoft.Extensions.DependencyInjection.ServiceLookup.CallSiteVisitor`2.VisitCallSite(ServiceCallSite callSite, TArgument argument)
   at Microsoft.Extensions.DependencyInjection.ServiceLookup.CallSiteRuntimeResolver.Resolve(ServiceCallSite callSite, ServiceProviderEngineScope scope)
   at Microsoft.Extensions.DependencyInjection.ServiceLookup.DynamicServiceProviderEngine.<>c__DisplayClass2_0.<RealizeService>b__0(ServiceProviderEngineScope scope)
   at Microsoft.Extensions.DependencyInjection.ServiceProvider.GetService(ServiceIdentifier serviceIdentifier, ServiceProviderEngineScope serviceProviderEngineScope)
   at Microsoft.Extensions.DependencyInjection.ServiceLookup.ServiceProviderEngineScope.GetService(Type serviceType)
   at lambda_method187(Closure, Object, HttpContext, IServiceProvider)
   at SmartLMS.Web.Middlewares.ApiExceptionHandlerMiddleware.Invoke(HttpContext context) in C:\code\asp.net\SmartLMS.Web\Middlewares\ApiExceptionHandlerMiddleware.cs:line 24
2026-04-20 15:08:50.517 +07:00 [ERR] An unhandled exception has occurred while executing the request.
System.ArgumentException: An item with the same key has already been added. Key: v1
   at SmartLMS.Web.Middlewares.ApiExceptionHandlerMiddleware.HandleExceptionAsync(HttpContext context, Exception exception) in C:\code\asp.net\SmartLMS.Web\Middlewares\ApiExceptionHandlerMiddleware.cs:line 54
   at SmartLMS.Web.Middlewares.ApiExceptionHandlerMiddleware.Invoke(HttpContext context) in C:\code\asp.net\SmartLMS.Web\Middlewares\ApiExceptionHandlerMiddleware.cs:line 29
   at Microsoft.AspNetCore.Diagnostics.DeveloperExceptionPageMiddlewareImpl.Invoke(HttpContext context)
2026-04-20 15:08:51.170 +07:00 [ERR] Đã xảy ra lỗi hệ thống (Unhandled Exception).
System.ArgumentException: An item with the same key has already been added. Key: v1
   at System.Collections.Generic.Dictionary`2.TryInsert(TKey key, TValue value, InsertionBehavior behavior)
   at System.Collections.Generic.Dictionary`2.Add(TKey key, TValue value)
   at Microsoft.Extensions.DependencyInjection.SwaggerGenOptionsExtensions.SwaggerDoc(SwaggerGenOptions swaggerGenOptions, String name, OpenApiInfo info)
   at Program.<>c.<<Main>$>b__0_17(SwaggerGenOptions c) in C:\code\asp.net\SmartLMS.Web\Program.cs:line 243
   at Microsoft.Extensions.Options.ConfigureNamedOptions`1.Configure(String name, TOptions options)
   at Microsoft.Extensions.Options.OptionsFactory`1.Create(String name)
   at Microsoft.Extensions.Options.UnnamedOptionsManager`1.get_Value()
   at Swashbuckle.AspNetCore.SwaggerGen.ConfigureSwaggerGeneratorOptions..ctor(IOptions`1 swaggerGenOptionsAccessor, IServiceProvider serviceProvider, IWebHostEnvironment hostingEnv)
   at InvokeStub_ConfigureSwaggerGeneratorOptions..ctor(Object, Span`1)
   at System.Reflection.MethodBaseInvoker.InvokeWithFewArgs(Object obj, BindingFlags invokeAttr, Binder binder, Object[] parameters, CultureInfo culture)
   at System.Reflection.RuntimeConstructorInfo.Invoke(BindingFlags invokeAttr, Binder binder, Object[] parameters, CultureInfo culture)
   at Microsoft.Extensions.DependencyInjection.ServiceLookup.CallSiteRuntimeResolver.VisitConstructor(ConstructorCallSite constructorCallSite, RuntimeResolverContext context)
   at Microsoft.Extensions.DependencyInjection.ServiceLookup.CallSiteVisitor`2.VisitCallSiteMain(ServiceCallSite callSite, TArgument argument)
   at Microsoft.Extensions.DependencyInjection.ServiceLookup.CallSiteRuntimeResolver.VisitDisposeCache(ServiceCallSite transientCallSite, RuntimeResolverContext context)
   at Microsoft.Extensions.DependencyInjection.ServiceLookup.CallSiteVisitor`2.VisitCallSite(ServiceCallSite callSite, TArgument argument)
   at Microsoft.Extensions.DependencyInjection.ServiceLookup.CallSiteRuntimeResolver.VisitIEnumerable(IEnumerableCallSite enumerableCallSite, RuntimeResolverContext context)
   at Microsoft.Extensions.DependencyInjection.ServiceLookup.CallSiteVisitor`2.VisitCallSiteMain(ServiceCallSite callSite, TArgument argument)
   at Microsoft.Extensions.DependencyInjection.ServiceLookup.CallSiteVisitor`2.VisitNoCache(ServiceCallSite callSite, TArgument argument)
   at Microsoft.Extensions.DependencyInjection.ServiceLookup.CallSiteVisitor`2.VisitCallSite(ServiceCallSite callSite, TArgument argument)
   at Microsoft.Extensions.DependencyInjection.ServiceLookup.CallSiteRuntimeResolver.VisitConstructor(ConstructorCallSite constructorCallSite, RuntimeResolverContext context)
   at Microsoft.Extensions.DependencyInjection.ServiceLookup.CallSiteVisitor`2.VisitCallSiteMain(ServiceCallSite callSite, TArgument argument)
   at Microsoft.Extensions.DependencyInjection.ServiceLookup.CallSiteRuntimeResolver.VisitDisposeCache(ServiceCallSite transientCallSite, RuntimeResolverContext context)
   at Microsoft.Extensions.DependencyInjection.ServiceLookup.CallSiteVisitor`2.VisitCallSite(ServiceCallSite callSite, TArgument argument)
   at Microsoft.Extensions.DependencyInjection.ServiceLookup.CallSiteRuntimeResolver.VisitConstructor(ConstructorCallSite constructorCallSite, RuntimeResolverContext context)
   at Microsoft.Extensions.DependencyInjection.ServiceLookup.CallSiteVisitor`2.VisitCallSiteMain(ServiceCallSite callSite, TArgument argument)
   at Microsoft.Extensions.DependencyInjection.ServiceLookup.CallSiteRuntimeResolver.VisitRootCache(ServiceCallSite callSite, RuntimeResolverContext context)
   at Microsoft.Extensions.DependencyInjection.ServiceLookup.CallSiteVisitor`2.VisitCallSite(ServiceCallSite callSite, TArgument argument)
   at Microsoft.Extensions.DependencyInjection.ServiceLookup.CallSiteRuntimeResolver.Resolve(ServiceCallSite callSite, ServiceProviderEngineScope scope)
   at Microsoft.Extensions.DependencyInjection.ServiceProvider.CreateServiceAccessor(ServiceIdentifier serviceIdentifier)
   at System.Collections.Concurrent.ConcurrentDictionary`2.GetOrAdd(TKey key, Func`2 valueFactory)
   at Microsoft.Extensions.DependencyInjection.ServiceProvider.GetService(ServiceIdentifier serviceIdentifier, ServiceProviderEngineScope serviceProviderEngineScope)
   at Microsoft.Extensions.DependencyInjection.ServiceLookup.ServiceProviderEngineScope.GetService(Type serviceType)
   at Microsoft.Extensions.DependencyInjection.ServiceProviderServiceExtensions.GetRequiredService(IServiceProvider provider, Type serviceType)
   at Microsoft.Extensions.DependencyInjection.ServiceProviderServiceExtensions.GetRequiredService[T](IServiceProvider provider)
   at Microsoft.Extensions.DependencyInjection.SwaggerGenServiceCollectionExtensions.<>c.<AddSwaggerGen>b__0_1(IServiceProvider s)
   at Microsoft.Extensions.DependencyInjection.ServiceLookup.CallSiteRuntimeResolver.VisitFactory(FactoryCallSite factoryCallSite, RuntimeResolverContext context)
   at Microsoft.Extensions.DependencyInjection.ServiceLookup.CallSiteVisitor`2.VisitCallSiteMain(ServiceCallSite callSite, TArgument argument)
   at Microsoft.Extensions.DependencyInjection.ServiceLookup.CallSiteRuntimeResolver.VisitDisposeCache(ServiceCallSite transientCallSite, RuntimeResolverContext context)
   at Microsoft.Extensions.DependencyInjection.ServiceLookup.CallSiteVisitor`2.VisitCallSite(ServiceCallSite callSite, TArgument argument)
   at Microsoft.Extensions.DependencyInjection.ServiceLookup.CallSiteRuntimeResolver.VisitConstructor(ConstructorCallSite constructorCallSite, RuntimeResolverContext context)
   at Microsoft.Extensions.DependencyInjection.ServiceLookup.CallSiteVisitor`2.VisitCallSiteMain(ServiceCallSite callSite, TArgument argument)
   at Microsoft.Extensions.DependencyInjection.ServiceLookup.CallSiteRuntimeResolver.VisitDisposeCache(ServiceCallSite transientCallSite, RuntimeResolverContext context)
   at Microsoft.Extensions.DependencyInjection.ServiceLookup.CallSiteVisitor`2.VisitCallSite(ServiceCallSite callSite, TArgument argument)
   at Microsoft.Extensions.DependencyInjection.ServiceLookup.CallSiteRuntimeResolver.Resolve(ServiceCallSite callSite, ServiceProviderEngineScope scope)
   at Microsoft.Extensions.DependencyInjection.ServiceLookup.DynamicServiceProviderEngine.<>c__DisplayClass2_0.<RealizeService>b__0(ServiceProviderEngineScope scope)
   at Microsoft.Extensions.DependencyInjection.ServiceProvider.GetService(ServiceIdentifier serviceIdentifier, ServiceProviderEngineScope serviceProviderEngineScope)
   at Microsoft.Extensions.DependencyInjection.ServiceLookup.ServiceProviderEngineScope.GetService(Type serviceType)
   at lambda_method187(Closure, Object, HttpContext, IServiceProvider)
   at SmartLMS.Web.Middlewares.ApiExceptionHandlerMiddleware.Invoke(HttpContext context) in C:\code\asp.net\SmartLMS.Web\Middlewares\ApiExceptionHandlerMiddleware.cs:line 24
2026-04-20 15:08:51.191 +07:00 [ERR] An unhandled exception has occurred while executing the request.
System.ArgumentException: An item with the same key has already been added. Key: v1
   at SmartLMS.Web.Middlewares.ApiExceptionHandlerMiddleware.HandleExceptionAsync(HttpContext context, Exception exception) in C:\code\asp.net\SmartLMS.Web\Middlewares\ApiExceptionHandlerMiddleware.cs:line 54
   at SmartLMS.Web.Middlewares.ApiExceptionHandlerMiddleware.Invoke(HttpContext context) in C:\code\asp.net\SmartLMS.Web\Middlewares\ApiExceptionHandlerMiddleware.cs:line 29
   at Microsoft.AspNetCore.Diagnostics.DeveloperExceptionPageMiddlewareImpl.Invoke(HttpContext context)
2026-04-20 15:08:54.688 +07:00 [ERR] Đã xảy ra lỗi hệ thống (Unhandled Exception).
System.ArgumentException: An item with the same key has already been added. Key: v1
   at System.Collections.Generic.Dictionary`2.TryInsert(TKey key, TValue value, InsertionBehavior behavior)
   at System.Collections.Generic.Dictionary`2.Add(TKey key, TValue value)
   at Microsoft.Extensions.DependencyInjection.SwaggerGenOptionsExtensions.SwaggerDoc(SwaggerGenOptions swaggerGenOptions, String name, OpenApiInfo info)
   at Program.<>c.<<Main>$>b__0_17(SwaggerGenOptions c) in C:\code\asp.net\SmartLMS.Web\Program.cs:line 243
   at Microsoft.Extensions.Options.ConfigureNamedOptions`1.Configure(String name, TOptions options)
   at Microsoft.Extensions.Options.OptionsFactory`1.Create(String name)
   at Microsoft.Extensions.Options.UnnamedOptionsManager`1.get_Value()
   at Swashbuckle.AspNetCore.SwaggerGen.ConfigureSwaggerGeneratorOptions..ctor(IOptions`1 swaggerGenOptionsAccessor, IServiceProvider serviceProvider, IWebHostEnvironment hostingEnv)
   at InvokeStub_ConfigureSwaggerGeneratorOptions..ctor(Object, Span`1)
   at System.Reflection.MethodBaseInvoker.InvokeWithFewArgs(Object obj, BindingFlags invokeAttr, Binder binder, Object[] parameters, CultureInfo culture)
   at System.Reflection.RuntimeConstructorInfo.Invoke(BindingFlags invokeAttr, Binder binder, Object[] parameters, CultureInfo culture)
   at Microsoft.Extensions.DependencyInjection.ServiceLookup.CallSiteVisitor`2.VisitCallSiteMain(ServiceCallSite callSite, TArgument argument)
   at Microsoft.Extensions.DependencyInjection.ServiceLookup.CallSiteVisitor`2.VisitCallSite(ServiceCallSite callSite, TArgument argument)
   at Microsoft.Extensions.DependencyInjection.ServiceLookup.CallSiteRuntimeResolver.VisitIEnumerable(IEnumerableCallSite enumerableCallSite, RuntimeResolverContext context)
   at Microsoft.Extensions.DependencyInjection.ServiceLookup.CallSiteVisitor`2.VisitCallSiteMain(ServiceCallSite callSite, TArgument argument)
   at Microsoft.Extensions.DependencyInjection.ServiceLookup.CallSiteVisitor`2.VisitCallSite(ServiceCallSite callSite, TArgument argument)
   at Microsoft.Extensions.DependencyInjection.ServiceLookup.CallSiteVisitor`2.VisitCallSiteMain(ServiceCallSite callSite, TArgument argument)
   at Microsoft.Extensions.DependencyInjection.ServiceLookup.CallSiteVisitor`2.VisitCallSite(ServiceCallSite callSite, TArgument argument)
   at Microsoft.Extensions.DependencyInjection.ServiceLookup.CallSiteVisitor`2.VisitCallSiteMain(ServiceCallSite callSite, TArgument argument)
   at Microsoft.Extensions.DependencyInjection.ServiceLookup.CallSiteRuntimeResolver.VisitRootCache(ServiceCallSite callSite, RuntimeResolverContext context)
   at Microsoft.Extensions.DependencyInjection.ServiceLookup.CallSiteVisitor`2.VisitCallSite(ServiceCallSite callSite, TArgument argument)
   at Microsoft.Extensions.DependencyInjection.ServiceLookup.CallSiteRuntimeResolver.Resolve(ServiceCallSite callSite, ServiceProviderEngineScope scope)
   at Microsoft.Extensions.DependencyInjection.ServiceProvider.CreateServiceAccessor(ServiceIdentifier serviceIdentifier)
   at System.Collections.Concurrent.ConcurrentDictionary`2.GetOrAdd(TKey key, Func`2 valueFactory)
   at Microsoft.Extensions.DependencyInjection.ServiceProvider.GetService(ServiceIdentifier serviceIdentifier, ServiceProviderEngineScope serviceProviderEngineScope)
   at Microsoft.Extensions.DependencyInjection.ServiceLookup.ServiceProviderEngineScope.GetService(Type serviceType)
   at Microsoft.Extensions.DependencyInjection.ServiceProviderServiceExtensions.GetRequiredService(IServiceProvider provider, Type serviceType)
   at Microsoft.Extensions.DependencyInjection.ServiceProviderServiceExtensions.GetRequiredService[T](IServiceProvider provider)
   at Microsoft.Extensions.DependencyInjection.SwaggerGenServiceCollectionExtensions.<>c.<AddSwaggerGen>b__0_1(IServiceProvider s)
   at Microsoft.Extensions.DependencyInjection.ServiceLookup.CallSiteVisitor`2.VisitCallSiteMain(ServiceCallSite callSite, TArgument argument)
   at Microsoft.Extensions.DependencyInjection.ServiceLookup.CallSiteVisitor`2.VisitCallSite(ServiceCallSite callSite, TArgument argument)
   at Microsoft.Extensions.DependencyInjection.ServiceLookup.CallSiteVisitor`2.VisitCallSiteMain(ServiceCallSite callSite, TArgument argument)
   at Microsoft.Extensions.DependencyInjection.ServiceLookup.CallSiteVisitor`2.VisitCallSite(ServiceCallSite callSite, TArgument argument)
   at Microsoft.Extensions.DependencyInjection.ServiceLookup.CallSiteRuntimeResolver.Resolve(ServiceCallSite callSite, ServiceProviderEngineScope scope)
   at Microsoft.Extensions.DependencyInjection.ServiceLookup.DynamicServiceProviderEngine.<>c__DisplayClass2_0.<RealizeService>b__0(ServiceProviderEngineScope scope)
   at Microsoft.Extensions.DependencyInjection.ServiceProvider.GetService(ServiceIdentifier serviceIdentifier, ServiceProviderEngineScope serviceProviderEngineScope)
   at Microsoft.Extensions.DependencyInjection.ServiceLookup.ServiceProviderEngineScope.GetService(Type serviceType)
   at lambda_method187(Closure, Object, HttpContext, IServiceProvider)
   at SmartLMS.Web.Middlewares.ApiExceptionHandlerMiddleware.Invoke(HttpContext context) in C:\code\asp.net\SmartLMS.Web\Middlewares\ApiExceptionHandlerMiddleware.cs:line 24
2026-04-20 15:08:54.729 +07:00 [ERR] An unhandled exception has occurred while executing the request.
System.ArgumentException: An item with the same key has already been added. Key: v1
   at SmartLMS.Web.Middlewares.ApiExceptionHandlerMiddleware.HandleExceptionAsync(HttpContext context, Exception exception) in C:\code\asp.net\SmartLMS.Web\Middlewares\ApiExceptionHandlerMiddleware.cs:line 54
   at SmartLMS.Web.Middlewares.ApiExceptionHandlerMiddleware.Invoke(HttpContext context) in C:\code\asp.net\SmartLMS.Web\Middlewares\ApiExceptionHandlerMiddleware.cs:line 29
   at Microsoft.AspNetCore.Diagnostics.DeveloperExceptionPageMiddlewareImpl.Invoke(HttpContext context)
2026-04-20 15:08:56.299 +07:00 [ERR] Đã xảy ra lỗi hệ thống (Unhandled Exception).
System.ArgumentException: An item with the same key has already been added. Key: v1
   at System.Collections.Generic.Dictionary`2.TryInsert(TKey key, TValue value, InsertionBehavior behavior)
   at System.Collections.Generic.Dictionary`2.Add(TKey key, TValue value)
   at Microsoft.Extensions.DependencyInjection.SwaggerGenOptionsExtensions.SwaggerDoc(SwaggerGenOptions swaggerGenOptions, String name, OpenApiInfo info)
   at Program.<>c.<<Main>$>b__0_17(SwaggerGenOptions c) in C:\code\asp.net\SmartLMS.Web\Program.cs:line 243
   at Microsoft.Extensions.Options.ConfigureNamedOptions`1.Configure(String name, TOptions options)
   at Microsoft.Extensions.Options.OptionsFactory`1.Create(String name)
   at Microsoft.Extensions.Options.UnnamedOptionsManager`1.get_Value()
   at Swashbuckle.AspNetCore.SwaggerGen.ConfigureSwaggerGeneratorOptions..ctor(IOptions`1 swaggerGenOptionsAccessor, IServiceProvider serviceProvider, IWebHostEnvironment hostingEnv)
   at InvokeStub_ConfigureSwaggerGeneratorOptions..ctor(Object, Span`1)
   at System.Reflection.MethodBaseInvoker.InvokeWithFewArgs(Object obj, BindingFlags invokeAttr, Binder binder, Object[] parameters, CultureInfo culture)
   at System.Reflection.RuntimeConstructorInfo.Invoke(BindingFlags invokeAttr, Binder binder, Object[] parameters, CultureInfo culture)
   at Microsoft.Extensions.DependencyInjection.ServiceLookup.CallSiteVisitor`2.VisitCallSiteMain(ServiceCallSite callSite, TArgument argument)
   at Microsoft.Extensions.DependencyInjection.ServiceLookup.CallSiteVisitor`2.VisitCallSite(ServiceCallSite callSite, TArgument argument)
   at Microsoft.Extensions.DependencyInjection.ServiceLookup.CallSiteRuntimeResolver.VisitIEnumerable(IEnumerableCallSite enumerableCallSite, RuntimeResolverContext context)
   at Microsoft.Extensions.DependencyInjection.ServiceLookup.CallSiteVisitor`2.VisitCallSiteMain(ServiceCallSite callSite, TArgument argument)
   at Microsoft.Extensions.DependencyInjection.ServiceLookup.CallSiteVisitor`2.VisitCallSite(ServiceCallSite callSite, TArgument argument)
   at Microsoft.Extensions.DependencyInjection.ServiceLookup.CallSiteVisitor`2.VisitCallSiteMain(ServiceCallSite callSite, TArgument argument)
   at Microsoft.Extensions.DependencyInjection.ServiceLookup.CallSiteVisitor`2.VisitCallSite(ServiceCallSite callSite, TArgument argument)
   at Microsoft.Extensions.DependencyInjection.ServiceLookup.CallSiteVisitor`2.VisitCallSiteMain(ServiceCallSite callSite, TArgument argument)
   at Microsoft.Extensions.DependencyInjection.ServiceLookup.CallSiteRuntimeResolver.VisitRootCache(ServiceCallSite callSite, RuntimeResolverContext context)
   at Microsoft.Extensions.DependencyInjection.ServiceLookup.CallSiteVisitor`2.VisitCallSite(ServiceCallSite callSite, TArgument argument)
   at Microsoft.Extensions.DependencyInjection.ServiceLookup.CallSiteRuntimeResolver.Resolve(ServiceCallSite callSite, ServiceProviderEngineScope scope)
   at Microsoft.Extensions.DependencyInjection.ServiceProvider.CreateServiceAccessor(ServiceIdentifier serviceIdentifier)
   at System.Collections.Concurrent.ConcurrentDictionary`2.GetOrAdd(TKey key, Func`2 valueFactory)
   at Microsoft.Extensions.DependencyInjection.ServiceProvider.GetService(ServiceIdentifier serviceIdentifier, ServiceProviderEngineScope serviceProviderEngineScope)
   at Microsoft.Extensions.DependencyInjection.ServiceLookup.ServiceProviderEngineScope.GetService(Type serviceType)
   at Microsoft.Extensions.DependencyInjection.ServiceProviderServiceExtensions.GetRequiredService(IServiceProvider provider, Type serviceType)
   at Microsoft.Extensions.DependencyInjection.ServiceProviderServiceExtensions.GetRequiredService[T](IServiceProvider provider)
   at Microsoft.Extensions.DependencyInjection.SwaggerGenServiceCollectionExtensions.<>c.<AddSwaggerGen>b__0_1(IServiceProvider s)
   at Microsoft.Extensions.DependencyInjection.ServiceLookup.CallSiteVisitor`2.VisitCallSiteMain(ServiceCallSite callSite, TArgument argument)
   at Microsoft.Extensions.DependencyInjection.ServiceLookup.CallSiteVisitor`2.VisitCallSite(ServiceCallSite callSite, TArgument argument)
   at Microsoft.Extensions.DependencyInjection.ServiceLookup.CallSiteVisitor`2.VisitCallSiteMain(ServiceCallSite callSite, TArgument argument)
   at Microsoft.Extensions.DependencyInjection.ServiceLookup.CallSiteVisitor`2.VisitCallSite(ServiceCallSite callSite, TArgument argument)
   at Microsoft.Extensions.DependencyInjection.ServiceLookup.CallSiteRuntimeResolver.Resolve(ServiceCallSite callSite, ServiceProviderEngineScope scope)
   at Microsoft.Extensions.DependencyInjection.ServiceLookup.DynamicServiceProviderEngine.<>c__DisplayClass2_0.<RealizeService>b__0(ServiceProviderEngineScope scope)
   at Microsoft.Extensions.DependencyInjection.ServiceProvider.GetService(ServiceIdentifier serviceIdentifier, ServiceProviderEngineScope serviceProviderEngineScope)
   at Microsoft.Extensions.DependencyInjection.ServiceLookup.ServiceProviderEngineScope.GetService(Type serviceType)
   at lambda_method187(Closure, Object, HttpContext, IServiceProvider)
   at SmartLMS.Web.Middlewares.ApiExceptionHandlerMiddleware.Invoke(HttpContext context) in C:\code\asp.net\SmartLMS.Web\Middlewares\ApiExceptionHandlerMiddleware.cs:line 24
2026-04-20 15:08:56.339 +07:00 [ERR] An unhandled exception has occurred while executing the request.
System.ArgumentException: An item with the same key has already been added. Key: v1
   at SmartLMS.Web.Middlewares.ApiExceptionHandlerMiddleware.HandleExceptionAsync(HttpContext context, Exception exception) in C:\code\asp.net\SmartLMS.Web\Middlewares\ApiExceptionHandlerMiddleware.cs:line 54
   at SmartLMS.Web.Middlewares.ApiExceptionHandlerMiddleware.Invoke(HttpContext context) in C:\code\asp.net\SmartLMS.Web\Middlewares\ApiExceptionHandlerMiddleware.cs:line 29
   at Microsoft.AspNetCore.Diagnostics.DeveloperExceptionPageMiddlewareImpl.Invoke(HttpContext context)
2026-04-20 15:08:56.568 +07:00 [ERR] Đã xảy ra lỗi hệ thống (Unhandled Exception).
System.ArgumentException: An item with the same key has already been added. Key: v1
   at System.Collections.Generic.Dictionary`2.TryInsert(TKey key, TValue value, InsertionBehavior behavior)
   at System.Collections.Generic.Dictionary`2.Add(TKey key, TValue value)
   at Microsoft.Extensions.DependencyInjection.SwaggerGenOptionsExtensions.SwaggerDoc(SwaggerGenOptions swaggerGenOptions, String name, OpenApiInfo info)
   at Program.<>c.<<Main>$>b__0_17(SwaggerGenOptions c) in C:\code\asp.net\SmartLMS.Web\Program.cs:line 243
   at Microsoft.Extensions.Options.ConfigureNamedOptions`1.Configure(String name, TOptions options)
   at Microsoft.Extensions.Options.OptionsFactory`1.Create(String name)
   at Microsoft.Extensions.Options.UnnamedOptionsManager`1.get_Value()
   at Swashbuckle.AspNetCore.SwaggerGen.ConfigureSwaggerGeneratorOptions..ctor(IOptions`1 swaggerGenOptionsAccessor, IServiceProvider serviceProvider, IWebHostEnvironment hostingEnv)
   at InvokeStub_ConfigureSwaggerGeneratorOptions..ctor(Object, Span`1)
   at System.Reflection.MethodBaseInvoker.InvokeWithFewArgs(Object obj, BindingFlags invokeAttr, Binder binder, Object[] parameters, CultureInfo culture)
   at System.Reflection.RuntimeConstructorInfo.Invoke(BindingFlags invokeAttr, Binder binder, Object[] parameters, CultureInfo culture)
   at Microsoft.Extensions.DependencyInjection.ServiceLookup.CallSiteVisitor`2.VisitCallSiteMain(ServiceCallSite callSite, TArgument argument)
   at Microsoft.Extensions.DependencyInjection.ServiceLookup.CallSiteVisitor`2.VisitCallSite(ServiceCallSite callSite, TArgument argument)
   at Microsoft.Extensions.DependencyInjection.ServiceLookup.CallSiteRuntimeResolver.VisitIEnumerable(IEnumerableCallSite enumerableCallSite, RuntimeResolverContext context)
   at Microsoft.Extensions.DependencyInjection.ServiceLookup.CallSiteVisitor`2.VisitCallSiteMain(ServiceCallSite callSite, TArgument argument)
   at Microsoft.Extensions.DependencyInjection.ServiceLookup.CallSiteVisitor`2.VisitCallSite(ServiceCallSite callSite, TArgument argument)
   at Microsoft.Extensions.DependencyInjection.ServiceLookup.CallSiteVisitor`2.VisitCallSiteMain(ServiceCallSite callSite, TArgument argument)
   at Microsoft.Extensions.DependencyInjection.ServiceLookup.CallSiteVisitor`2.VisitCallSite(ServiceCallSite callSite, TArgument argument)
   at Microsoft.Extensions.DependencyInjection.ServiceLookup.CallSiteVisitor`2.VisitCallSiteMain(ServiceCallSite callSite, TArgument argument)
   at Microsoft.Extensions.DependencyInjection.ServiceLookup.CallSiteRuntimeResolver.VisitRootCache(ServiceCallSite callSite, RuntimeResolverContext context)
   at Microsoft.Extensions.DependencyInjection.ServiceLookup.CallSiteVisitor`2.VisitCallSite(ServiceCallSite callSite, TArgument argument)
   at Microsoft.Extensions.DependencyInjection.ServiceLookup.CallSiteRuntimeResolver.Resolve(ServiceCallSite callSite, ServiceProviderEngineScope scope)
   at Microsoft.Extensions.DependencyInjection.ServiceProvider.CreateServiceAccessor(ServiceIdentifier serviceIdentifier)
   at System.Collections.Concurrent.ConcurrentDictionary`2.GetOrAdd(TKey key, Func`2 valueFactory)
   at Microsoft.Extensions.DependencyInjection.ServiceProvider.GetService(ServiceIdentifier serviceIdentifier, ServiceProviderEngineScope serviceProviderEngineScope)
   at Microsoft.Extensions.DependencyInjection.ServiceLookup.ServiceProviderEngineScope.GetService(Type serviceType)
   at Microsoft.Extensions.DependencyInjection.ServiceProviderServiceExtensions.GetRequiredService(IServiceProvider provider, Type serviceType)
   at Microsoft.Extensions.DependencyInjection.ServiceProviderServiceExtensions.GetRequiredService[T](IServiceProvider provider)
   at Microsoft.Extensions.DependencyInjection.SwaggerGenServiceCollectionExtensions.<>c.<AddSwaggerGen>b__0_1(IServiceProvider s)
   at Microsoft.Extensions.DependencyInjection.ServiceLookup.CallSiteVisitor`2.VisitCallSiteMain(ServiceCallSite callSite, TArgument argument)
   at Microsoft.Extensions.DependencyInjection.ServiceLookup.CallSiteVisitor`2.VisitCallSite(ServiceCallSite callSite, TArgument argument)
   at Microsoft.Extensions.DependencyInjection.ServiceLookup.CallSiteVisitor`2.VisitCallSiteMain(ServiceCallSite callSite, TArgument argument)
   at Microsoft.Extensions.DependencyInjection.ServiceLookup.CallSiteVisitor`2.VisitCallSite(ServiceCallSite callSite, TArgument argument)
   at Microsoft.Extensions.DependencyInjection.ServiceLookup.CallSiteRuntimeResolver.Resolve(ServiceCallSite callSite, ServiceProviderEngineScope scope)
   at Microsoft.Extensions.DependencyInjection.ServiceLookup.DynamicServiceProviderEngine.<>c__DisplayClass2_0.<RealizeService>b__0(ServiceProviderEngineScope scope)
   at Microsoft.Extensions.DependencyInjection.ServiceProvider.GetService(ServiceIdentifier serviceIdentifier, ServiceProviderEngineScope serviceProviderEngineScope)
   at Microsoft.Extensions.DependencyInjection.ServiceLookup.ServiceProviderEngineScope.GetService(Type serviceType)
   at lambda_method187(Closure, Object, HttpContext, IServiceProvider)
   at SmartLMS.Web.Middlewares.ApiExceptionHandlerMiddleware.Invoke(HttpContext context) in C:\code\asp.net\SmartLMS.Web\Middlewares\ApiExceptionHandlerMiddleware.cs:line 24
2026-04-20 15:08:56.880 +07:00 [ERR] An unhandled exception has occurred while executing the request.
System.ArgumentException: An item with the same key has already been added. Key: v1
   at SmartLMS.Web.Middlewares.ApiExceptionHandlerMiddleware.HandleExceptionAsync(HttpContext context, Exception exception) in C:\code\asp.net\SmartLMS.Web\Middlewares\ApiExceptionHandlerMiddleware.cs:line 54
   at SmartLMS.Web.Middlewares.ApiExceptionHandlerMiddleware.Invoke(HttpContext context) in C:\code\asp.net\SmartLMS.Web\Middlewares\ApiExceptionHandlerMiddleware.cs:line 29
   at Microsoft.AspNetCore.Diagnostics.DeveloperExceptionPageMiddlewareImpl.Invoke(HttpContext context)
2026-04-20 15:09:41.981 +07:00 [INF] Server desktop-36u3ca2:19536:a32d4a67 caught stopping signal...
2026-04-20 15:09:42.502 +07:00 [INF] Server desktop-36u3ca2:19536:a32d4a67 All dispatchers stopped
2026-04-20 15:09:42.517 +07:00 [INF] Server desktop-36u3ca2:19536:a32d4a67 successfully reported itself as stopped in 10.3371 ms
2026-04-20 15:09:42.520 +07:00 [INF] Server desktop-36u3ca2:19536:a32d4a67 has been stopped in total 526.1496 ms
2026-04-20 15:09:45.824 +07:00 [WRN] Entity 'Exam' has a global query filter defined and is the required end of a relationship with the entity 'ExamQuestion'. This may lead to unexpected results when the required entity is filtered out. Either configure the navigation as optional, or define matching query filters for both entities in the navigation. See https://go.microsoft.com/fwlink/?linkid=2131316 for more information.
2026-04-20 15:09:45.868 +07:00 [WRN] Entity 'Exam' has a global query filter defined and is the required end of a relationship with the entity 'QuizAttempt'. This may lead to unexpected results when the required entity is filtered out. Either configure the navigation as optional, or define matching query filters for both entities in the navigation. See https://go.microsoft.com/fwlink/?linkid=2131316 for more information.
2026-04-20 15:09:45.945 +07:00 [WRN] No store type was specified for the decimal property 'AI_BaseSalaryImpact' on entity type 'Course'. This will cause values to be silently truncated if they do not fit in the default precision and scale. Explicitly specify the SQL server column type that can accommodate all the values in 'OnModelCreating' using 'HasColumnType', specify precision and scale using 'HasPrecision', or configure a value converter using 'HasConversion'.
2026-04-20 15:09:45.945 +07:00 [WRN] No store type was specified for the decimal property 'DiscountPrice' on entity type 'Course'. This will cause values to be silently truncated if they do not fit in the default precision and scale. Explicitly specify the SQL server column type that can accommodate all the values in 'OnModelCreating' using 'HasColumnType', specify precision and scale using 'HasPrecision', or configure a value converter using 'HasConversion'.
2026-04-20 15:09:47.230 +07:00 [INF] Start installing Hangfire SQL objects...
2026-04-20 15:09:47.703 +07:00 [INF] Hangfire SQL objects installed.
2026-04-20 15:09:48.150 +07:00 [INF] Assessment Event Handler is starting...
2026-04-20 15:09:48.252 +07:00 [INF] Starting Hangfire Server using job storage: 'SQL Server: localhost@SmartLMS'
2026-04-20 15:09:48.252 +07:00 [INF] Using the following options for SQL Server job storage: Queue poll interval: 00:00:00.
2026-04-20 15:09:48.253 +07:00 [INF] Using the following options for Hangfire Server:
    Worker count: 20
    Listening queues: 'default'
    Shutdown timeout: 00:00:15
    Schedule polling interval: 00:00:15
2026-04-20 15:09:48.296 +07:00 [INF] Server desktop-36u3ca2:6712:2ae76fc0 successfully announced in 24.3394 ms
2026-04-20 15:09:48.298 +07:00 [INF] Server desktop-36u3ca2:6712:2ae76fc0 is starting the registered dispatchers: ServerWatchdog, ServerJobCancellationWatcher, SqlServerHeartbeatProcess, ExpirationManager, CountersAggregator, Worker, DelayedJobScheduler, RecurringJobScheduler...
2026-04-20 15:09:48.311 +07:00 [INF] Server desktop-36u3ca2:6712:2ae76fc0 all the dispatchers started
2026-04-20 15:10:16.295 +07:00 [WRN] Entity 'Exam' has a global query filter defined and is the required end of a relationship with the entity 'ExamQuestion'. This may lead to unexpected results when the required entity is filtered out. Either configure the navigation as optional, or define matching query filters for both entities in the navigation. See https://go.microsoft.com/fwlink/?linkid=2131316 for more information.
2026-04-20 15:10:16.329 +07:00 [WRN] Entity 'Exam' has a global query filter defined and is the required end of a relationship with the entity 'QuizAttempt'. This may lead to unexpected results when the required entity is filtered out. Either configure the navigation as optional, or define matching query filters for both entities in the navigation. See https://go.microsoft.com/fwlink/?linkid=2131316 for more information.
2026-04-20 15:10:16.395 +07:00 [WRN] No store type was specified for the decimal property 'AI_BaseSalaryImpact' on entity type 'Course'. This will cause values to be silently truncated if they do not fit in the default precision and scale. Explicitly specify the SQL server column type that can accommodate all the values in 'OnModelCreating' using 'HasColumnType', specify precision and scale using 'HasPrecision', or configure a value converter using 'HasConversion'.
2026-04-20 15:10:16.395 +07:00 [WRN] No store type was specified for the decimal property 'DiscountPrice' on entity type 'Course'. This will cause values to be silently truncated if they do not fit in the default precision and scale. Explicitly specify the SQL server column type that can accommodate all the values in 'OnModelCreating' using 'HasColumnType', specify precision and scale using 'HasPrecision', or configure a value converter using 'HasConversion'.
2026-04-20 15:10:17.489 +07:00 [INF] Start installing Hangfire SQL objects...
2026-04-20 15:10:17.997 +07:00 [INF] Hangfire SQL objects installed.
2026-04-20 15:10:18.367 +07:00 [INF] Assessment Event Handler is starting...
2026-04-20 15:10:18.461 +07:00 [INF] Starting Hangfire Server using job storage: 'SQL Server: localhost@SmartLMS'
2026-04-20 15:10:18.462 +07:00 [INF] Using the following options for SQL Server job storage: Queue poll interval: 00:00:00.
2026-04-20 15:10:18.462 +07:00 [INF] Using the following options for Hangfire Server:
    Worker count: 20
    Listening queues: 'default'
    Shutdown timeout: 00:00:15
    Schedule polling interval: 00:00:15
2026-04-20 15:10:18.492 +07:00 [INF] Server desktop-36u3ca2:11648:237cf783 successfully announced in 19.3817 ms
2026-04-20 15:10:18.495 +07:00 [INF] Server desktop-36u3ca2:11648:237cf783 is starting the registered dispatchers: ServerWatchdog, ServerJobCancellationWatcher, SqlServerHeartbeatProcess, ExpirationManager, CountersAggregator, Worker, DelayedJobScheduler, RecurringJobScheduler...
2026-04-20 15:10:18.504 +07:00 [INF] Server desktop-36u3ca2:11648:237cf783 all the dispatchers started
2026-04-20 15:11:02.917 +07:00 [WRN] Failed to determine the https port for redirect.
2026-04-20 15:11:03.394 +07:00 [INF] HTTP GET / responded 200 in 355.8730 ms
2026-04-20 15:11:04.332 +07:00 [INF] HTTP POST /dashboardHub/negotiate responded 200 in 30.7701 ms
2026-04-20 15:11:04.650 +07:00 [INF] HTTP GET /Dashboard/GetRoleDistribution responded 200 in 311.4546 ms
2026-04-20 15:11:04.652 +07:00 [INF] HTTP GET /Dashboard/GetActivities responded 200 in 313.1857 ms
2026-04-20 15:11:04.897 +07:00 [ERR] An exception occurred while iterating over the results of a query for context type 'SmartLMS.Data.SmartLMSContext'.
System.Data.SqlTypes.SqlNullValueException: Data is Null. This method or property cannot be called on Null values.
   at Microsoft.Data.SqlClient.SqlBuffer.ThrowIfNull()
   at Microsoft.Data.SqlClient.SqlBuffer.get_Int32()
   at Microsoft.Data.SqlClient.SqlDataReader.GetInt32(Int32 i)
   at lambda_method238(Closure, QueryContext, DbDataReader, ResultContext, SingleQueryResultCoordinator)
   at Microsoft.EntityFrameworkCore.Query.Internal.SingleQueryingEnumerable`1.AsyncEnumerator.MoveNextAsync()
System.Data.SqlTypes.SqlNullValueException: Data is Null. This method or property cannot be called on Null values.
   at Microsoft.Data.SqlClient.SqlBuffer.ThrowIfNull()
   at Microsoft.Data.SqlClient.SqlBuffer.get_Int32()
   at Microsoft.Data.SqlClient.SqlDataReader.GetInt32(Int32 i)
   at lambda_method238(Closure, QueryContext, DbDataReader, ResultContext, SingleQueryResultCoordinator)
   at Microsoft.EntityFrameworkCore.Query.Internal.SingleQueryingEnumerable`1.AsyncEnumerator.MoveNextAsync()
2026-04-20 15:11:04.912 +07:00 [ERR] HTTP GET /Dashboard/GetStats responded 500 in 572.4018 ms
System.Data.SqlTypes.SqlNullValueException: Data is Null. This method or property cannot be called on Null values.
   at Microsoft.Data.SqlClient.SqlBuffer.ThrowIfNull()
   at Microsoft.Data.SqlClient.SqlBuffer.get_Int32()
   at Microsoft.Data.SqlClient.SqlDataReader.GetInt32(Int32 i)
   at lambda_method238(Closure, QueryContext, DbDataReader, ResultContext, SingleQueryResultCoordinator)
   at Microsoft.EntityFrameworkCore.Query.Internal.SingleQueryingEnumerable`1.AsyncEnumerator.MoveNextAsync()
   at Microsoft.EntityFrameworkCore.EntityFrameworkQueryableExtensions.ToListAsync[TSource](IQueryable`1 source, CancellationToken cancellationToken)
   at Microsoft.EntityFrameworkCore.EntityFrameworkQueryableExtensions.ToListAsync[TSource](IQueryable`1 source, CancellationToken cancellationToken)
   at SmartLMS.Web.Controllers.DashboardController.GetStats() in C:\code\asp.net\SmartLMS.Web\Controllers\DashboardController.cs:line 100
   at Microsoft.AspNetCore.Mvc.Infrastructure.ActionMethodExecutor.TaskOfIActionResultExecutor.Execute(ActionContext actionContext, IActionResultTypeMapper mapper, ObjectMethodExecutor executor, Object controller, Object[] arguments)
   at Microsoft.AspNetCore.Mvc.Infrastructure.ControllerActionInvoker.<InvokeActionMethodAsync>g__Awaited|12_0(ControllerActionInvoker invoker, ValueTask`1 actionResultValueTask)
   at Microsoft.AspNetCore.Mvc.Infrastructure.ControllerActionInvoker.<InvokeNextActionFilterAsync>g__Awaited|10_0(ControllerActionInvoker invoker, Task lastTask, State next, Scope scope, Object state, Boolean isCompleted)
   at Microsoft.AspNetCore.Mvc.Infrastructure.ControllerActionInvoker.Rethrow(ActionExecutedContextSealed context)
   at Microsoft.AspNetCore.Mvc.Infrastructure.ControllerActionInvoker.Next(State& next, Scope& scope, Object& state, Boolean& isCompleted)
   at Microsoft.AspNetCore.Mvc.Infrastructure.ControllerActionInvoker.<InvokeInnerFilterAsync>g__Awaited|13_0(ControllerActionInvoker invoker, Task lastTask, State next, Scope scope, Object state, Boolean isCompleted)
   at Microsoft.AspNetCore.Mvc.Infrastructure.ResourceInvoker.<InvokeNextResourceFilter>g__Awaited|25_0(ResourceInvoker invoker, Task lastTask, State next, Scope scope, Object state, Boolean isCompleted)
   at Microsoft.AspNetCore.Mvc.Infrastructure.ResourceInvoker.Rethrow(ResourceExecutedContextSealed context)
   at Microsoft.AspNetCore.Mvc.Infrastructure.ResourceInvoker.Next(State& next, Scope& scope, Object& state, Boolean& isCompleted)
   at Microsoft.AspNetCore.Mvc.Infrastructure.ResourceInvoker.<InvokeFilterPipelineAsync>g__Awaited|20_0(ResourceInvoker invoker, Task lastTask, State next, Scope scope, Object state, Boolean isCompleted)
   at Microsoft.AspNetCore.Mvc.Infrastructure.ResourceInvoker.<InvokeAsync>g__Awaited|17_0(ResourceInvoker invoker, Task task, IDisposable scope)
   at Microsoft.AspNetCore.Mvc.Infrastructure.ResourceInvoker.<InvokeAsync>g__Awaited|17_0(ResourceInvoker invoker, Task task, IDisposable scope)
   at Microsoft.AspNetCore.Authorization.AuthorizationMiddleware.Invoke(HttpContext context)
   at Microsoft.AspNetCore.Authentication.AuthenticationMiddleware.Invoke(HttpContext context)
   at Prometheus.HttpMetrics.HttpRequestDurationMiddleware.Invoke(HttpContext context)
   at Prometheus.HttpMetrics.HttpRequestCountMiddleware.Invoke(HttpContext context)
   at Prometheus.HttpMetrics.HttpInProgressMiddleware.Invoke(HttpContext context)
   at Serilog.AspNetCore.RequestLoggingMiddleware.Invoke(HttpContext httpContext)
2026-04-20 15:11:04.952 +07:00 [ERR] Đã xảy ra lỗi hệ thống (Unhandled Exception).
System.Data.SqlTypes.SqlNullValueException: Data is Null. This method or property cannot be called on Null values.
   at Microsoft.Data.SqlClient.SqlBuffer.ThrowIfNull()
   at Microsoft.Data.SqlClient.SqlBuffer.get_Int32()
   at Microsoft.Data.SqlClient.SqlDataReader.GetInt32(Int32 i)
   at lambda_method238(Closure, QueryContext, DbDataReader, ResultContext, SingleQueryResultCoordinator)
   at Microsoft.EntityFrameworkCore.Query.Internal.SingleQueryingEnumerable`1.AsyncEnumerator.MoveNextAsync()
   at Microsoft.EntityFrameworkCore.EntityFrameworkQueryableExtensions.ToListAsync[TSource](IQueryable`1 source, CancellationToken cancellationToken)
   at Microsoft.EntityFrameworkCore.EntityFrameworkQueryableExtensions.ToListAsync[TSource](IQueryable`1 source, CancellationToken cancellationToken)
   at SmartLMS.Web.Controllers.DashboardController.GetStats() in C:\code\asp.net\SmartLMS.Web\Controllers\DashboardController.cs:line 100
   at Microsoft.AspNetCore.Mvc.Infrastructure.ActionMethodExecutor.TaskOfIActionResultExecutor.Execute(ActionContext actionContext, IActionResultTypeMapper mapper, ObjectMethodExecutor executor, Object controller, Object[] arguments)
   at Microsoft.AspNetCore.Mvc.Infrastructure.ControllerActionInvoker.<InvokeActionMethodAsync>g__Awaited|12_0(ControllerActionInvoker invoker, ValueTask`1 actionResultValueTask)
   at Microsoft.AspNetCore.Mvc.Infrastructure.ControllerActionInvoker.<InvokeNextActionFilterAsync>g__Awaited|10_0(ControllerActionInvoker invoker, Task lastTask, State next, Scope scope, Object state, Boolean isCompleted)
   at Microsoft.AspNetCore.Mvc.Infrastructure.ControllerActionInvoker.Rethrow(ActionExecutedContextSealed context)
   at Microsoft.AspNetCore.Mvc.Infrastructure.ControllerActionInvoker.Next(State& next, Scope& scope, Object& state, Boolean& isCompleted)
   at Microsoft.AspNetCore.Mvc.Infrastructure.ControllerActionInvoker.<InvokeInnerFilterAsync>g__Awaited|13_0(ControllerActionInvoker invoker, Task lastTask, State next, Scope scope, Object state, Boolean isCompleted)
   at Microsoft.AspNetCore.Mvc.Infrastructure.ResourceInvoker.<InvokeNextResourceFilter>g__Awaited|25_0(ResourceInvoker invoker, Task lastTask, State next, Scope scope, Object state, Boolean isCompleted)
   at Microsoft.AspNetCore.Mvc.Infrastructure.ResourceInvoker.Rethrow(ResourceExecutedContextSealed context)
   at Microsoft.AspNetCore.Mvc.Infrastructure.ResourceInvoker.Next(State& next, Scope& scope, Object& state, Boolean& isCompleted)
   at Microsoft.AspNetCore.Mvc.Infrastructure.ResourceInvoker.<InvokeFilterPipelineAsync>g__Awaited|20_0(ResourceInvoker invoker, Task lastTask, State next, Scope scope, Object state, Boolean isCompleted)
   at Microsoft.AspNetCore.Mvc.Infrastructure.ResourceInvoker.<InvokeAsync>g__Awaited|17_0(ResourceInvoker invoker, Task task, IDisposable scope)
   at Microsoft.AspNetCore.Mvc.Infrastructure.ResourceInvoker.<InvokeAsync>g__Awaited|17_0(ResourceInvoker invoker, Task task, IDisposable scope)
   at Microsoft.AspNetCore.Authorization.AuthorizationMiddleware.Invoke(HttpContext context)
   at Microsoft.AspNetCore.Authentication.AuthenticationMiddleware.Invoke(HttpContext context)
   at Prometheus.HttpMetrics.HttpRequestDurationMiddleware.Invoke(HttpContext context)
   at Prometheus.HttpMetrics.HttpRequestCountMiddleware.Invoke(HttpContext context)
   at Prometheus.HttpMetrics.HttpInProgressMiddleware.Invoke(HttpContext context)
   at Serilog.AspNetCore.RequestLoggingMiddleware.Invoke(HttpContext httpContext)
   at Microsoft.AspNetCore.OutputCaching.OutputCacheMiddleware.<>c__DisplayClass11_0.<<InvokeAwaited>g__ExecuteResponseAsync|0>d.MoveNext()
--- End of stack trace from previous location ---
   at Microsoft.AspNetCore.OutputCaching.WorkDispatcher`2.ScheduleAsync(TKey key, Func`2 valueFactory)
   at Microsoft.AspNetCore.OutputCaching.OutputCacheMiddleware.InvokeAwaited(HttpContext httpContext, IReadOnlyList`1 policies)
   at Microsoft.AspNetCore.ResponseCompression.ResponseCompressionMiddleware.InvokeCore(HttpContext context)
   at Swashbuckle.AspNetCore.SwaggerUI.SwaggerUIMiddleware.Invoke(HttpContext httpContext)
   at Swashbuckle.AspNetCore.Swagger.SwaggerMiddleware.Invoke(HttpContext httpContext, ISwaggerProvider swaggerProvider)
   at SmartLMS.Web.Middlewares.ApiExceptionHandlerMiddleware.Invoke(HttpContext context) in C:\code\asp.net\SmartLMS.Web\Middlewares\ApiExceptionHandlerMiddleware.cs:line 24
2026-04-20 15:11:04.963 +07:00 [ERR] An unhandled exception has occurred while executing the request.
System.Data.SqlTypes.SqlNullValueException: Data is Null. This method or property cannot be called on Null values.
   at SmartLMS.Web.Middlewares.ApiExceptionHandlerMiddleware.HandleExceptionAsync(HttpContext context, Exception exception) in C:\code\asp.net\SmartLMS.Web\Middlewares\ApiExceptionHandlerMiddleware.cs:line 54
   at SmartLMS.Web.Middlewares.ApiExceptionHandlerMiddleware.Invoke(HttpContext context) in C:\code\asp.net\SmartLMS.Web\Middlewares\ApiExceptionHandlerMiddleware.cs:line 29
   at Microsoft.AspNetCore.Diagnostics.DeveloperExceptionPageMiddlewareImpl.Invoke(HttpContext context)
2026-04-20 15:11:05.505 +07:00 [INF] HTTP GET /Dashboard/GetEngagementChart responded 200 in 1166.1984 ms
2026-04-20 15:11:11.043 +07:00 [INF] HTTP GET /IAM/ApiKeys responded 200 in 277.8935 ms
2026-04-20 15:11:11.108 +07:00 [INF] HTTP GET /dashboardHub responded 101 in 6686.4480 ms
2026-04-20 15:11:22.202 +07:00 [ERR] Failed executing DbCommand (21ms) [Parameters=[@p0='?' (Size = 4000), @p1='?' (Size = 4000), @p2='?' (Size = 4000), @p3='?' (Size = 4000), @p4='?' (Size = 4000), @p5='?' (Size = 4000), @p6='?' (Size = 4000), @p7='?' (Size = 4000), @p8='?' (DbType = DateTime), @p9='?' (DbType = Int32)], CommandType='"Text"', CommandTimeout='30']
SET IMPLICIT_TRANSACTIONS OFF;
SET NOCOUNT ON;
INSERT INTO [AuditLogs] ([ActionName], [ActionType], [ControllerName], [EntityId], [EntityName], [NewValues], [OldValues], [Parameters], [Timestamp], [UserId])
OUTPUT INSERTED.[AuditId]
VALUES (@p0, @p1, @p2, @p3, @p4, @p5, @p6, @p7, @p8, @p9);
2026-04-20 15:11:22.230 +07:00 [ERR] An exception occurred in the database while saving changes for context type 'SmartLMS.Data.SmartLMSContext'.
Microsoft.EntityFrameworkCore.DbUpdateException: An error occurred while saving the entity changes. See the inner exception for details.
 ---> Microsoft.Data.SqlClient.SqlException (0x80131904): Invalid column name 'NewValues'.
Invalid column name 'OldValues'.
   at Microsoft.Data.SqlClient.SqlCommand.<>c.<ExecuteDbDataReaderAsync>b__195_0(Task`1 result)
   at System.Threading.Tasks.ContinuationResultTaskFromResultTask`2.InnerInvoke()
   at System.Threading.ExecutionContext.RunInternal(ExecutionContext executionContext, ContextCallback callback, Object state)
--- End of stack trace from previous location ---
   at System.Threading.ExecutionContext.RunInternal(ExecutionContext executionContext, ContextCallback callback, Object state)
   at System.Threading.Tasks.Task.ExecuteWithThreadLocal(Task& currentTaskSlot, Thread threadPoolThread)
--- End of stack trace from previous location ---
   at Microsoft.EntityFrameworkCore.Storage.RelationalCommand.ExecuteReaderAsync(RelationalCommandParameterObject parameterObject, CancellationToken cancellationToken)
   at Microsoft.EntityFrameworkCore.Storage.RelationalCommand.ExecuteReaderAsync(RelationalCommandParameterObject parameterObject, CancellationToken cancellationToken)
   at Microsoft.EntityFrameworkCore.Update.ReaderModificationCommandBatch.ExecuteAsync(IRelationalConnection connection, CancellationToken cancellationToken)
ClientConnectionId:f3b39f7c-9fa3-4e31-a8b1-b8e0a4853d44
Error Number:207,State:1,Class:16
   --- End of inner exception stack trace ---
   at Microsoft.EntityFrameworkCore.Update.ReaderModificationCommandBatch.ExecuteAsync(IRelationalConnection connection, CancellationToken cancellationToken)
   at Microsoft.EntityFrameworkCore.SqlServer.Update.Internal.SqlServerModificationCommandBatch.ExecuteAsync(IRelationalConnection connection, CancellationToken cancellationToken)
   at Microsoft.EntityFrameworkCore.Update.Internal.BatchExecutor.ExecuteAsync(IEnumerable`1 commandBatches, IRelationalConnection connection, CancellationToken cancellationToken)
   at Microsoft.EntityFrameworkCore.Update.Internal.BatchExecutor.ExecuteAsync(IEnumerable`1 commandBatches, IRelationalConnection connection, CancellationToken cancellationToken)
   at Microsoft.EntityFrameworkCore.Update.Internal.BatchExecutor.ExecuteAsync(IEnumerable`1 commandBatches, IRelationalConnection connection, CancellationToken cancellationToken)
   at Microsoft.EntityFrameworkCore.ChangeTracking.Internal.StateManager.SaveChangesAsync(IList`1 entriesToSave, CancellationToken cancellationToken)
   at Microsoft.EntityFrameworkCore.ChangeTracking.Internal.StateManager.SaveChangesAsync(StateManager stateManager, Boolean acceptAllChangesOnSuccess, CancellationToken cancellationToken)
   at Microsoft.EntityFrameworkCore.SqlServer.Storage.Internal.SqlServerExecutionStrategy.ExecuteAsync[TState,TResult](TState state, Func`4 operation, Func`4 verifySucceeded, CancellationToken cancellationToken)
   at Microsoft.EntityFrameworkCore.DbContext.SaveChangesAsync(Boolean acceptAllChangesOnSuccess, CancellationToken cancellationToken)
Microsoft.EntityFrameworkCore.DbUpdateException: An error occurred while saving the entity changes. See the inner exception for details.
 ---> Microsoft.Data.SqlClient.SqlException (0x80131904): Invalid column name 'NewValues'.
Invalid column name 'OldValues'.
   at Microsoft.Data.SqlClient.SqlCommand.<>c.<ExecuteDbDataReaderAsync>b__195_0(Task`1 result)
   at System.Threading.Tasks.ContinuationResultTaskFromResultTask`2.InnerInvoke()
   at System.Threading.ExecutionContext.RunInternal(ExecutionContext executionContext, ContextCallback callback, Object state)
--- End of stack trace from previous location ---
   at System.Threading.ExecutionContext.RunInternal(ExecutionContext executionContext, ContextCallback callback, Object state)
   at System.Threading.Tasks.Task.ExecuteWithThreadLocal(Task& currentTaskSlot, Thread threadPoolThread)
--- End of stack trace from previous location ---
   at Microsoft.EntityFrameworkCore.Storage.RelationalCommand.ExecuteReaderAsync(RelationalCommandParameterObject parameterObject, CancellationToken cancellationToken)
   at Microsoft.EntityFrameworkCore.Storage.RelationalCommand.ExecuteReaderAsync(RelationalCommandParameterObject parameterObject, CancellationToken cancellationToken)
   at Microsoft.EntityFrameworkCore.Update.ReaderModificationCommandBatch.ExecuteAsync(IRelationalConnection connection, CancellationToken cancellationToken)
ClientConnectionId:f3b39f7c-9fa3-4e31-a8b1-b8e0a4853d44
Error Number:207,State:1,Class:16
   --- End of inner exception stack trace ---
   at Microsoft.EntityFrameworkCore.Update.ReaderModificationCommandBatch.ExecuteAsync(IRelationalConnection connection, CancellationToken cancellationToken)
   at Microsoft.EntityFrameworkCore.SqlServer.Update.Internal.SqlServerModificationCommandBatch.ExecuteAsync(IRelationalConnection connection, CancellationToken cancellationToken)
   at Microsoft.EntityFrameworkCore.Update.Internal.BatchExecutor.ExecuteAsync(IEnumerable`1 commandBatches, IRelationalConnection connection, CancellationToken cancellationToken)
   at Microsoft.EntityFrameworkCore.Update.Internal.BatchExecutor.ExecuteAsync(IEnumerable`1 commandBatches, IRelationalConnection connection, CancellationToken cancellationToken)
   at Microsoft.EntityFrameworkCore.Update.Internal.BatchExecutor.ExecuteAsync(IEnumerable`1 commandBatches, IRelationalConnection connection, CancellationToken cancellationToken)
   at Microsoft.EntityFrameworkCore.ChangeTracking.Internal.StateManager.SaveChangesAsync(IList`1 entriesToSave, CancellationToken cancellationToken)
   at Microsoft.EntityFrameworkCore.ChangeTracking.Internal.StateManager.SaveChangesAsync(StateManager stateManager, Boolean acceptAllChangesOnSuccess, CancellationToken cancellationToken)
   at Microsoft.EntityFrameworkCore.SqlServer.Storage.Internal.SqlServerExecutionStrategy.ExecuteAsync[TState,TResult](TState state, Func`4 operation, Func`4 verifySucceeded, CancellationToken cancellationToken)
   at Microsoft.EntityFrameworkCore.DbContext.SaveChangesAsync(Boolean acceptAllChangesOnSuccess, CancellationToken cancellationToken)
2026-04-20 15:11:22.237 +07:00 [ERR] HTTP POST /IAM/GenerateApiKey responded 500 in 548.1121 ms
Microsoft.EntityFrameworkCore.DbUpdateException: An error occurred while saving the entity changes. See the inner exception for details.
 ---> Microsoft.Data.SqlClient.SqlException (0x80131904): Invalid column name 'NewValues'.
Invalid column name 'OldValues'.
   at Microsoft.Data.SqlClient.SqlCommand.<>c.<ExecuteDbDataReaderAsync>b__195_0(Task`1 result)
   at System.Threading.Tasks.ContinuationResultTaskFromResultTask`2.InnerInvoke()
   at System.Threading.ExecutionContext.RunInternal(ExecutionContext executionContext, ContextCallback callback, Object state)
--- End of stack trace from previous location ---
   at System.Threading.ExecutionContext.RunInternal(ExecutionContext executionContext, ContextCallback callback, Object state)
   at System.Threading.Tasks.Task.ExecuteWithThreadLocal(Task& currentTaskSlot, Thread threadPoolThread)
--- End of stack trace from previous location ---
   at Microsoft.EntityFrameworkCore.Storage.RelationalCommand.ExecuteReaderAsync(RelationalCommandParameterObject parameterObject, CancellationToken cancellationToken)
   at Microsoft.EntityFrameworkCore.Storage.RelationalCommand.ExecuteReaderAsync(RelationalCommandParameterObject parameterObject, CancellationToken cancellationToken)
   at Microsoft.EntityFrameworkCore.Update.ReaderModificationCommandBatch.ExecuteAsync(IRelationalConnection connection, CancellationToken cancellationToken)
ClientConnectionId:f3b39f7c-9fa3-4e31-a8b1-b8e0a4853d44
Error Number:207,State:1,Class:16
   --- End of inner exception stack trace ---
   at Microsoft.EntityFrameworkCore.Update.ReaderModificationCommandBatch.ExecuteAsync(IRelationalConnection connection, CancellationToken cancellationToken)
   at Microsoft.EntityFrameworkCore.SqlServer.Update.Internal.SqlServerModificationCommandBatch.ExecuteAsync(IRelationalConnection connection, CancellationToken cancellationToken)
   at Microsoft.EntityFrameworkCore.Update.Internal.BatchExecutor.ExecuteAsync(IEnumerable`1 commandBatches, IRelationalConnection connection, CancellationToken cancellationToken)
   at Microsoft.EntityFrameworkCore.Update.Internal.BatchExecutor.ExecuteAsync(IEnumerable`1 commandBatches, IRelationalConnection connection, CancellationToken cancellationToken)
   at Microsoft.EntityFrameworkCore.Update.Internal.BatchExecutor.ExecuteAsync(IEnumerable`1 commandBatches, IRelationalConnection connection, CancellationToken cancellationToken)
   at Microsoft.EntityFrameworkCore.ChangeTracking.Internal.StateManager.SaveChangesAsync(IList`1 entriesToSave, CancellationToken cancellationToken)
   at Microsoft.EntityFrameworkCore.ChangeTracking.Internal.StateManager.SaveChangesAsync(StateManager stateManager, Boolean acceptAllChangesOnSuccess, CancellationToken cancellationToken)
   at Microsoft.EntityFrameworkCore.SqlServer.Storage.Internal.SqlServerExecutionStrategy.ExecuteAsync[TState,TResult](TState state, Func`4 operation, Func`4 verifySucceeded, CancellationToken cancellationToken)
   at Microsoft.EntityFrameworkCore.DbContext.SaveChangesAsync(Boolean acceptAllChangesOnSuccess, CancellationToken cancellationToken)
   at Microsoft.EntityFrameworkCore.DbContext.SaveChangesAsync(Boolean acceptAllChangesOnSuccess, CancellationToken cancellationToken)
   at SmartLMS.Data.SmartLMSContext.SaveChangesAsync(CancellationToken cancellationToken) in C:\code\asp.net\SmartLMS.Data\SmartLMSContext.cs:line 46
   at SmartLMS.Business.ApiKeyService.GenerateKeyAsync(Int32 organizationId, String name) in C:\code\asp.net\SmartLMS.Business\ApiKeyService.cs:line 51
   at SmartLMS.Web.Controllers.IAMController.GenerateApiKey(String name) in C:\code\asp.net\SmartLMS.Web\Controllers\IAMController.cs:line 84
   at Microsoft.AspNetCore.Mvc.Infrastructure.ActionMethodExecutor.TaskOfIActionResultExecutor.Execute(ActionContext actionContext, IActionResultTypeMapper mapper, ObjectMethodExecutor executor, Object controller, Object[] arguments)
   at Microsoft.AspNetCore.Mvc.Infrastructure.ControllerActionInvoker.<InvokeActionMethodAsync>g__Awaited|12_0(ControllerActionInvoker invoker, ValueTask`1 actionResultValueTask)
   at Microsoft.AspNetCore.Mvc.Infrastructure.ControllerActionInvoker.<InvokeNextActionFilterAsync>g__Awaited|10_0(ControllerActionInvoker invoker, Task lastTask, State next, Scope scope, Object state, Boolean isCompleted)
   at Microsoft.AspNetCore.Mvc.Infrastructure.ControllerActionInvoker.Rethrow(ActionExecutedContextSealed context)
   at Microsoft.AspNetCore.Mvc.Infrastructure.ControllerActionInvoker.Next(State& next, Scope& scope, Object& state, Boolean& isCompleted)
   at Microsoft.AspNetCore.Mvc.Infrastructure.ControllerActionInvoker.<InvokeInnerFilterAsync>g__Awaited|13_0(ControllerActionInvoker invoker, Task lastTask, State next, Scope scope, Object state, Boolean isCompleted)
   at Microsoft.AspNetCore.Mvc.Infrastructure.ResourceInvoker.<InvokeNextResourceFilter>g__Awaited|25_0(ResourceInvoker invoker, Task lastTask, State next, Scope scope, Object state, Boolean isCompleted)
   at Microsoft.AspNetCore.Mvc.Infrastructure.ResourceInvoker.Rethrow(ResourceExecutedContextSealed context)
   at Microsoft.AspNetCore.Mvc.Infrastructure.ResourceInvoker.Next(State& next, Scope& scope, Object& state, Boolean& isCompleted)
   at Microsoft.AspNetCore.Mvc.Infrastructure.ResourceInvoker.<InvokeFilterPipelineAsync>g__Awaited|20_0(ResourceInvoker invoker, Task lastTask, State next, Scope scope, Object state, Boolean isCompleted)
   at Microsoft.AspNetCore.Mvc.Infrastructure.ResourceInvoker.<InvokeAsync>g__Awaited|17_0(ResourceInvoker invoker, Task task, IDisposable scope)
   at Microsoft.AspNetCore.Mvc.Infrastructure.ResourceInvoker.<InvokeAsync>g__Awaited|17_0(ResourceInvoker invoker, Task task, IDisposable scope)
   at Microsoft.AspNetCore.Authorization.AuthorizationMiddleware.Invoke(HttpContext context)
   at Microsoft.AspNetCore.Authentication.AuthenticationMiddleware.Invoke(HttpContext context)
   at Prometheus.HttpMetrics.HttpRequestDurationMiddleware.Invoke(HttpContext context)
   at Prometheus.HttpMetrics.HttpRequestCountMiddleware.Invoke(HttpContext context)
   at Prometheus.HttpMetrics.HttpInProgressMiddleware.Invoke(HttpContext context)
   at Serilog.AspNetCore.RequestLoggingMiddleware.Invoke(HttpContext httpContext)
2026-04-20 15:11:22.273 +07:00 [ERR] Đã xảy ra lỗi hệ thống (Unhandled Exception).
Microsoft.EntityFrameworkCore.DbUpdateException: An error occurred while saving the entity changes. See the inner exception for details.
 ---> Microsoft.Data.SqlClient.SqlException (0x80131904): Invalid column name 'NewValues'.
Invalid column name 'OldValues'.
   at Microsoft.Data.SqlClient.SqlCommand.<>c.<ExecuteDbDataReaderAsync>b__195_0(Task`1 result)
   at System.Threading.Tasks.ContinuationResultTaskFromResultTask`2.InnerInvoke()
   at System.Threading.ExecutionContext.RunInternal(ExecutionContext executionContext, ContextCallback callback, Object state)
--- End of stack trace from previous location ---
   at System.Threading.ExecutionContext.RunInternal(ExecutionContext executionContext, ContextCallback callback, Object state)
   at System.Threading.Tasks.Task.ExecuteWithThreadLocal(Task& currentTaskSlot, Thread threadPoolThread)
--- End of stack trace from previous location ---
   at Microsoft.EntityFrameworkCore.Storage.RelationalCommand.ExecuteReaderAsync(RelationalCommandParameterObject parameterObject, CancellationToken cancellationToken)
   at Microsoft.EntityFrameworkCore.Storage.RelationalCommand.ExecuteReaderAsync(RelationalCommandParameterObject parameterObject, CancellationToken cancellationToken)
   at Microsoft.EntityFrameworkCore.Update.ReaderModificationCommandBatch.ExecuteAsync(IRelationalConnection connection, CancellationToken cancellationToken)
ClientConnectionId:f3b39f7c-9fa3-4e31-a8b1-b8e0a4853d44
Error Number:207,State:1,Class:16
   --- End of inner exception stack trace ---
   at Microsoft.EntityFrameworkCore.Update.ReaderModificationCommandBatch.ExecuteAsync(IRelationalConnection connection, CancellationToken cancellationToken)
   at Microsoft.EntityFrameworkCore.SqlServer.Update.Internal.SqlServerModificationCommandBatch.ExecuteAsync(IRelationalConnection connection, CancellationToken cancellationToken)
   at Microsoft.EntityFrameworkCore.Update.Internal.BatchExecutor.ExecuteAsync(IEnumerable`1 commandBatches, IRelationalConnection connection, CancellationToken cancellationToken)
   at Microsoft.EntityFrameworkCore.Update.Internal.BatchExecutor.ExecuteAsync(IEnumerable`1 commandBatches, IRelationalConnection connection, CancellationToken cancellationToken)
   at Microsoft.EntityFrameworkCore.Update.Internal.BatchExecutor.ExecuteAsync(IEnumerable`1 commandBatches, IRelationalConnection connection, CancellationToken cancellationToken)
   at Microsoft.EntityFrameworkCore.ChangeTracking.Internal.StateManager.SaveChangesAsync(IList`1 entriesToSave, CancellationToken cancellationToken)
   at Microsoft.EntityFrameworkCore.ChangeTracking.Internal.StateManager.SaveChangesAsync(StateManager stateManager, Boolean acceptAllChangesOnSuccess, CancellationToken cancellationToken)
   at Microsoft.EntityFrameworkCore.SqlServer.Storage.Internal.SqlServerExecutionStrategy.ExecuteAsync[TState,TResult](TState state, Func`4 operation, Func`4 verifySucceeded, CancellationToken cancellationToken)
   at Microsoft.EntityFrameworkCore.DbContext.SaveChangesAsync(Boolean acceptAllChangesOnSuccess, CancellationToken cancellationToken)
   at Microsoft.EntityFrameworkCore.DbContext.SaveChangesAsync(Boolean acceptAllChangesOnSuccess, CancellationToken cancellationToken)
   at SmartLMS.Data.SmartLMSContext.SaveChangesAsync(CancellationToken cancellationToken) in C:\code\asp.net\SmartLMS.Data\SmartLMSContext.cs:line 46
   at SmartLMS.Business.ApiKeyService.GenerateKeyAsync(Int32 organizationId, String name) in C:\code\asp.net\SmartLMS.Business\ApiKeyService.cs:line 51
   at SmartLMS.Web.Controllers.IAMController.GenerateApiKey(String name) in C:\code\asp.net\SmartLMS.Web\Controllers\IAMController.cs:line 84
   at Microsoft.AspNetCore.Mvc.Infrastructure.ActionMethodExecutor.TaskOfIActionResultExecutor.Execute(ActionContext actionContext, IActionResultTypeMapper mapper, ObjectMethodExecutor executor, Object controller, Object[] arguments)
   at Microsoft.AspNetCore.Mvc.Infrastructure.ControllerActionInvoker.<InvokeActionMethodAsync>g__Awaited|12_0(ControllerActionInvoker invoker, ValueTask`1 actionResultValueTask)
   at Microsoft.AspNetCore.Mvc.Infrastructure.ControllerActionInvoker.<InvokeNextActionFilterAsync>g__Awaited|10_0(ControllerActionInvoker invoker, Task lastTask, State next, Scope scope, Object state, Boolean isCompleted)
   at Microsoft.AspNetCore.Mvc.Infrastructure.ControllerActionInvoker.Rethrow(ActionExecutedContextSealed context)
   at Microsoft.AspNetCore.Mvc.Infrastructure.ControllerActionInvoker.Next(State& next, Scope& scope, Object& state, Boolean& isCompleted)
   at Microsoft.AspNetCore.Mvc.Infrastructure.ControllerActionInvoker.<InvokeInnerFilterAsync>g__Awaited|13_0(ControllerActionInvoker invoker, Task lastTask, State next, Scope scope, Object state, Boolean isCompleted)
   at Microsoft.AspNetCore.Mvc.Infrastructure.ResourceInvoker.<InvokeNextResourceFilter>g__Awaited|25_0(ResourceInvoker invoker, Task lastTask, State next, Scope scope, Object state, Boolean isCompleted)
   at Microsoft.AspNetCore.Mvc.Infrastructure.ResourceInvoker.Rethrow(ResourceExecutedContextSealed context)
   at Microsoft.AspNetCore.Mvc.Infrastructure.ResourceInvoker.Next(State& next, Scope& scope, Object& state, Boolean& isCompleted)
   at Microsoft.AspNetCore.Mvc.Infrastructure.ResourceInvoker.<InvokeFilterPipelineAsync>g__Awaited|20_0(ResourceInvoker invoker, Task lastTask, State next, Scope scope, Object state, Boolean isCompleted)
   at Microsoft.AspNetCore.Mvc.Infrastructure.ResourceInvoker.<InvokeAsync>g__Awaited|17_0(ResourceInvoker invoker, Task task, IDisposable scope)
   at Microsoft.AspNetCore.Mvc.Infrastructure.ResourceInvoker.<InvokeAsync>g__Awaited|17_0(ResourceInvoker invoker, Task task, IDisposable scope)
   at Microsoft.AspNetCore.Authorization.AuthorizationMiddleware.Invoke(HttpContext context)
   at Microsoft.AspNetCore.Authentication.AuthenticationMiddleware.Invoke(HttpContext context)
   at Prometheus.HttpMetrics.HttpRequestDurationMiddleware.Invoke(HttpContext context)
   at Prometheus.HttpMetrics.HttpRequestCountMiddleware.Invoke(HttpContext context)
   at Prometheus.HttpMetrics.HttpInProgressMiddleware.Invoke(HttpContext context)
   at Serilog.AspNetCore.RequestLoggingMiddleware.Invoke(HttpContext httpContext)
   at Microsoft.AspNetCore.OutputCaching.OutputCacheMiddleware.InvokeAwaited(HttpContext httpContext, IReadOnlyList`1 policies)
   at Microsoft.AspNetCore.ResponseCompression.ResponseCompressionMiddleware.InvokeCore(HttpContext context)
   at Swashbuckle.AspNetCore.SwaggerUI.SwaggerUIMiddleware.Invoke(HttpContext httpContext)
   at Swashbuckle.AspNetCore.Swagger.SwaggerMiddleware.Invoke(HttpContext httpContext, ISwaggerProvider swaggerProvider)
   at SmartLMS.Web.Middlewares.ApiExceptionHandlerMiddleware.Invoke(HttpContext context) in C:\code\asp.net\SmartLMS.Web\Middlewares\ApiExceptionHandlerMiddleware.cs:line 24
2026-04-20 15:11:22.280 +07:00 [ERR] An unhandled exception has occurred while executing the request.
Microsoft.EntityFrameworkCore.DbUpdateException: An error occurred while saving the entity changes. See the inner exception for details.
 ---> Microsoft.Data.SqlClient.SqlException (0x80131904): Invalid column name 'NewValues'.
Invalid column name 'OldValues'.
   at Microsoft.Data.SqlClient.SqlCommand.<>c.<ExecuteDbDataReaderAsync>b__195_0(Task`1 result)
   at System.Threading.Tasks.ContinuationResultTaskFromResultTask`2.InnerInvoke()
   at System.Threading.ExecutionContext.RunInternal(ExecutionContext executionContext, ContextCallback callback, Object state)
--- End of stack trace from previous location ---
   at System.Threading.ExecutionContext.RunInternal(ExecutionContext executionContext, ContextCallback callback, Object state)
   at System.Threading.Tasks.Task.ExecuteWithThreadLocal(Task& currentTaskSlot, Thread threadPoolThread)
--- End of stack trace from previous location ---
   at Microsoft.EntityFrameworkCore.Storage.RelationalCommand.ExecuteReaderAsync(RelationalCommandParameterObject parameterObject, CancellationToken cancellationToken)
   at Microsoft.EntityFrameworkCore.Storage.RelationalCommand.ExecuteReaderAsync(RelationalCommandParameterObject parameterObject, CancellationToken cancellationToken)
   at Microsoft.EntityFrameworkCore.Update.ReaderModificationCommandBatch.ExecuteAsync(IRelationalConnection connection, CancellationToken cancellationToken)
ClientConnectionId:f3b39f7c-9fa3-4e31-a8b1-b8e0a4853d44
Error Number:207,State:1,Class:16
   --- End of inner exception stack trace ---
   at SmartLMS.Web.Middlewares.ApiExceptionHandlerMiddleware.HandleExceptionAsync(HttpContext context, Exception exception) in C:\code\asp.net\SmartLMS.Web\Middlewares\ApiExceptionHandlerMiddleware.cs:line 54
   at SmartLMS.Web.Middlewares.ApiExceptionHandlerMiddleware.Invoke(HttpContext context) in C:\code\asp.net\SmartLMS.Web\Middlewares\ApiExceptionHandlerMiddleware.cs:line 29
   at Microsoft.AspNetCore.Diagnostics.DeveloperExceptionPageMiddlewareImpl.Invoke(HttpContext context)
2026-04-20 15:11:22.463 +07:00 [INF] HTTP GET /favicon.ico responded 404 in 8.4892 ms
2026-04-20 15:12:45.912 +07:00 [INF] HTTP GET /IAM/ApiKeys responded 200 in 89.6030 ms
2026-04-20 15:12:51.010 +07:00 [INF] 🛡️ [IAM AUDIT TRAIL] User 'System Administrator' executed POST on /IAM/RevokeApiKey. Context: SmartLMS.Web.Controllers.IAMController.RevokeApiKey (SmartLMS.Web)
2026-04-20 15:12:51.011 +07:00 [INF] HTTP POST /IAM/RevokeApiKey responded 302 in 145.5764 ms
2026-04-20 15:12:51.053 +07:00 [INF] HTTP GET /IAM/ApiKeys responded 200 in 38.2825 ms
2026-04-20 15:12:53.388 +07:00 [INF] HTTP GET /IAM/ApiKeys responded 200 in 36.8836 ms
2026-04-20 15:12:57.720 +07:00 [INF] 🛡️ [IAM AUDIT TRAIL] User 'System Administrator' executed POST on /IAM/GenerateApiKey. Context: SmartLMS.Web.Controllers.IAMController.GenerateApiKey (SmartLMS.Web)
2026-04-20 15:12:57.724 +07:00 [INF] HTTP POST /IAM/GenerateApiKey responded 302 in 40.2159 ms
2026-04-20 15:12:57.765 +07:00 [INF] HTTP GET /IAM/ApiKeys responded 200 in 34.9825 ms
2026-04-20 15:15:18.524 +07:00 [INF] 1 servers were removed due to timeout
2026-04-20 15:16:42.824 +07:00 [ERR] An exception occurred while iterating over the results of a query for context type 'SmartLMS.Data.SmartLMSContext'.
System.Data.SqlTypes.SqlNullValueException: Data is Null. This method or property cannot be called on Null values.
   at Microsoft.Data.SqlClient.SqlBuffer.get_Int32()
   at lambda_method608(Closure, QueryContext, DbDataReader, ResultContext, SingleQueryResultCoordinator)
   at Microsoft.EntityFrameworkCore.Query.Internal.SingleQueryingEnumerable`1.AsyncEnumerator.MoveNextAsync()
System.Data.SqlTypes.SqlNullValueException: Data is Null. This method or property cannot be called on Null values.
   at Microsoft.Data.SqlClient.SqlBuffer.get_Int32()
   at lambda_method608(Closure, QueryContext, DbDataReader, ResultContext, SingleQueryResultCoordinator)
   at Microsoft.EntityFrameworkCore.Query.Internal.SingleQueryingEnumerable`1.AsyncEnumerator.MoveNextAsync()
2026-04-20 15:16:42.845 +07:00 [INF] 🛡️ [IAM AUDIT TRAIL] User 'System Administrator' executed POST on /api/AssessmentApi/questions. Context: SmartLMS.Web.Controllers.AssessmentApiController.GetQuestions (SmartLMS.Web)
2026-04-20 15:16:42.860 +07:00 [ERR] HTTP POST /api/AssessmentApi/questions responded 500 in 154.4131 ms
2026-04-20 15:16:55.385 +07:00 [ERR] Failed executing DbCommand (5ms) [Parameters=[@__hashed_0='?' (Size = 4000)], CommandType='"Text"', CommandTimeout='30']
SELECT TOP(1) [a].[KeyId], [a].[CreatedAt], [a].[HashedKey], [a].[IsActive], [a].[KeyPreview], [a].[LastUsed], [a].[Name], [a].[OrganizationId], [o].[OrganizationId], [o].[CreatedAt], [o].[Domain], [o].[IsActive], [o].[Name], [o].[RateLimitTier]
FROM [ApiKeys] AS [a]
INNER JOIN [Organizations] AS [o] ON [a].[OrganizationId] = [o].[OrganizationId]
WHERE [a].[HashedKey] = @__hashed_0 AND [a].[IsActive] = CAST(1 AS bit)
2026-04-20 15:16:55.388 +07:00 [ERR] An exception occurred while iterating over the results of a query for context type 'SmartLMS.Data.SmartLMSContext'.
Microsoft.Data.SqlClient.SqlException (0x80131904): Invalid column name 'Domain'.
   at Microsoft.Data.SqlClient.SqlCommand.<>c.<ExecuteDbDataReaderAsync>b__195_0(Task`1 result)
   at System.Threading.Tasks.ContinuationResultTaskFromResultTask`2.InnerInvoke()
   at System.Threading.ExecutionContext.RunInternal(ExecutionContext executionContext, ContextCallback callback, Object state)
--- End of stack trace from previous location ---
   at System.Threading.ExecutionContext.RunInternal(ExecutionContext executionContext, ContextCallback callback, Object state)
   at System.Threading.Tasks.Task.ExecuteWithThreadLocal(Task& currentTaskSlot, Thread threadPoolThread)
--- End of stack trace from previous location ---
   at Microsoft.EntityFrameworkCore.Storage.RelationalCommand.ExecuteReaderAsync(RelationalCommandParameterObject parameterObject, CancellationToken cancellationToken)
   at Microsoft.EntityFrameworkCore.Storage.RelationalCommand.ExecuteReaderAsync(RelationalCommandParameterObject parameterObject, CancellationToken cancellationToken)
   at Microsoft.EntityFrameworkCore.Query.Internal.SingleQueryingEnumerable`1.AsyncEnumerator.InitializeReaderAsync(AsyncEnumerator enumerator, CancellationToken cancellationToken)
   at Microsoft.EntityFrameworkCore.SqlServer.Storage.Internal.SqlServerExecutionStrategy.ExecuteAsync[TState,TResult](TState state, Func`4 operation, Func`4 verifySucceeded, CancellationToken cancellationToken)
   at Microsoft.EntityFrameworkCore.Query.Internal.SingleQueryingEnumerable`1.AsyncEnumerator.MoveNextAsync()
ClientConnectionId:9a21d19a-947f-4e4a-a99c-e7afc52fe869
Error Number:207,State:1,Class:16
Microsoft.Data.SqlClient.SqlException (0x80131904): Invalid column name 'Domain'.
   at Microsoft.Data.SqlClient.SqlCommand.<>c.<ExecuteDbDataReaderAsync>b__195_0(Task`1 result)
   at System.Threading.Tasks.ContinuationResultTaskFromResultTask`2.InnerInvoke()
   at System.Threading.ExecutionContext.RunInternal(ExecutionContext executionContext, ContextCallback callback, Object state)
--- End of stack trace from previous location ---
   at System.Threading.ExecutionContext.RunInternal(ExecutionContext executionContext, ContextCallback callback, Object state)
   at System.Threading.Tasks.Task.ExecuteWithThreadLocal(Task& currentTaskSlot, Thread threadPoolThread)
--- End of stack trace from previous location ---
   at Microsoft.EntityFrameworkCore.Storage.RelationalCommand.ExecuteReaderAsync(RelationalCommandParameterObject parameterObject, CancellationToken cancellationToken)
   at Microsoft.EntityFrameworkCore.Storage.RelationalCommand.ExecuteReaderAsync(RelationalCommandParameterObject parameterObject, CancellationToken cancellationToken)
   at Microsoft.EntityFrameworkCore.Query.Internal.SingleQueryingEnumerable`1.AsyncEnumerator.InitializeReaderAsync(AsyncEnumerator enumerator, CancellationToken cancellationToken)
   at Microsoft.EntityFrameworkCore.SqlServer.Storage.Internal.SqlServerExecutionStrategy.ExecuteAsync[TState,TResult](TState state, Func`4 operation, Func`4 verifySucceeded, CancellationToken cancellationToken)
   at Microsoft.EntityFrameworkCore.Query.Internal.SingleQueryingEnumerable`1.AsyncEnumerator.MoveNextAsync()
ClientConnectionId:9a21d19a-947f-4e4a-a99c-e7afc52fe869
Error Number:207,State:1,Class:16
2026-04-20 15:16:55.394 +07:00 [ERR] HTTP GET /api/public/CoursesApi responded 500 in 110.8659 ms
Microsoft.Data.SqlClient.SqlException (0x80131904): Invalid column name 'Domain'.
   at Microsoft.Data.SqlClient.SqlCommand.<>c.<ExecuteDbDataReaderAsync>b__195_0(Task`1 result)
   at System.Threading.Tasks.ContinuationResultTaskFromResultTask`2.InnerInvoke()
   at System.Threading.ExecutionContext.RunInternal(ExecutionContext executionContext, ContextCallback callback, Object state)
--- End of stack trace from previous location ---
   at System.Threading.ExecutionContext.RunInternal(ExecutionContext executionContext, ContextCallback callback, Object state)
   at System.Threading.Tasks.Task.ExecuteWithThreadLocal(Task& currentTaskSlot, Thread threadPoolThread)
--- End of stack trace from previous location ---
   at Microsoft.EntityFrameworkCore.Storage.RelationalCommand.ExecuteReaderAsync(RelationalCommandParameterObject parameterObject, CancellationToken cancellationToken)
   at Microsoft.EntityFrameworkCore.Storage.RelationalCommand.ExecuteReaderAsync(RelationalCommandParameterObject parameterObject, CancellationToken cancellationToken)
   at Microsoft.EntityFrameworkCore.Query.Internal.SingleQueryingEnumerable`1.AsyncEnumerator.InitializeReaderAsync(AsyncEnumerator enumerator, CancellationToken cancellationToken)
   at Microsoft.EntityFrameworkCore.SqlServer.Storage.Internal.SqlServerExecutionStrategy.ExecuteAsync[TState,TResult](TState state, Func`4 operation, Func`4 verifySucceeded, CancellationToken cancellationToken)
   at Microsoft.EntityFrameworkCore.Query.Internal.SingleQueryingEnumerable`1.AsyncEnumerator.MoveNextAsync()
   at Microsoft.EntityFrameworkCore.Query.ShapedQueryCompilingExpressionVisitor.SingleOrDefaultAsync[TSource](IAsyncEnumerable`1 asyncEnumerable, CancellationToken cancellationToken)
   at Microsoft.EntityFrameworkCore.Query.ShapedQueryCompilingExpressionVisitor.SingleOrDefaultAsync[TSource](IAsyncEnumerable`1 asyncEnumerable, CancellationToken cancellationToken)
   at SmartLMS.Business.ApiKeyService.ValidateKeyAsync(String apiKey) in C:\code\asp.net\SmartLMS.Business\ApiKeyService.cs:line 61
   at SmartLMS.Web.Security.ApiKeyAuthHandler.HandleAuthenticateAsync() in C:\code\asp.net\SmartLMS.Web\Security\ApiKeyAuthHandler.cs:line 47
   at Microsoft.AspNetCore.Authentication.AuthenticationHandler`1.AuthenticateAsync()
   at Microsoft.AspNetCore.Authentication.AuthenticationService.AuthenticateAsync(HttpContext context, String scheme)
   at Microsoft.AspNetCore.Authorization.Policy.PolicyEvaluator.AuthenticateAsync(AuthorizationPolicy policy, HttpContext context)
   at Microsoft.AspNetCore.Authorization.AuthorizationMiddleware.Invoke(HttpContext context)
   at Microsoft.AspNetCore.Authentication.AuthenticationMiddleware.Invoke(HttpContext context)
   at Prometheus.HttpMetrics.HttpRequestDurationMiddleware.Invoke(HttpContext context)
   at Prometheus.HttpMetrics.HttpRequestCountMiddleware.Invoke(HttpContext context)
   at Prometheus.HttpMetrics.HttpInProgressMiddleware.Invoke(HttpContext context)
   at Serilog.AspNetCore.RequestLoggingMiddleware.Invoke(HttpContext httpContext)
ClientConnectionId:9a21d19a-947f-4e4a-a99c-e7afc52fe869
Error Number:207,State:1,Class:16
2026-04-20 15:16:55.404 +07:00 [ERR] Đã xảy ra lỗi hệ thống (Unhandled Exception).
Microsoft.Data.SqlClient.SqlException (0x80131904): Invalid column name 'Domain'.
   at Microsoft.Data.SqlClient.SqlCommand.<>c.<ExecuteDbDataReaderAsync>b__195_0(Task`1 result)
   at System.Threading.Tasks.ContinuationResultTaskFromResultTask`2.InnerInvoke()
   at System.Threading.ExecutionContext.RunInternal(ExecutionContext executionContext, ContextCallback callback, Object state)
--- End of stack trace from previous location ---
   at System.Threading.ExecutionContext.RunInternal(ExecutionContext executionContext, ContextCallback callback, Object state)
   at System.Threading.Tasks.Task.ExecuteWithThreadLocal(Task& currentTaskSlot, Thread threadPoolThread)
--- End of stack trace from previous location ---
   at Microsoft.EntityFrameworkCore.Storage.RelationalCommand.ExecuteReaderAsync(RelationalCommandParameterObject parameterObject, CancellationToken cancellationToken)
   at Microsoft.EntityFrameworkCore.Storage.RelationalCommand.ExecuteReaderAsync(RelationalCommandParameterObject parameterObject, CancellationToken cancellationToken)
   at Microsoft.EntityFrameworkCore.Query.Internal.SingleQueryingEnumerable`1.AsyncEnumerator.InitializeReaderAsync(AsyncEnumerator enumerator, CancellationToken cancellationToken)
   at Microsoft.EntityFrameworkCore.SqlServer.Storage.Internal.SqlServerExecutionStrategy.ExecuteAsync[TState,TResult](TState state, Func`4 operation, Func`4 verifySucceeded, CancellationToken cancellationToken)
   at Microsoft.EntityFrameworkCore.Query.Internal.SingleQueryingEnumerable`1.AsyncEnumerator.MoveNextAsync()
   at Microsoft.EntityFrameworkCore.Query.ShapedQueryCompilingExpressionVisitor.SingleOrDefaultAsync[TSource](IAsyncEnumerable`1 asyncEnumerable, CancellationToken cancellationToken)
   at Microsoft.EntityFrameworkCore.Query.ShapedQueryCompilingExpressionVisitor.SingleOrDefaultAsync[TSource](IAsyncEnumerable`1 asyncEnumerable, CancellationToken cancellationToken)
   at SmartLMS.Business.ApiKeyService.ValidateKeyAsync(String apiKey) in C:\code\asp.net\SmartLMS.Business\ApiKeyService.cs:line 61
   at SmartLMS.Web.Security.ApiKeyAuthHandler.HandleAuthenticateAsync() in C:\code\asp.net\SmartLMS.Web\Security\ApiKeyAuthHandler.cs:line 47
   at Microsoft.AspNetCore.Authentication.AuthenticationHandler`1.AuthenticateAsync()
   at Microsoft.AspNetCore.Authentication.AuthenticationService.AuthenticateAsync(HttpContext context, String scheme)
   at Microsoft.AspNetCore.Authorization.Policy.PolicyEvaluator.AuthenticateAsync(AuthorizationPolicy policy, HttpContext context)
   at Microsoft.AspNetCore.Authorization.AuthorizationMiddleware.Invoke(HttpContext context)
   at Microsoft.AspNetCore.Authentication.AuthenticationMiddleware.Invoke(HttpContext context)
   at Prometheus.HttpMetrics.HttpRequestDurationMiddleware.Invoke(HttpContext context)
   at Prometheus.HttpMetrics.HttpRequestCountMiddleware.Invoke(HttpContext context)
   at Prometheus.HttpMetrics.HttpInProgressMiddleware.Invoke(HttpContext context)
   at Serilog.AspNetCore.RequestLoggingMiddleware.Invoke(HttpContext httpContext)
   at Microsoft.AspNetCore.OutputCaching.OutputCacheMiddleware.<>c__DisplayClass11_0.<<InvokeAwaited>g__ExecuteResponseAsync|0>d.MoveNext()
--- End of stack trace from previous location ---
   at Microsoft.AspNetCore.OutputCaching.WorkDispatcher`2.ScheduleAsync(TKey key, Func`2 valueFactory)
   at Microsoft.AspNetCore.OutputCaching.OutputCacheMiddleware.InvokeAwaited(HttpContext httpContext, IReadOnlyList`1 policies)
   at Microsoft.AspNetCore.ResponseCompression.ResponseCompressionMiddleware.InvokeCore(HttpContext context)
   at Swashbuckle.AspNetCore.SwaggerUI.SwaggerUIMiddleware.Invoke(HttpContext httpContext)
   at Swashbuckle.AspNetCore.Swagger.SwaggerMiddleware.Invoke(HttpContext httpContext, ISwaggerProvider swaggerProvider)
   at SmartLMS.Web.Middlewares.ApiExceptionHandlerMiddleware.Invoke(HttpContext context) in C:\code\asp.net\SmartLMS.Web\Middlewares\ApiExceptionHandlerMiddleware.cs:line 24
ClientConnectionId:9a21d19a-947f-4e4a-a99c-e7afc52fe869
Error Number:207,State:1,Class:16
2026-04-20 15:16:57.651 +07:00 [ERR] Failed executing DbCommand (2ms) [Parameters=[@__hashed_0='?' (Size = 4000)], CommandType='"Text"', CommandTimeout='30']
SELECT TOP(1) [a].[KeyId], [a].[CreatedAt], [a].[HashedKey], [a].[IsActive], [a].[KeyPreview], [a].[LastUsed], [a].[Name], [a].[OrganizationId], [o].[OrganizationId], [o].[CreatedAt], [o].[Domain], [o].[IsActive], [o].[Name], [o].[RateLimitTier]
FROM [ApiKeys] AS [a]
INNER JOIN [Organizations] AS [o] ON [a].[OrganizationId] = [o].[OrganizationId]
WHERE [a].[HashedKey] = @__hashed_0 AND [a].[IsActive] = CAST(1 AS bit)
2026-04-20 15:16:57.652 +07:00 [ERR] An exception occurred while iterating over the results of a query for context type 'SmartLMS.Data.SmartLMSContext'.
Microsoft.Data.SqlClient.SqlException (0x80131904): Invalid column name 'Domain'.
   at Microsoft.Data.SqlClient.SqlCommand.<>c.<ExecuteDbDataReaderAsync>b__195_0(Task`1 result)
   at System.Threading.Tasks.ContinuationResultTaskFromResultTask`2.InnerInvoke()
   at System.Threading.ExecutionContext.RunInternal(ExecutionContext executionContext, ContextCallback callback, Object state)
--- End of stack trace from previous location ---
   at System.Threading.ExecutionContext.RunInternal(ExecutionContext executionContext, ContextCallback callback, Object state)
   at System.Threading.Tasks.Task.ExecuteWithThreadLocal(Task& currentTaskSlot, Thread threadPoolThread)
--- End of stack trace from previous location ---
   at Microsoft.EntityFrameworkCore.Storage.RelationalCommand.ExecuteReaderAsync(RelationalCommandParameterObject parameterObject, CancellationToken cancellationToken)
   at Microsoft.EntityFrameworkCore.Storage.RelationalCommand.ExecuteReaderAsync(RelationalCommandParameterObject parameterObject, CancellationToken cancellationToken)
   at Microsoft.EntityFrameworkCore.Query.Internal.SingleQueryingEnumerable`1.AsyncEnumerator.InitializeReaderAsync(AsyncEnumerator enumerator, CancellationToken cancellationToken)
   at Microsoft.EntityFrameworkCore.SqlServer.Storage.Internal.SqlServerExecutionStrategy.ExecuteAsync[TState,TResult](TState state, Func`4 operation, Func`4 verifySucceeded, CancellationToken cancellationToken)
   at Microsoft.EntityFrameworkCore.Query.Internal.SingleQueryingEnumerable`1.AsyncEnumerator.MoveNextAsync()
ClientConnectionId:9a21d19a-947f-4e4a-a99c-e7afc52fe869
Error Number:207,State:1,Class:16
Microsoft.Data.SqlClient.SqlException (0x80131904): Invalid column name 'Domain'.
   at Microsoft.Data.SqlClient.SqlCommand.<>c.<ExecuteDbDataReaderAsync>b__195_0(Task`1 result)
   at System.Threading.Tasks.ContinuationResultTaskFromResultTask`2.InnerInvoke()
   at System.Threading.ExecutionContext.RunInternal(ExecutionContext executionContext, ContextCallback callback, Object state)
--- End of stack trace from previous location ---
   at System.Threading.ExecutionContext.RunInternal(ExecutionContext executionContext, ContextCallback callback, Object state)
   at System.Threading.Tasks.Task.ExecuteWithThreadLocal(Task& currentTaskSlot, Thread threadPoolThread)
--- End of stack trace from previous location ---
   at Microsoft.EntityFrameworkCore.Storage.RelationalCommand.ExecuteReaderAsync(RelationalCommandParameterObject parameterObject, CancellationToken cancellationToken)
   at Microsoft.EntityFrameworkCore.Storage.RelationalCommand.ExecuteReaderAsync(RelationalCommandParameterObject parameterObject, CancellationToken cancellationToken)
   at Microsoft.EntityFrameworkCore.Query.Internal.SingleQueryingEnumerable`1.AsyncEnumerator.InitializeReaderAsync(AsyncEnumerator enumerator, CancellationToken cancellationToken)
   at Microsoft.EntityFrameworkCore.SqlServer.Storage.Internal.SqlServerExecutionStrategy.ExecuteAsync[TState,TResult](TState state, Func`4 operation, Func`4 verifySucceeded, CancellationToken cancellationToken)
   at Microsoft.EntityFrameworkCore.Query.Internal.SingleQueryingEnumerable`1.AsyncEnumerator.MoveNextAsync()
ClientConnectionId:9a21d19a-947f-4e4a-a99c-e7afc52fe869
Error Number:207,State:1,Class:16
2026-04-20 15:16:57.654 +07:00 [ERR] HTTP GET /api/public/CoursesApi responded 500 in 15.4673 ms
Microsoft.Data.SqlClient.SqlException (0x80131904): Invalid column name 'Domain'.
   at Microsoft.Data.SqlClient.SqlCommand.<>c.<ExecuteDbDataReaderAsync>b__195_0(Task`1 result)
   at System.Threading.Tasks.ContinuationResultTaskFromResultTask`2.InnerInvoke()
   at System.Threading.ExecutionContext.RunInternal(ExecutionContext executionContext, ContextCallback callback, Object state)
--- End of stack trace from previous location ---
   at System.Threading.ExecutionContext.RunInternal(ExecutionContext executionContext, ContextCallback callback, Object state)
   at System.Threading.Tasks.Task.ExecuteWithThreadLocal(Task& currentTaskSlot, Thread threadPoolThread)
--- End of stack trace from previous location ---
   at Microsoft.EntityFrameworkCore.Storage.RelationalCommand.ExecuteReaderAsync(RelationalCommandParameterObject parameterObject, CancellationToken cancellationToken)
   at Microsoft.EntityFrameworkCore.Storage.RelationalCommand.ExecuteReaderAsync(RelationalCommandParameterObject parameterObject, CancellationToken cancellationToken)
   at Microsoft.EntityFrameworkCore.Query.Internal.SingleQueryingEnumerable`1.AsyncEnumerator.InitializeReaderAsync(AsyncEnumerator enumerator, CancellationToken cancellationToken)
   at Microsoft.EntityFrameworkCore.SqlServer.Storage.Internal.SqlServerExecutionStrategy.ExecuteAsync[TState,TResult](TState state, Func`4 operation, Func`4 verifySucceeded, CancellationToken cancellationToken)
   at Microsoft.EntityFrameworkCore.Query.Internal.SingleQueryingEnumerable`1.AsyncEnumerator.MoveNextAsync()
   at Microsoft.EntityFrameworkCore.Query.ShapedQueryCompilingExpressionVisitor.SingleOrDefaultAsync[TSource](IAsyncEnumerable`1 asyncEnumerable, CancellationToken cancellationToken)
   at Microsoft.EntityFrameworkCore.Query.ShapedQueryCompilingExpressionVisitor.SingleOrDefaultAsync[TSource](IAsyncEnumerable`1 asyncEnumerable, CancellationToken cancellationToken)
   at SmartLMS.Business.ApiKeyService.ValidateKeyAsync(String apiKey) in C:\code\asp.net\SmartLMS.Business\ApiKeyService.cs:line 61
   at SmartLMS.Web.Security.ApiKeyAuthHandler.HandleAuthenticateAsync() in C:\code\asp.net\SmartLMS.Web\Security\ApiKeyAuthHandler.cs:line 47
   at Microsoft.AspNetCore.Authentication.AuthenticationHandler`1.AuthenticateAsync()
   at Microsoft.AspNetCore.Authentication.AuthenticationService.AuthenticateAsync(HttpContext context, String scheme)
   at Microsoft.AspNetCore.Authorization.Policy.PolicyEvaluator.AuthenticateAsync(AuthorizationPolicy policy, HttpContext context)
   at Microsoft.AspNetCore.Authorization.AuthorizationMiddleware.Invoke(HttpContext context)
   at Microsoft.AspNetCore.Authentication.AuthenticationMiddleware.Invoke(HttpContext context)
   at Prometheus.HttpMetrics.HttpRequestDurationMiddleware.Invoke(HttpContext context)
   at Prometheus.HttpMetrics.HttpRequestCountMiddleware.Invoke(HttpContext context)
   at Prometheus.HttpMetrics.HttpInProgressMiddleware.Invoke(HttpContext context)
   at Serilog.AspNetCore.RequestLoggingMiddleware.Invoke(HttpContext httpContext)
ClientConnectionId:9a21d19a-947f-4e4a-a99c-e7afc52fe869
Error Number:207,State:1,Class:16
2026-04-20 15:16:57.659 +07:00 [ERR] Đã xảy ra lỗi hệ thống (Unhandled Exception).
Microsoft.Data.SqlClient.SqlException (0x80131904): Invalid column name 'Domain'.
   at Microsoft.Data.SqlClient.SqlCommand.<>c.<ExecuteDbDataReaderAsync>b__195_0(Task`1 result)
   at System.Threading.Tasks.ContinuationResultTaskFromResultTask`2.InnerInvoke()
   at System.Threading.ExecutionContext.RunInternal(ExecutionContext executionContext, ContextCallback callback, Object state)
--- End of stack trace from previous location ---
   at System.Threading.ExecutionContext.RunInternal(ExecutionContext executionContext, ContextCallback callback, Object state)
   at System.Threading.Tasks.Task.ExecuteWithThreadLocal(Task& currentTaskSlot, Thread threadPoolThread)
--- End of stack trace from previous location ---
   at Microsoft.EntityFrameworkCore.Storage.RelationalCommand.ExecuteReaderAsync(RelationalCommandParameterObject parameterObject, CancellationToken cancellationToken)
   at Microsoft.EntityFrameworkCore.Storage.RelationalCommand.ExecuteReaderAsync(RelationalCommandParameterObject parameterObject, CancellationToken cancellationToken)
   at Microsoft.EntityFrameworkCore.Query.Internal.SingleQueryingEnumerable`1.AsyncEnumerator.InitializeReaderAsync(AsyncEnumerator enumerator, CancellationToken cancellationToken)
   at Microsoft.EntityFrameworkCore.SqlServer.Storage.Internal.SqlServerExecutionStrategy.ExecuteAsync[TState,TResult](TState state, Func`4 operation, Func`4 verifySucceeded, CancellationToken cancellationToken)
   at Microsoft.EntityFrameworkCore.Query.Internal.SingleQueryingEnumerable`1.AsyncEnumerator.MoveNextAsync()
   at Microsoft.EntityFrameworkCore.Query.ShapedQueryCompilingExpressionVisitor.SingleOrDefaultAsync[TSource](IAsyncEnumerable`1 asyncEnumerable, CancellationToken cancellationToken)
   at Microsoft.EntityFrameworkCore.Query.ShapedQueryCompilingExpressionVisitor.SingleOrDefaultAsync[TSource](IAsyncEnumerable`1 asyncEnumerable, CancellationToken cancellationToken)
   at SmartLMS.Business.ApiKeyService.ValidateKeyAsync(String apiKey) in C:\code\asp.net\SmartLMS.Business\ApiKeyService.cs:line 61
   at SmartLMS.Web.Security.ApiKeyAuthHandler.HandleAuthenticateAsync() in C:\code\asp.net\SmartLMS.Web\Security\ApiKeyAuthHandler.cs:line 47
   at Microsoft.AspNetCore.Authentication.AuthenticationHandler`1.AuthenticateAsync()
   at Microsoft.AspNetCore.Authentication.AuthenticationService.AuthenticateAsync(HttpContext context, String scheme)
   at Microsoft.AspNetCore.Authorization.Policy.PolicyEvaluator.AuthenticateAsync(AuthorizationPolicy policy, HttpContext context)
   at Microsoft.AspNetCore.Authorization.AuthorizationMiddleware.Invoke(HttpContext context)
   at Microsoft.AspNetCore.Authentication.AuthenticationMiddleware.Invoke(HttpContext context)
   at Prometheus.HttpMetrics.HttpRequestDurationMiddleware.Invoke(HttpContext context)
   at Prometheus.HttpMetrics.HttpRequestCountMiddleware.Invoke(HttpContext context)
   at Prometheus.HttpMetrics.HttpInProgressMiddleware.Invoke(HttpContext context)
   at Serilog.AspNetCore.RequestLoggingMiddleware.Invoke(HttpContext httpContext)
   at Microsoft.AspNetCore.OutputCaching.OutputCacheMiddleware.<>c__DisplayClass11_0.<<InvokeAwaited>g__ExecuteResponseAsync|0>d.MoveNext()
--- End of stack trace from previous location ---
   at Microsoft.AspNetCore.OutputCaching.WorkDispatcher`2.ScheduleAsync(TKey key, Func`2 valueFactory)
   at Microsoft.AspNetCore.OutputCaching.OutputCacheMiddleware.InvokeAwaited(HttpContext httpContext, IReadOnlyList`1 policies)
   at Microsoft.AspNetCore.ResponseCompression.ResponseCompressionMiddleware.InvokeCore(HttpContext context)
   at Swashbuckle.AspNetCore.SwaggerUI.SwaggerUIMiddleware.Invoke(HttpContext httpContext)
   at Swashbuckle.AspNetCore.Swagger.SwaggerMiddleware.Invoke(HttpContext httpContext, ISwaggerProvider swaggerProvider)
   at SmartLMS.Web.Middlewares.ApiExceptionHandlerMiddleware.Invoke(HttpContext context) in C:\code\asp.net\SmartLMS.Web\Middlewares\ApiExceptionHandlerMiddleware.cs:line 24
ClientConnectionId:9a21d19a-947f-4e4a-a99c-e7afc52fe869
Error Number:207,State:1,Class:16
2026-04-20 15:17:09.433 +07:00 [ERR] Failed executing DbCommand (3ms) [Parameters=[@__hashed_0='?' (Size = 4000)], CommandType='"Text"', CommandTimeout='30']
SELECT TOP(1) [a].[KeyId], [a].[CreatedAt], [a].[HashedKey], [a].[IsActive], [a].[KeyPreview], [a].[LastUsed], [a].[Name], [a].[OrganizationId], [o].[OrganizationId], [o].[CreatedAt], [o].[Domain], [o].[IsActive], [o].[Name], [o].[RateLimitTier]
FROM [ApiKeys] AS [a]
INNER JOIN [Organizations] AS [o] ON [a].[OrganizationId] = [o].[OrganizationId]
WHERE [a].[HashedKey] = @__hashed_0 AND [a].[IsActive] = CAST(1 AS bit)
2026-04-20 15:17:09.434 +07:00 [ERR] An exception occurred while iterating over the results of a query for context type 'SmartLMS.Data.SmartLMSContext'.
Microsoft.Data.SqlClient.SqlException (0x80131904): Invalid column name 'Domain'.
   at Microsoft.Data.SqlClient.SqlCommand.<>c.<ExecuteDbDataReaderAsync>b__195_0(Task`1 result)
   at System.Threading.Tasks.ContinuationResultTaskFromResultTask`2.InnerInvoke()
   at System.Threading.ExecutionContext.RunInternal(ExecutionContext executionContext, ContextCallback callback, Object state)
--- End of stack trace from previous location ---
   at System.Threading.ExecutionContext.RunInternal(ExecutionContext executionContext, ContextCallback callback, Object state)
   at System.Threading.Tasks.Task.ExecuteWithThreadLocal(Task& currentTaskSlot, Thread threadPoolThread)
--- End of stack trace from previous location ---
   at Microsoft.EntityFrameworkCore.Storage.RelationalCommand.ExecuteReaderAsync(RelationalCommandParameterObject parameterObject, CancellationToken cancellationToken)
   at Microsoft.EntityFrameworkCore.Storage.RelationalCommand.ExecuteReaderAsync(RelationalCommandParameterObject parameterObject, CancellationToken cancellationToken)
   at Microsoft.EntityFrameworkCore.Query.Internal.SingleQueryingEnumerable`1.AsyncEnumerator.InitializeReaderAsync(AsyncEnumerator enumerator, CancellationToken cancellationToken)
   at Microsoft.EntityFrameworkCore.SqlServer.Storage.Internal.SqlServerExecutionStrategy.ExecuteAsync[TState,TResult](TState state, Func`4 operation, Func`4 verifySucceeded, CancellationToken cancellationToken)
   at Microsoft.EntityFrameworkCore.Query.Internal.SingleQueryingEnumerable`1.AsyncEnumerator.MoveNextAsync()
ClientConnectionId:9a21d19a-947f-4e4a-a99c-e7afc52fe869
Error Number:207,State:1,Class:16
Microsoft.Data.SqlClient.SqlException (0x80131904): Invalid column name 'Domain'.
   at Microsoft.Data.SqlClient.SqlCommand.<>c.<ExecuteDbDataReaderAsync>b__195_0(Task`1 result)
   at System.Threading.Tasks.ContinuationResultTaskFromResultTask`2.InnerInvoke()
   at System.Threading.ExecutionContext.RunInternal(ExecutionContext executionContext, ContextCallback callback, Object state)
--- End of stack trace from previous location ---
   at System.Threading.ExecutionContext.RunInternal(ExecutionContext executionContext, ContextCallback callback, Object state)
   at System.Threading.Tasks.Task.ExecuteWithThreadLocal(Task& currentTaskSlot, Thread threadPoolThread)
--- End of stack trace from previous location ---
   at Microsoft.EntityFrameworkCore.Storage.RelationalCommand.ExecuteReaderAsync(RelationalCommandParameterObject parameterObject, CancellationToken cancellationToken)
   at Microsoft.EntityFrameworkCore.Storage.RelationalCommand.ExecuteReaderAsync(RelationalCommandParameterObject parameterObject, CancellationToken cancellationToken)
   at Microsoft.EntityFrameworkCore.Query.Internal.SingleQueryingEnumerable`1.AsyncEnumerator.InitializeReaderAsync(AsyncEnumerator enumerator, CancellationToken cancellationToken)
   at Microsoft.EntityFrameworkCore.SqlServer.Storage.Internal.SqlServerExecutionStrategy.ExecuteAsync[TState,TResult](TState state, Func`4 operation, Func`4 verifySucceeded, CancellationToken cancellationToken)
   at Microsoft.EntityFrameworkCore.Query.Internal.SingleQueryingEnumerable`1.AsyncEnumerator.MoveNextAsync()
ClientConnectionId:9a21d19a-947f-4e4a-a99c-e7afc52fe869
Error Number:207,State:1,Class:16
2026-04-20 15:17:09.436 +07:00 [ERR] HTTP GET /api/public/CoursesApi/21 responded 500 in 20.9993 ms
Microsoft.Data.SqlClient.SqlException (0x80131904): Invalid column name 'Domain'.
   at Microsoft.Data.SqlClient.SqlCommand.<>c.<ExecuteDbDataReaderAsync>b__195_0(Task`1 result)
   at System.Threading.Tasks.ContinuationResultTaskFromResultTask`2.InnerInvoke()
   at System.Threading.ExecutionContext.RunInternal(ExecutionContext executionContext, ContextCallback callback, Object state)
--- End of stack trace from previous location ---
   at System.Threading.ExecutionContext.RunInternal(ExecutionContext executionContext, ContextCallback callback, Object state)
   at System.Threading.Tasks.Task.ExecuteWithThreadLocal(Task& currentTaskSlot, Thread threadPoolThread)
--- End of stack trace from previous location ---
   at Microsoft.EntityFrameworkCore.Storage.RelationalCommand.ExecuteReaderAsync(RelationalCommandParameterObject parameterObject, CancellationToken cancellationToken)
   at Microsoft.EntityFrameworkCore.Storage.RelationalCommand.ExecuteReaderAsync(RelationalCommandParameterObject parameterObject, CancellationToken cancellationToken)
   at Microsoft.EntityFrameworkCore.Query.Internal.SingleQueryingEnumerable`1.AsyncEnumerator.InitializeReaderAsync(AsyncEnumerator enumerator, CancellationToken cancellationToken)
   at Microsoft.EntityFrameworkCore.SqlServer.Storage.Internal.SqlServerExecutionStrategy.ExecuteAsync[TState,TResult](TState state, Func`4 operation, Func`4 verifySucceeded, CancellationToken cancellationToken)
   at Microsoft.EntityFrameworkCore.Query.Internal.SingleQueryingEnumerable`1.AsyncEnumerator.MoveNextAsync()
   at Microsoft.EntityFrameworkCore.Query.ShapedQueryCompilingExpressionVisitor.SingleOrDefaultAsync[TSource](IAsyncEnumerable`1 asyncEnumerable, CancellationToken cancellationToken)
   at Microsoft.EntityFrameworkCore.Query.ShapedQueryCompilingExpressionVisitor.SingleOrDefaultAsync[TSource](IAsyncEnumerable`1 asyncEnumerable, CancellationToken cancellationToken)
   at SmartLMS.Business.ApiKeyService.ValidateKeyAsync(String apiKey) in C:\code\asp.net\SmartLMS.Business\ApiKeyService.cs:line 61
   at SmartLMS.Web.Security.ApiKeyAuthHandler.HandleAuthenticateAsync() in C:\code\asp.net\SmartLMS.Web\Security\ApiKeyAuthHandler.cs:line 47
   at Microsoft.AspNetCore.Authentication.AuthenticationHandler`1.AuthenticateAsync()
   at Microsoft.AspNetCore.Authentication.AuthenticationService.AuthenticateAsync(HttpContext context, String scheme)
   at Microsoft.AspNetCore.Authorization.Policy.PolicyEvaluator.AuthenticateAsync(AuthorizationPolicy policy, HttpContext context)
   at Microsoft.AspNetCore.Authorization.AuthorizationMiddleware.Invoke(HttpContext context)
   at Microsoft.AspNetCore.Authentication.AuthenticationMiddleware.Invoke(HttpContext context)
   at Prometheus.HttpMetrics.HttpRequestDurationMiddleware.Invoke(HttpContext context)
   at Prometheus.HttpMetrics.HttpRequestCountMiddleware.Invoke(HttpContext context)
   at Prometheus.HttpMetrics.HttpInProgressMiddleware.Invoke(HttpContext context)
   at Serilog.AspNetCore.RequestLoggingMiddleware.Invoke(HttpContext httpContext)
ClientConnectionId:9a21d19a-947f-4e4a-a99c-e7afc52fe869
Error Number:207,State:1,Class:16
2026-04-20 15:17:09.438 +07:00 [ERR] Đã xảy ra lỗi hệ thống (Unhandled Exception).
Microsoft.Data.SqlClient.SqlException (0x80131904): Invalid column name 'Domain'.
   at Microsoft.Data.SqlClient.SqlCommand.<>c.<ExecuteDbDataReaderAsync>b__195_0(Task`1 result)
   at System.Threading.Tasks.ContinuationResultTaskFromResultTask`2.InnerInvoke()
   at System.Threading.ExecutionContext.RunInternal(ExecutionContext executionContext, ContextCallback callback, Object state)
--- End of stack trace from previous location ---
   at System.Threading.ExecutionContext.RunInternal(ExecutionContext executionContext, ContextCallback callback, Object state)
   at System.Threading.Tasks.Task.ExecuteWithThreadLocal(Task& currentTaskSlot, Thread threadPoolThread)
--- End of stack trace from previous location ---
   at Microsoft.EntityFrameworkCore.Storage.RelationalCommand.ExecuteReaderAsync(RelationalCommandParameterObject parameterObject, CancellationToken cancellationToken)
   at Microsoft.EntityFrameworkCore.Storage.RelationalCommand.ExecuteReaderAsync(RelationalCommandParameterObject parameterObject, CancellationToken cancellationToken)
   at Microsoft.EntityFrameworkCore.Query.Internal.SingleQueryingEnumerable`1.AsyncEnumerator.InitializeReaderAsync(AsyncEnumerator enumerator, CancellationToken cancellationToken)
   at Microsoft.EntityFrameworkCore.SqlServer.Storage.Internal.SqlServerExecutionStrategy.ExecuteAsync[TState,TResult](TState state, Func`4 operation, Func`4 verifySucceeded, CancellationToken cancellationToken)
   at Microsoft.EntityFrameworkCore.Query.Internal.SingleQueryingEnumerable`1.AsyncEnumerator.MoveNextAsync()
   at Microsoft.EntityFrameworkCore.Query.ShapedQueryCompilingExpressionVisitor.SingleOrDefaultAsync[TSource](IAsyncEnumerable`1 asyncEnumerable, CancellationToken cancellationToken)
   at Microsoft.EntityFrameworkCore.Query.ShapedQueryCompilingExpressionVisitor.SingleOrDefaultAsync[TSource](IAsyncEnumerable`1 asyncEnumerable, CancellationToken cancellationToken)
   at SmartLMS.Business.ApiKeyService.ValidateKeyAsync(String apiKey) in C:\code\asp.net\SmartLMS.Business\ApiKeyService.cs:line 61
   at SmartLMS.Web.Security.ApiKeyAuthHandler.HandleAuthenticateAsync() in C:\code\asp.net\SmartLMS.Web\Security\ApiKeyAuthHandler.cs:line 47
   at Microsoft.AspNetCore.Authentication.AuthenticationHandler`1.AuthenticateAsync()
   at Microsoft.AspNetCore.Authentication.AuthenticationService.AuthenticateAsync(HttpContext context, String scheme)
   at Microsoft.AspNetCore.Authorization.Policy.PolicyEvaluator.AuthenticateAsync(AuthorizationPolicy policy, HttpContext context)
   at Microsoft.AspNetCore.Authorization.AuthorizationMiddleware.Invoke(HttpContext context)
   at Microsoft.AspNetCore.Authentication.AuthenticationMiddleware.Invoke(HttpContext context)
   at Prometheus.HttpMetrics.HttpRequestDurationMiddleware.Invoke(HttpContext context)
   at Prometheus.HttpMetrics.HttpRequestCountMiddleware.Invoke(HttpContext context)
   at Prometheus.HttpMetrics.HttpInProgressMiddleware.Invoke(HttpContext context)
   at Serilog.AspNetCore.RequestLoggingMiddleware.Invoke(HttpContext httpContext)
   at Microsoft.AspNetCore.OutputCaching.OutputCacheMiddleware.<>c__DisplayClass11_0.<<InvokeAwaited>g__ExecuteResponseAsync|0>d.MoveNext()
--- End of stack trace from previous location ---
   at Microsoft.AspNetCore.OutputCaching.WorkDispatcher`2.ScheduleAsync(TKey key, Func`2 valueFactory)
   at Microsoft.AspNetCore.OutputCaching.OutputCacheMiddleware.InvokeAwaited(HttpContext httpContext, IReadOnlyList`1 policies)
   at Microsoft.AspNetCore.ResponseCompression.ResponseCompressionMiddleware.InvokeCore(HttpContext context)
   at Swashbuckle.AspNetCore.SwaggerUI.SwaggerUIMiddleware.Invoke(HttpContext httpContext)
   at Swashbuckle.AspNetCore.Swagger.SwaggerMiddleware.Invoke(HttpContext httpContext, ISwaggerProvider swaggerProvider)
   at SmartLMS.Web.Middlewares.ApiExceptionHandlerMiddleware.Invoke(HttpContext context) in C:\code\asp.net\SmartLMS.Web\Middlewares\ApiExceptionHandlerMiddleware.cs:line 24
ClientConnectionId:9a21d19a-947f-4e4a-a99c-e7afc52fe869
Error Number:207,State:1,Class:16
2026-04-20 15:17:34.651 +07:00 [INF] 🛡️ [IAM AUDIT TRAIL] User 'System Administrator' executed POST on /api/AuthApi/token. Context: SmartLMS.Web.Controllers.AuthApiController.GenerateToken (SmartLMS.Web)
2026-04-20 15:17:34.657 +07:00 [INF] HTTP POST /api/AuthApi/token responded 200 in 489.4671 ms
2026-04-20 15:20:08.743 +07:00 [INF] HTTP GET /Dashboard/Pulse responded 404 in 5.2691 ms
2026-04-20 15:20:11.420 +07:00 [INF] HTTP GET /Revenue/Audit responded 200 in 201.3321 ms
2026-04-20 15:20:16.726 +07:00 [INF] HTTP GET /Revenue/ExportExcel responded 200 in 1010.7565 ms
2026-04-20 15:22:06.355 +07:00 [INF] HTTP GET /Revenue/Audit responded 200 in 34.9693 ms
2026-04-20 15:22:07.839 +07:00 [INF] HTTP GET /Dashboard responded 200 in 30.3674 ms
2026-04-20 15:22:08.202 +07:00 [INF] HTTP POST /dashboardHub/negotiate responded 200 in 6.6914 ms
2026-04-20 15:22:08.256 +07:00 [ERR] An exception occurred while iterating over the results of a query for context type 'SmartLMS.Data.SmartLMSContext'.
System.Data.SqlTypes.SqlNullValueException: Data is Null. This method or property cannot be called on Null values.
   at Microsoft.Data.SqlClient.SqlBuffer.get_Int32()
   at lambda_method238(Closure, QueryContext, DbDataReader, ResultContext, SingleQueryResultCoordinator)
   at Microsoft.EntityFrameworkCore.Query.Internal.SingleQueryingEnumerable`1.AsyncEnumerator.MoveNextAsync()
System.Data.SqlTypes.SqlNullValueException: Data is Null. This method or property cannot be called on Null values.
   at Microsoft.Data.SqlClient.SqlBuffer.get_Int32()
   at lambda_method238(Closure, QueryContext, DbDataReader, ResultContext, SingleQueryResultCoordinator)
   at Microsoft.EntityFrameworkCore.Query.Internal.SingleQueryingEnumerable`1.AsyncEnumerator.MoveNextAsync()
2026-04-20 15:22:08.268 +07:00 [ERR] HTTP GET /Dashboard/GetStats responded 500 in 52.9397 ms
System.Data.SqlTypes.SqlNullValueException: Data is Null. This method or property cannot be called on Null values.
   at Microsoft.Data.SqlClient.SqlBuffer.get_Int32()
   at lambda_method238(Closure, QueryContext, DbDataReader, ResultContext, SingleQueryResultCoordinator)
   at Microsoft.EntityFrameworkCore.Query.Internal.SingleQueryingEnumerable`1.AsyncEnumerator.MoveNextAsync()
   at Microsoft.EntityFrameworkCore.EntityFrameworkQueryableExtensions.ToListAsync[TSource](IQueryable`1 source, CancellationToken cancellationToken)
   at Microsoft.EntityFrameworkCore.EntityFrameworkQueryableExtensions.ToListAsync[TSource](IQueryable`1 source, CancellationToken cancellationToken)
   at SmartLMS.Web.Controllers.DashboardController.GetStats() in C:\code\asp.net\SmartLMS.Web\Controllers\DashboardController.cs:line 100
   at Microsoft.AspNetCore.Mvc.Infrastructure.ActionMethodExecutor.TaskOfIActionResultExecutor.Execute(ActionContext actionContext, IActionResultTypeMapper mapper, ObjectMethodExecutor executor, Object controller, Object[] arguments)
   at Microsoft.AspNetCore.Mvc.Infrastructure.ControllerActionInvoker.<InvokeActionMethodAsync>g__Awaited|12_0(ControllerActionInvoker invoker, ValueTask`1 actionResultValueTask)
   at Microsoft.AspNetCore.Mvc.Infrastructure.ControllerActionInvoker.<InvokeNextActionFilterAsync>g__Awaited|10_0(ControllerActionInvoker invoker, Task lastTask, State next, Scope scope, Object state, Boolean isCompleted)
   at Microsoft.AspNetCore.Mvc.Infrastructure.ControllerActionInvoker.Rethrow(ActionExecutedContextSealed context)
   at Microsoft.AspNetCore.Mvc.Infrastructure.ControllerActionInvoker.Next(State& next, Scope& scope, Object& state, Boolean& isCompleted)
   at Microsoft.AspNetCore.Mvc.Infrastructure.ControllerActionInvoker.<InvokeInnerFilterAsync>g__Awaited|13_0(ControllerActionInvoker invoker, Task lastTask, State next, Scope scope, Object state, Boolean isCompleted)
   at Microsoft.AspNetCore.Mvc.Infrastructure.ResourceInvoker.<InvokeNextResourceFilter>g__Awaited|25_0(ResourceInvoker invoker, Task lastTask, State next, Scope scope, Object state, Boolean isCompleted)
   at Microsoft.AspNetCore.Mvc.Infrastructure.ResourceInvoker.Rethrow(ResourceExecutedContextSealed context)
   at Microsoft.AspNetCore.Mvc.Infrastructure.ResourceInvoker.Next(State& next, Scope& scope, Object& state, Boolean& isCompleted)
   at Microsoft.AspNetCore.Mvc.Infrastructure.ResourceInvoker.<InvokeFilterPipelineAsync>g__Awaited|20_0(ResourceInvoker invoker, Task lastTask, State next, Scope scope, Object state, Boolean isCompleted)
   at Microsoft.AspNetCore.Mvc.Infrastructure.ResourceInvoker.<InvokeAsync>g__Awaited|17_0(ResourceInvoker invoker, Task task, IDisposable scope)
   at Microsoft.AspNetCore.Mvc.Infrastructure.ResourceInvoker.<InvokeAsync>g__Awaited|17_0(ResourceInvoker invoker, Task task, IDisposable scope)
   at Microsoft.AspNetCore.Authorization.AuthorizationMiddleware.Invoke(HttpContext context)
   at Microsoft.AspNetCore.Authentication.AuthenticationMiddleware.Invoke(HttpContext context)
   at Prometheus.HttpMetrics.HttpRequestDurationMiddleware.Invoke(HttpContext context)
   at Prometheus.HttpMetrics.HttpRequestCountMiddleware.Invoke(HttpContext context)
   at Prometheus.HttpMetrics.HttpInProgressMiddleware.Invoke(HttpContext context)
   at Serilog.AspNetCore.RequestLoggingMiddleware.Invoke(HttpContext httpContext)
2026-04-20 15:22:08.277 +07:00 [ERR] Đã xảy ra lỗi hệ thống (Unhandled Exception).
System.Data.SqlTypes.SqlNullValueException: Data is Null. This method or property cannot be called on Null values.
   at Microsoft.Data.SqlClient.SqlBuffer.get_Int32()
   at lambda_method238(Closure, QueryContext, DbDataReader, ResultContext, SingleQueryResultCoordinator)
   at Microsoft.EntityFrameworkCore.Query.Internal.SingleQueryingEnumerable`1.AsyncEnumerator.MoveNextAsync()
   at Microsoft.EntityFrameworkCore.EntityFrameworkQueryableExtensions.ToListAsync[TSource](IQueryable`1 source, CancellationToken cancellationToken)
   at Microsoft.EntityFrameworkCore.EntityFrameworkQueryableExtensions.ToListAsync[TSource](IQueryable`1 source, CancellationToken cancellationToken)
   at SmartLMS.Web.Controllers.DashboardController.GetStats() in C:\code\asp.net\SmartLMS.Web\Controllers\DashboardController.cs:line 100
   at Microsoft.AspNetCore.Mvc.Infrastructure.ActionMethodExecutor.TaskOfIActionResultExecutor.Execute(ActionContext actionContext, IActionResultTypeMapper mapper, ObjectMethodExecutor executor, Object controller, Object[] arguments)
   at Microsoft.AspNetCore.Mvc.Infrastructure.ControllerActionInvoker.<InvokeActionMethodAsync>g__Awaited|12_0(ControllerActionInvoker invoker, ValueTask`1 actionResultValueTask)
   at Microsoft.AspNetCore.Mvc.Infrastructure.ControllerActionInvoker.<InvokeNextActionFilterAsync>g__Awaited|10_0(ControllerActionInvoker invoker, Task lastTask, State next, Scope scope, Object state, Boolean isCompleted)
   at Microsoft.AspNetCore.Mvc.Infrastructure.ControllerActionInvoker.Rethrow(ActionExecutedContextSealed context)
   at Microsoft.AspNetCore.Mvc.Infrastructure.ControllerActionInvoker.Next(State& next, Scope& scope, Object& state, Boolean& isCompleted)
   at Microsoft.AspNetCore.Mvc.Infrastructure.ControllerActionInvoker.<InvokeInnerFilterAsync>g__Awaited|13_0(ControllerActionInvoker invoker, Task lastTask, State next, Scope scope, Object state, Boolean isCompleted)
   at Microsoft.AspNetCore.Mvc.Infrastructure.ResourceInvoker.<InvokeNextResourceFilter>g__Awaited|25_0(ResourceInvoker invoker, Task lastTask, State next, Scope scope, Object state, Boolean isCompleted)
   at Microsoft.AspNetCore.Mvc.Infrastructure.ResourceInvoker.Rethrow(ResourceExecutedContextSealed context)
   at Microsoft.AspNetCore.Mvc.Infrastructure.ResourceInvoker.Next(State& next, Scope& scope, Object& state, Boolean& isCompleted)
   at Microsoft.AspNetCore.Mvc.Infrastructure.ResourceInvoker.<InvokeFilterPipelineAsync>g__Awaited|20_0(ResourceInvoker invoker, Task lastTask, State next, Scope scope, Object state, Boolean isCompleted)
   at Microsoft.AspNetCore.Mvc.Infrastructure.ResourceInvoker.<InvokeAsync>g__Awaited|17_0(ResourceInvoker invoker, Task task, IDisposable scope)
   at Microsoft.AspNetCore.Mvc.Infrastructure.ResourceInvoker.<InvokeAsync>g__Awaited|17_0(ResourceInvoker invoker, Task task, IDisposable scope)
   at Microsoft.AspNetCore.Authorization.AuthorizationMiddleware.Invoke(HttpContext context)
   at Microsoft.AspNetCore.Authentication.AuthenticationMiddleware.Invoke(HttpContext context)
   at Prometheus.HttpMetrics.HttpRequestDurationMiddleware.Invoke(HttpContext context)
   at Prometheus.HttpMetrics.HttpRequestCountMiddleware.Invoke(HttpContext context)
   at Prometheus.HttpMetrics.HttpInProgressMiddleware.Invoke(HttpContext context)
   at Serilog.AspNetCore.RequestLoggingMiddleware.Invoke(HttpContext httpContext)
   at Microsoft.AspNetCore.OutputCaching.OutputCacheMiddleware.<>c__DisplayClass11_0.<<InvokeAwaited>g__ExecuteResponseAsync|0>d.MoveNext()
--- End of stack trace from previous location ---
   at Microsoft.AspNetCore.OutputCaching.WorkDispatcher`2.ScheduleAsync(TKey key, Func`2 valueFactory)
   at Microsoft.AspNetCore.OutputCaching.OutputCacheMiddleware.InvokeAwaited(HttpContext httpContext, IReadOnlyList`1 policies)
   at Microsoft.AspNetCore.ResponseCompression.ResponseCompressionMiddleware.InvokeCore(HttpContext context)
   at Swashbuckle.AspNetCore.SwaggerUI.SwaggerUIMiddleware.Invoke(HttpContext httpContext)
   at Swashbuckle.AspNetCore.Swagger.SwaggerMiddleware.Invoke(HttpContext httpContext, ISwaggerProvider swaggerProvider)
   at SmartLMS.Web.Middlewares.ApiExceptionHandlerMiddleware.Invoke(HttpContext context) in C:\code\asp.net\SmartLMS.Web\Middlewares\ApiExceptionHandlerMiddleware.cs:line 24
2026-04-20 15:22:08.289 +07:00 [ERR] An unhandled exception has occurred while executing the request.
System.Data.SqlTypes.SqlNullValueException: Data is Null. This method or property cannot be called on Null values.
   at SmartLMS.Web.Middlewares.ApiExceptionHandlerMiddleware.HandleExceptionAsync(HttpContext context, Exception exception) in C:\code\asp.net\SmartLMS.Web\Middlewares\ApiExceptionHandlerMiddleware.cs:line 54
   at SmartLMS.Web.Middlewares.ApiExceptionHandlerMiddleware.Invoke(HttpContext context) in C:\code\asp.net\SmartLMS.Web\Middlewares\ApiExceptionHandlerMiddleware.cs:line 29
   at Microsoft.AspNetCore.Diagnostics.DeveloperExceptionPageMiddlewareImpl.Invoke(HttpContext context)
2026-04-20 15:22:08.303 +07:00 [INF] HTTP GET /Dashboard/GetActivities responded 200 in 86.7146 ms
2026-04-20 15:22:08.581 +07:00 [INF] HTTP GET /Dashboard/GetRoleDistribution responded 200 in 362.5364 ms
2026-04-20 15:22:09.410 +07:00 [INF] HTTP GET /Dashboard/GetEngagementChart responded 200 in 1194.3823 ms
2026-04-20 15:22:24.334 +07:00 [INF] HTTP GET /dashboardHub responded 101 in 16094.3446 ms
2026-04-20 15:28:08.180 +07:00 [WRN] Entity 'Exam' has a global query filter defined and is the required end of a relationship with the entity 'ExamQuestion'. This may lead to unexpected results when the required entity is filtered out. Either configure the navigation as optional, or define matching query filters for both entities in the navigation. See https://go.microsoft.com/fwlink/?linkid=2131316 for more information.
2026-04-20 15:28:08.233 +07:00 [WRN] Entity 'Exam' has a global query filter defined and is the required end of a relationship with the entity 'QuizAttempt'. This may lead to unexpected results when the required entity is filtered out. Either configure the navigation as optional, or define matching query filters for both entities in the navigation. See https://go.microsoft.com/fwlink/?linkid=2131316 for more information.
2026-04-20 15:28:08.303 +07:00 [WRN] No store type was specified for the decimal property 'AI_BaseSalaryImpact' on entity type 'Course'. This will cause values to be silently truncated if they do not fit in the default precision and scale. Explicitly specify the SQL server column type that can accommodate all the values in 'OnModelCreating' using 'HasColumnType', specify precision and scale using 'HasPrecision', or configure a value converter using 'HasConversion'.
2026-04-20 15:28:08.306 +07:00 [WRN] No store type was specified for the decimal property 'DiscountPrice' on entity type 'Course'. This will cause values to be silently truncated if they do not fit in the default precision and scale. Explicitly specify the SQL server column type that can accommodate all the values in 'OnModelCreating' using 'HasColumnType', specify precision and scale using 'HasPrecision', or configure a value converter using 'HasConversion'.
2026-04-20 15:28:09.642 +07:00 [INF] Start installing Hangfire SQL objects...
2026-04-20 15:28:10.427 +07:00 [INF] Hangfire SQL objects installed.
2026-04-20 15:28:10.827 +07:00 [INF] Assessment Event Handler is starting...
2026-04-20 15:28:10.953 +07:00 [INF] Starting Hangfire Server using job storage: 'SQL Server: localhost@SmartLMS'
2026-04-20 15:28:10.954 +07:00 [INF] Using the following options for SQL Server job storage: Queue poll interval: 00:00:00.
2026-04-20 15:28:10.956 +07:00 [INF] Using the following options for Hangfire Server:
    Worker count: 20
    Listening queues: 'default'
    Shutdown timeout: 00:00:15
    Schedule polling interval: 00:00:15
2026-04-20 15:28:11.005 +07:00 [INF] Server desktop-36u3ca2:1164:341612ac successfully announced in 30.0106 ms
2026-04-20 15:28:11.009 +07:00 [INF] Server desktop-36u3ca2:1164:341612ac is starting the registered dispatchers: ServerWatchdog, ServerJobCancellationWatcher, SqlServerHeartbeatProcess, ExpirationManager, CountersAggregator, Worker, DelayedJobScheduler, RecurringJobScheduler...
2026-04-20 15:28:11.022 +07:00 [INF] 1 servers were removed due to timeout
2026-04-20 15:28:11.022 +07:00 [INF] Server desktop-36u3ca2:1164:341612ac all the dispatchers started
2026-04-20 15:28:15.105 +07:00 [WRN] Failed to determine the https port for redirect.
2026-04-20 15:28:15.486 +07:00 [INF] HTTP GET / responded 200 in 302.8976 ms
2026-04-20 15:28:16.189 +07:00 [INF] HTTP POST /dashboardHub/negotiate responded 200 in 36.1374 ms
2026-04-20 15:28:16.343 +07:00 [ERR] An exception occurred while iterating over the results of a query for context type 'SmartLMS.Data.SmartLMSContext'.
System.Data.SqlTypes.SqlNullValueException: Data is Null. This method or property cannot be called on Null values.
   at Microsoft.Data.SqlClient.SqlBuffer.ThrowIfNull()
   at Microsoft.Data.SqlClient.SqlBuffer.get_Int32()
   at Microsoft.Data.SqlClient.SqlDataReader.GetInt32(Int32 i)
   at lambda_method238(Closure, QueryContext, DbDataReader, ResultContext, SingleQueryResultCoordinator)
   at Microsoft.EntityFrameworkCore.Query.Internal.SingleQueryingEnumerable`1.AsyncEnumerator.MoveNextAsync()
System.Data.SqlTypes.SqlNullValueException: Data is Null. This method or property cannot be called on Null values.
   at Microsoft.Data.SqlClient.SqlBuffer.ThrowIfNull()
   at Microsoft.Data.SqlClient.SqlBuffer.get_Int32()
   at Microsoft.Data.SqlClient.SqlDataReader.GetInt32(Int32 i)
   at lambda_method238(Closure, QueryContext, DbDataReader, ResultContext, SingleQueryResultCoordinator)
   at Microsoft.EntityFrameworkCore.Query.Internal.SingleQueryingEnumerable`1.AsyncEnumerator.MoveNextAsync()
2026-04-20 15:28:16.367 +07:00 [ERR] HTTP GET /Dashboard/GetStats responded 500 in 186.6073 ms
System.Data.SqlTypes.SqlNullValueException: Data is Null. This method or property cannot be called on Null values.
   at Microsoft.Data.SqlClient.SqlBuffer.ThrowIfNull()
   at Microsoft.Data.SqlClient.SqlBuffer.get_Int32()
   at Microsoft.Data.SqlClient.SqlDataReader.GetInt32(Int32 i)
   at lambda_method238(Closure, QueryContext, DbDataReader, ResultContext, SingleQueryResultCoordinator)
   at Microsoft.EntityFrameworkCore.Query.Internal.SingleQueryingEnumerable`1.AsyncEnumerator.MoveNextAsync()
   at Microsoft.EntityFrameworkCore.EntityFrameworkQueryableExtensions.ToListAsync[TSource](IQueryable`1 source, CancellationToken cancellationToken)
   at Microsoft.EntityFrameworkCore.EntityFrameworkQueryableExtensions.ToListAsync[TSource](IQueryable`1 source, CancellationToken cancellationToken)
   at SmartLMS.Web.Controllers.DashboardController.GetStats() in C:\code\asp.net\SmartLMS.Web\Controllers\DashboardController.cs:line 100
   at Microsoft.AspNetCore.Mvc.Infrastructure.ActionMethodExecutor.TaskOfIActionResultExecutor.Execute(ActionContext actionContext, IActionResultTypeMapper mapper, ObjectMethodExecutor executor, Object controller, Object[] arguments)
   at Microsoft.AspNetCore.Mvc.Infrastructure.ControllerActionInvoker.<InvokeActionMethodAsync>g__Awaited|12_0(ControllerActionInvoker invoker, ValueTask`1 actionResultValueTask)
   at Microsoft.AspNetCore.Mvc.Infrastructure.ControllerActionInvoker.<InvokeNextActionFilterAsync>g__Awaited|10_0(ControllerActionInvoker invoker, Task lastTask, State next, Scope scope, Object state, Boolean isCompleted)
   at Microsoft.AspNetCore.Mvc.Infrastructure.ControllerActionInvoker.Rethrow(ActionExecutedContextSealed context)
   at Microsoft.AspNetCore.Mvc.Infrastructure.ControllerActionInvoker.Next(State& next, Scope& scope, Object& state, Boolean& isCompleted)
   at Microsoft.AspNetCore.Mvc.Infrastructure.ControllerActionInvoker.<InvokeInnerFilterAsync>g__Awaited|13_0(ControllerActionInvoker invoker, Task lastTask, State next, Scope scope, Object state, Boolean isCompleted)
   at Microsoft.AspNetCore.Mvc.Infrastructure.ResourceInvoker.<InvokeNextResourceFilter>g__Awaited|25_0(ResourceInvoker invoker, Task lastTask, State next, Scope scope, Object state, Boolean isCompleted)
   at Microsoft.AspNetCore.Mvc.Infrastructure.ResourceInvoker.Rethrow(ResourceExecutedContextSealed context)
   at Microsoft.AspNetCore.Mvc.Infrastructure.ResourceInvoker.Next(State& next, Scope& scope, Object& state, Boolean& isCompleted)
   at Microsoft.AspNetCore.Mvc.Infrastructure.ResourceInvoker.<InvokeFilterPipelineAsync>g__Awaited|20_0(ResourceInvoker invoker, Task lastTask, State next, Scope scope, Object state, Boolean isCompleted)
   at Microsoft.AspNetCore.Mvc.Infrastructure.ResourceInvoker.<InvokeAsync>g__Awaited|17_0(ResourceInvoker invoker, Task task, IDisposable scope)
   at Microsoft.AspNetCore.Mvc.Infrastructure.ResourceInvoker.<InvokeAsync>g__Awaited|17_0(ResourceInvoker invoker, Task task, IDisposable scope)
   at Microsoft.AspNetCore.Authorization.AuthorizationMiddleware.Invoke(HttpContext context)
   at Microsoft.AspNetCore.Authentication.AuthenticationMiddleware.Invoke(HttpContext context)
   at Prometheus.HttpMetrics.HttpRequestDurationMiddleware.Invoke(HttpContext context)
   at Prometheus.HttpMetrics.HttpRequestCountMiddleware.Invoke(HttpContext context)
   at Prometheus.HttpMetrics.HttpInProgressMiddleware.Invoke(HttpContext context)
   at Serilog.AspNetCore.RequestLoggingMiddleware.Invoke(HttpContext httpContext)
2026-04-20 15:28:16.429 +07:00 [ERR] Đã xảy ra lỗi hệ thống (Unhandled Exception).
System.Data.SqlTypes.SqlNullValueException: Data is Null. This method or property cannot be called on Null values.
   at Microsoft.Data.SqlClient.SqlBuffer.ThrowIfNull()
   at Microsoft.Data.SqlClient.SqlBuffer.get_Int32()
   at Microsoft.Data.SqlClient.SqlDataReader.GetInt32(Int32 i)
   at lambda_method238(Closure, QueryContext, DbDataReader, ResultContext, SingleQueryResultCoordinator)
   at Microsoft.EntityFrameworkCore.Query.Internal.SingleQueryingEnumerable`1.AsyncEnumerator.MoveNextAsync()
   at Microsoft.EntityFrameworkCore.EntityFrameworkQueryableExtensions.ToListAsync[TSource](IQueryable`1 source, CancellationToken cancellationToken)
   at Microsoft.EntityFrameworkCore.EntityFrameworkQueryableExtensions.ToListAsync[TSource](IQueryable`1 source, CancellationToken cancellationToken)
   at SmartLMS.Web.Controllers.DashboardController.GetStats() in C:\code\asp.net\SmartLMS.Web\Controllers\DashboardController.cs:line 100
   at Microsoft.AspNetCore.Mvc.Infrastructure.ActionMethodExecutor.TaskOfIActionResultExecutor.Execute(ActionContext actionContext, IActionResultTypeMapper mapper, ObjectMethodExecutor executor, Object controller, Object[] arguments)
   at Microsoft.AspNetCore.Mvc.Infrastructure.ControllerActionInvoker.<InvokeActionMethodAsync>g__Awaited|12_0(ControllerActionInvoker invoker, ValueTask`1 actionResultValueTask)
   at Microsoft.AspNetCore.Mvc.Infrastructure.ControllerActionInvoker.<InvokeNextActionFilterAsync>g__Awaited|10_0(ControllerActionInvoker invoker, Task lastTask, State next, Scope scope, Object state, Boolean isCompleted)
   at Microsoft.AspNetCore.Mvc.Infrastructure.ControllerActionInvoker.Rethrow(ActionExecutedContextSealed context)
   at Microsoft.AspNetCore.Mvc.Infrastructure.ControllerActionInvoker.Next(State& next, Scope& scope, Object& state, Boolean& isCompleted)
   at Microsoft.AspNetCore.Mvc.Infrastructure.ControllerActionInvoker.<InvokeInnerFilterAsync>g__Awaited|13_0(ControllerActionInvoker invoker, Task lastTask, State next, Scope scope, Object state, Boolean isCompleted)
   at Microsoft.AspNetCore.Mvc.Infrastructure.ResourceInvoker.<InvokeNextResourceFilter>g__Awaited|25_0(ResourceInvoker invoker, Task lastTask, State next, Scope scope, Object state, Boolean isCompleted)
   at Microsoft.AspNetCore.Mvc.Infrastructure.ResourceInvoker.Rethrow(ResourceExecutedContextSealed context)
   at Microsoft.AspNetCore.Mvc.Infrastructure.ResourceInvoker.Next(State& next, Scope& scope, Object& state, Boolean& isCompleted)
   at Microsoft.AspNetCore.Mvc.Infrastructure.ResourceInvoker.<InvokeFilterPipelineAsync>g__Awaited|20_0(ResourceInvoker invoker, Task lastTask, State next, Scope scope, Object state, Boolean isCompleted)
   at Microsoft.AspNetCore.Mvc.Infrastructure.ResourceInvoker.<InvokeAsync>g__Awaited|17_0(ResourceInvoker invoker, Task task, IDisposable scope)
   at Microsoft.AspNetCore.Mvc.Infrastructure.ResourceInvoker.<InvokeAsync>g__Awaited|17_0(ResourceInvoker invoker, Task task, IDisposable scope)
   at Microsoft.AspNetCore.Authorization.AuthorizationMiddleware.Invoke(HttpContext context)
   at Microsoft.AspNetCore.Authentication.AuthenticationMiddleware.Invoke(HttpContext context)
   at Prometheus.HttpMetrics.HttpRequestDurationMiddleware.Invoke(HttpContext context)
   at Prometheus.HttpMetrics.HttpRequestCountMiddleware.Invoke(HttpContext context)
   at Prometheus.HttpMetrics.HttpInProgressMiddleware.Invoke(HttpContext context)
   at Serilog.AspNetCore.RequestLoggingMiddleware.Invoke(HttpContext httpContext)
   at Microsoft.AspNetCore.OutputCaching.OutputCacheMiddleware.<>c__DisplayClass11_0.<<InvokeAwaited>g__ExecuteResponseAsync|0>d.MoveNext()
--- End of stack trace from previous location ---
   at Microsoft.AspNetCore.OutputCaching.WorkDispatcher`2.ScheduleAsync(TKey key, Func`2 valueFactory)
   at Microsoft.AspNetCore.OutputCaching.OutputCacheMiddleware.InvokeAwaited(HttpContext httpContext, IReadOnlyList`1 policies)
   at Microsoft.AspNetCore.ResponseCompression.ResponseCompressionMiddleware.InvokeCore(HttpContext context)
   at Swashbuckle.AspNetCore.SwaggerUI.SwaggerUIMiddleware.Invoke(HttpContext httpContext)
   at Swashbuckle.AspNetCore.Swagger.SwaggerMiddleware.Invoke(HttpContext httpContext, ISwaggerProvider swaggerProvider)
   at SmartLMS.Web.Middlewares.ApiExceptionHandlerMiddleware.Invoke(HttpContext context) in C:\code\asp.net\SmartLMS.Web\Middlewares\ApiExceptionHandlerMiddleware.cs:line 24
2026-04-20 15:28:16.441 +07:00 [INF] HTTP GET /Dashboard/GetActivities responded 200 in 260.8061 ms
2026-04-20 15:28:16.441 +07:00 [INF] HTTP GET /Dashboard/GetRoleDistribution responded 200 in 260.8037 ms
2026-04-20 15:28:16.459 +07:00 [ERR] An unhandled exception has occurred while executing the request.
System.Data.SqlTypes.SqlNullValueException: Data is Null. This method or property cannot be called on Null values.
   at SmartLMS.Web.Middlewares.ApiExceptionHandlerMiddleware.HandleExceptionAsync(HttpContext context, Exception exception) in C:\code\asp.net\SmartLMS.Web\Middlewares\ApiExceptionHandlerMiddleware.cs:line 54
   at SmartLMS.Web.Middlewares.ApiExceptionHandlerMiddleware.Invoke(HttpContext context) in C:\code\asp.net\SmartLMS.Web\Middlewares\ApiExceptionHandlerMiddleware.cs:line 29
   at Microsoft.AspNetCore.Diagnostics.DeveloperExceptionPageMiddlewareImpl.Invoke(HttpContext context)
2026-04-20 15:28:16.484 +07:00 [INF] HTTP GET /Dashboard/GetEngagementChart responded 200 in 303.2164 ms
2026-04-20 15:28:19.361 +07:00 [INF] HTTP GET /Revenue/Audit responded 200 in 291.8365 ms
2026-04-20 15:28:19.427 +07:00 [INF] HTTP GET /dashboardHub responded 101 in 3194.6554 ms
2026-04-20 15:28:25.806 +07:00 [INF] HTTP GET /IAM/Permissions responded 200 in 117.3002 ms
2026-04-20 15:28:31.128 +07:00 [ERR] An exception occurred while iterating over the results of a query for context type 'SmartLMS.Data.SmartLMSContext'.
System.Data.SqlTypes.SqlNullValueException: Data is Null. This method or property cannot be called on Null values.
   at Microsoft.Data.SqlClient.SqlBuffer.ThrowIfNull()
   at Microsoft.Data.SqlClient.SqlBuffer.get_Int32()
   at Microsoft.Data.SqlClient.SqlDataReader.GetInt32(Int32 i)
   at lambda_method324(Closure, QueryContext, DbDataReader, ResultContext, SingleQueryResultCoordinator)
   at Microsoft.EntityFrameworkCore.Query.Internal.SingleQueryingEnumerable`1.AsyncEnumerator.MoveNextAsync()
System.Data.SqlTypes.SqlNullValueException: Data is Null. This method or property cannot be called on Null values.
   at Microsoft.Data.SqlClient.SqlBuffer.ThrowIfNull()
   at Microsoft.Data.SqlClient.SqlBuffer.get_Int32()
   at Microsoft.Data.SqlClient.SqlDataReader.GetInt32(Int32 i)
   at lambda_method324(Closure, QueryContext, DbDataReader, ResultContext, SingleQueryResultCoordinator)
   at Microsoft.EntityFrameworkCore.Query.Internal.SingleQueryingEnumerable`1.AsyncEnumerator.MoveNextAsync()
2026-04-20 15:28:31.146 +07:00 [ERR] HTTP GET /UserManagement responded 500 in 71.4167 ms
System.Data.SqlTypes.SqlNullValueException: Data is Null. This method or property cannot be called on Null values.
   at Microsoft.Data.SqlClient.SqlBuffer.ThrowIfNull()
   at Microsoft.Data.SqlClient.SqlBuffer.get_Int32()
   at Microsoft.Data.SqlClient.SqlDataReader.GetInt32(Int32 i)
   at lambda_method324(Closure, QueryContext, DbDataReader, ResultContext, SingleQueryResultCoordinator)
   at Microsoft.EntityFrameworkCore.Query.Internal.SingleQueryingEnumerable`1.AsyncEnumerator.MoveNextAsync()
   at Microsoft.EntityFrameworkCore.EntityFrameworkQueryableExtensions.ToListAsync[TSource](IQueryable`1 source, CancellationToken cancellationToken)
   at Microsoft.EntityFrameworkCore.EntityFrameworkQueryableExtensions.ToListAsync[TSource](IQueryable`1 source, CancellationToken cancellationToken)
   at SmartLMS.Business.UserService.GetAllUsersAsync() in C:\code\asp.net\SmartLMS.Business\UserService.cs:line 66
   at SmartLMS.Web.Controllers.UserManagementController.Index() in C:\code\asp.net\SmartLMS.Web\Controllers\UserManagementController.cs:line 25
   at Microsoft.AspNetCore.Mvc.Infrastructure.ActionMethodExecutor.TaskOfIActionResultExecutor.Execute(ActionContext actionContext, IActionResultTypeMapper mapper, ObjectMethodExecutor executor, Object controller, Object[] arguments)
   at Microsoft.AspNetCore.Mvc.Infrastructure.ControllerActionInvoker.<InvokeActionMethodAsync>g__Awaited|12_0(ControllerActionInvoker invoker, ValueTask`1 actionResultValueTask)
   at Microsoft.AspNetCore.Mvc.Infrastructure.ControllerActionInvoker.<InvokeNextActionFilterAsync>g__Awaited|10_0(ControllerActionInvoker invoker, Task lastTask, State next, Scope scope, Object state, Boolean isCompleted)
   at Microsoft.AspNetCore.Mvc.Infrastructure.ControllerActionInvoker.Rethrow(ActionExecutedContextSealed context)
   at Microsoft.AspNetCore.Mvc.Infrastructure.ControllerActionInvoker.Next(State& next, Scope& scope, Object& state, Boolean& isCompleted)
   at Microsoft.AspNetCore.Mvc.Infrastructure.ControllerActionInvoker.<InvokeInnerFilterAsync>g__Awaited|13_0(ControllerActionInvoker invoker, Task lastTask, State next, Scope scope, Object state, Boolean isCompleted)
   at Microsoft.AspNetCore.Mvc.Infrastructure.ResourceInvoker.<InvokeNextResourceFilter>g__Awaited|25_0(ResourceInvoker invoker, Task lastTask, State next, Scope scope, Object state, Boolean isCompleted)
   at Microsoft.AspNetCore.Mvc.Infrastructure.ResourceInvoker.Rethrow(ResourceExecutedContextSealed context)
   at Microsoft.AspNetCore.Mvc.Infrastructure.ResourceInvoker.Next(State& next, Scope& scope, Object& state, Boolean& isCompleted)
   at Microsoft.AspNetCore.Mvc.Infrastructure.ResourceInvoker.<InvokeFilterPipelineAsync>g__Awaited|20_0(ResourceInvoker invoker, Task lastTask, State next, Scope scope, Object state, Boolean isCompleted)
   at Microsoft.AspNetCore.Mvc.Infrastructure.ResourceInvoker.<InvokeAsync>g__Awaited|17_0(ResourceInvoker invoker, Task task, IDisposable scope)
   at Microsoft.AspNetCore.Mvc.Infrastructure.ResourceInvoker.<InvokeAsync>g__Awaited|17_0(ResourceInvoker invoker, Task task, IDisposable scope)
   at Microsoft.AspNetCore.Authorization.AuthorizationMiddleware.Invoke(HttpContext context)
   at Microsoft.AspNetCore.Authentication.AuthenticationMiddleware.Invoke(HttpContext context)
   at Prometheus.HttpMetrics.HttpRequestDurationMiddleware.Invoke(HttpContext context)
   at Prometheus.HttpMetrics.HttpRequestCountMiddleware.Invoke(HttpContext context)
   at Prometheus.HttpMetrics.HttpInProgressMiddleware.Invoke(HttpContext context)
   at Serilog.AspNetCore.RequestLoggingMiddleware.Invoke(HttpContext httpContext)
2026-04-20 15:28:31.196 +07:00 [ERR] Đã xảy ra lỗi hệ thống (Unhandled Exception).
System.Data.SqlTypes.SqlNullValueException: Data is Null. This method or property cannot be called on Null values.
   at Microsoft.Data.SqlClient.SqlBuffer.ThrowIfNull()
   at Microsoft.Data.SqlClient.SqlBuffer.get_Int32()
   at Microsoft.Data.SqlClient.SqlDataReader.GetInt32(Int32 i)
   at lambda_method324(Closure, QueryContext, DbDataReader, ResultContext, SingleQueryResultCoordinator)
   at Microsoft.EntityFrameworkCore.Query.Internal.SingleQueryingEnumerable`1.AsyncEnumerator.MoveNextAsync()
   at Microsoft.EntityFrameworkCore.EntityFrameworkQueryableExtensions.ToListAsync[TSource](IQueryable`1 source, CancellationToken cancellationToken)
   at Microsoft.EntityFrameworkCore.EntityFrameworkQueryableExtensions.ToListAsync[TSource](IQueryable`1 source, CancellationToken cancellationToken)
   at SmartLMS.Business.UserService.GetAllUsersAsync() in C:\code\asp.net\SmartLMS.Business\UserService.cs:line 66
   at SmartLMS.Web.Controllers.UserManagementController.Index() in C:\code\asp.net\SmartLMS.Web\Controllers\UserManagementController.cs:line 25
   at Microsoft.AspNetCore.Mvc.Infrastructure.ActionMethodExecutor.TaskOfIActionResultExecutor.Execute(ActionContext actionContext, IActionResultTypeMapper mapper, ObjectMethodExecutor executor, Object controller, Object[] arguments)
   at Microsoft.AspNetCore.Mvc.Infrastructure.ControllerActionInvoker.<InvokeActionMethodAsync>g__Awaited|12_0(ControllerActionInvoker invoker, ValueTask`1 actionResultValueTask)
   at Microsoft.AspNetCore.Mvc.Infrastructure.ControllerActionInvoker.<InvokeNextActionFilterAsync>g__Awaited|10_0(ControllerActionInvoker invoker, Task lastTask, State next, Scope scope, Object state, Boolean isCompleted)
   at Microsoft.AspNetCore.Mvc.Infrastructure.ControllerActionInvoker.Rethrow(ActionExecutedContextSealed context)
   at Microsoft.AspNetCore.Mvc.Infrastructure.ControllerActionInvoker.Next(State& next, Scope& scope, Object& state, Boolean& isCompleted)
   at Microsoft.AspNetCore.Mvc.Infrastructure.ControllerActionInvoker.<InvokeInnerFilterAsync>g__Awaited|13_0(ControllerActionInvoker invoker, Task lastTask, State next, Scope scope, Object state, Boolean isCompleted)
   at Microsoft.AspNetCore.Mvc.Infrastructure.ResourceInvoker.<InvokeNextResourceFilter>g__Awaited|25_0(ResourceInvoker invoker, Task lastTask, State next, Scope scope, Object state, Boolean isCompleted)
   at Microsoft.AspNetCore.Mvc.Infrastructure.ResourceInvoker.Rethrow(ResourceExecutedContextSealed context)
   at Microsoft.AspNetCore.Mvc.Infrastructure.ResourceInvoker.Next(State& next, Scope& scope, Object& state, Boolean& isCompleted)
   at Microsoft.AspNetCore.Mvc.Infrastructure.ResourceInvoker.<InvokeFilterPipelineAsync>g__Awaited|20_0(ResourceInvoker invoker, Task lastTask, State next, Scope scope, Object state, Boolean isCompleted)
   at Microsoft.AspNetCore.Mvc.Infrastructure.ResourceInvoker.<InvokeAsync>g__Awaited|17_0(ResourceInvoker invoker, Task task, IDisposable scope)
   at Microsoft.AspNetCore.Mvc.Infrastructure.ResourceInvoker.<InvokeAsync>g__Awaited|17_0(ResourceInvoker invoker, Task task, IDisposable scope)
   at Microsoft.AspNetCore.Authorization.AuthorizationMiddleware.Invoke(HttpContext context)
   at Microsoft.AspNetCore.Authentication.AuthenticationMiddleware.Invoke(HttpContext context)
   at Prometheus.HttpMetrics.HttpRequestDurationMiddleware.Invoke(HttpContext context)
   at Prometheus.HttpMetrics.HttpRequestCountMiddleware.Invoke(HttpContext context)
   at Prometheus.HttpMetrics.HttpInProgressMiddleware.Invoke(HttpContext context)
   at Serilog.AspNetCore.RequestLoggingMiddleware.Invoke(HttpContext httpContext)
   at Microsoft.AspNetCore.OutputCaching.OutputCacheMiddleware.<>c__DisplayClass11_0.<<InvokeAwaited>g__ExecuteResponseAsync|0>d.MoveNext()
--- End of stack trace from previous location ---
   at Microsoft.AspNetCore.OutputCaching.WorkDispatcher`2.ScheduleAsync(TKey key, Func`2 valueFactory)
   at Microsoft.AspNetCore.OutputCaching.OutputCacheMiddleware.InvokeAwaited(HttpContext httpContext, IReadOnlyList`1 policies)
   at Microsoft.AspNetCore.ResponseCompression.ResponseCompressionMiddleware.InvokeCore(HttpContext context)
   at Swashbuckle.AspNetCore.SwaggerUI.SwaggerUIMiddleware.Invoke(HttpContext httpContext)
   at Swashbuckle.AspNetCore.Swagger.SwaggerMiddleware.Invoke(HttpContext httpContext, ISwaggerProvider swaggerProvider)
   at SmartLMS.Web.Middlewares.ApiExceptionHandlerMiddleware.Invoke(HttpContext context) in C:\code\asp.net\SmartLMS.Web\Middlewares\ApiExceptionHandlerMiddleware.cs:line 24
2026-04-20 15:28:31.226 +07:00 [ERR] An unhandled exception has occurred while executing the request.
System.Data.SqlTypes.SqlNullValueException: Data is Null. This method or property cannot be called on Null values.
   at SmartLMS.Web.Middlewares.ApiExceptionHandlerMiddleware.HandleExceptionAsync(HttpContext context, Exception exception) in C:\code\asp.net\SmartLMS.Web\Middlewares\ApiExceptionHandlerMiddleware.cs:line 54
   at SmartLMS.Web.Middlewares.ApiExceptionHandlerMiddleware.Invoke(HttpContext context) in C:\code\asp.net\SmartLMS.Web\Middlewares\ApiExceptionHandlerMiddleware.cs:line 29
   at Microsoft.AspNetCore.Diagnostics.DeveloperExceptionPageMiddlewareImpl.Invoke(HttpContext context)
2026-04-20 15:28:34.215 +07:00 [ERR] An exception occurred while iterating over the results of a query for context type 'SmartLMS.Data.SmartLMSContext'.
System.Data.SqlTypes.SqlNullValueException: Data is Null. This method or property cannot be called on Null values.
   at Microsoft.Data.SqlClient.SqlBuffer.ThrowIfNull()
   at Microsoft.Data.SqlClient.SqlBuffer.get_Int32()
   at Microsoft.Data.SqlClient.SqlDataReader.GetInt32(Int32 i)
   at lambda_method324(Closure, QueryContext, DbDataReader, ResultContext, SingleQueryResultCoordinator)
   at Microsoft.EntityFrameworkCore.Query.Internal.SingleQueryingEnumerable`1.AsyncEnumerator.MoveNextAsync()
System.Data.SqlTypes.SqlNullValueException: Data is Null. This method or property cannot be called on Null values.
   at Microsoft.Data.SqlClient.SqlBuffer.ThrowIfNull()
   at Microsoft.Data.SqlClient.SqlBuffer.get_Int32()
   at Microsoft.Data.SqlClient.SqlDataReader.GetInt32(Int32 i)
   at lambda_method324(Closure, QueryContext, DbDataReader, ResultContext, SingleQueryResultCoordinator)
   at Microsoft.EntityFrameworkCore.Query.Internal.SingleQueryingEnumerable`1.AsyncEnumerator.MoveNextAsync()
2026-04-20 15:28:34.236 +07:00 [ERR] HTTP GET /UserManagement responded 500 in 53.6604 ms
System.Data.SqlTypes.SqlNullValueException: Data is Null. This method or property cannot be called on Null values.
   at Microsoft.Data.SqlClient.SqlBuffer.ThrowIfNull()
   at Microsoft.Data.SqlClient.SqlBuffer.get_Int32()
   at Microsoft.Data.SqlClient.SqlDataReader.GetInt32(Int32 i)
   at lambda_method324(Closure, QueryContext, DbDataReader, ResultContext, SingleQueryResultCoordinator)
   at Microsoft.EntityFrameworkCore.Query.Internal.SingleQueryingEnumerable`1.AsyncEnumerator.MoveNextAsync()
   at Microsoft.EntityFrameworkCore.EntityFrameworkQueryableExtensions.ToListAsync[TSource](IQueryable`1 source, CancellationToken cancellationToken)
   at Microsoft.EntityFrameworkCore.EntityFrameworkQueryableExtensions.ToListAsync[TSource](IQueryable`1 source, CancellationToken cancellationToken)
   at SmartLMS.Business.UserService.GetAllUsersAsync() in C:\code\asp.net\SmartLMS.Business\UserService.cs:line 66
   at SmartLMS.Web.Controllers.UserManagementController.Index() in C:\code\asp.net\SmartLMS.Web\Controllers\UserManagementController.cs:line 25
   at Microsoft.AspNetCore.Mvc.Infrastructure.ActionMethodExecutor.TaskOfIActionResultExecutor.Execute(ActionContext actionContext, IActionResultTypeMapper mapper, ObjectMethodExecutor executor, Object controller, Object[] arguments)
   at Microsoft.AspNetCore.Mvc.Infrastructure.ControllerActionInvoker.<InvokeActionMethodAsync>g__Awaited|12_0(ControllerActionInvoker invoker, ValueTask`1 actionResultValueTask)
   at Microsoft.AspNetCore.Mvc.Infrastructure.ControllerActionInvoker.<InvokeNextActionFilterAsync>g__Awaited|10_0(ControllerActionInvoker invoker, Task lastTask, State next, Scope scope, Object state, Boolean isCompleted)
   at Microsoft.AspNetCore.Mvc.Infrastructure.ControllerActionInvoker.Rethrow(ActionExecutedContextSealed context)
   at Microsoft.AspNetCore.Mvc.Infrastructure.ControllerActionInvoker.Next(State& next, Scope& scope, Object& state, Boolean& isCompleted)
   at Microsoft.AspNetCore.Mvc.Infrastructure.ControllerActionInvoker.<InvokeInnerFilterAsync>g__Awaited|13_0(ControllerActionInvoker invoker, Task lastTask, State next, Scope scope, Object state, Boolean isCompleted)
   at Microsoft.AspNetCore.Mvc.Infrastructure.ResourceInvoker.<InvokeNextResourceFilter>g__Awaited|25_0(ResourceInvoker invoker, Task lastTask, State next, Scope scope, Object state, Boolean isCompleted)
   at Microsoft.AspNetCore.Mvc.Infrastructure.ResourceInvoker.Rethrow(ResourceExecutedContextSealed context)
   at Microsoft.AspNetCore.Mvc.Infrastructure.ResourceInvoker.Next(State& next, Scope& scope, Object& state, Boolean& isCompleted)
   at Microsoft.AspNetCore.Mvc.Infrastructure.ResourceInvoker.<InvokeFilterPipelineAsync>g__Awaited|20_0(ResourceInvoker invoker, Task lastTask, State next, Scope scope, Object state, Boolean isCompleted)
   at Microsoft.AspNetCore.Mvc.Infrastructure.ResourceInvoker.<InvokeAsync>g__Awaited|17_0(ResourceInvoker invoker, Task task, IDisposable scope)
   at Microsoft.AspNetCore.Mvc.Infrastructure.ResourceInvoker.<InvokeAsync>g__Awaited|17_0(ResourceInvoker invoker, Task task, IDisposable scope)
   at Microsoft.AspNetCore.Authorization.AuthorizationMiddleware.Invoke(HttpContext context)
   at Microsoft.AspNetCore.Authentication.AuthenticationMiddleware.Invoke(HttpContext context)
   at Prometheus.HttpMetrics.HttpRequestDurationMiddleware.Invoke(HttpContext context)
   at Prometheus.HttpMetrics.HttpRequestCountMiddleware.Invoke(HttpContext context)
   at Prometheus.HttpMetrics.HttpInProgressMiddleware.Invoke(HttpContext context)
   at Serilog.AspNetCore.RequestLoggingMiddleware.Invoke(HttpContext httpContext)
2026-04-20 15:28:34.262 +07:00 [ERR] Đã xảy ra lỗi hệ thống (Unhandled Exception).
System.Data.SqlTypes.SqlNullValueException: Data is Null. This method or property cannot be called on Null values.
   at Microsoft.Data.SqlClient.SqlBuffer.ThrowIfNull()
   at Microsoft.Data.SqlClient.SqlBuffer.get_Int32()
   at Microsoft.Data.SqlClient.SqlDataReader.GetInt32(Int32 i)
   at lambda_method324(Closure, QueryContext, DbDataReader, ResultContext, SingleQueryResultCoordinator)
   at Microsoft.EntityFrameworkCore.Query.Internal.SingleQueryingEnumerable`1.AsyncEnumerator.MoveNextAsync()
   at Microsoft.EntityFrameworkCore.EntityFrameworkQueryableExtensions.ToListAsync[TSource](IQueryable`1 source, CancellationToken cancellationToken)
   at Microsoft.EntityFrameworkCore.EntityFrameworkQueryableExtensions.ToListAsync[TSource](IQueryable`1 source, CancellationToken cancellationToken)
   at SmartLMS.Business.UserService.GetAllUsersAsync() in C:\code\asp.net\SmartLMS.Business\UserService.cs:line 66
   at SmartLMS.Web.Controllers.UserManagementController.Index() in C:\code\asp.net\SmartLMS.Web\Controllers\UserManagementController.cs:line 25
   at Microsoft.AspNetCore.Mvc.Infrastructure.ActionMethodExecutor.TaskOfIActionResultExecutor.Execute(ActionContext actionContext, IActionResultTypeMapper mapper, ObjectMethodExecutor executor, Object controller, Object[] arguments)
   at Microsoft.AspNetCore.Mvc.Infrastructure.ControllerActionInvoker.<InvokeActionMethodAsync>g__Awaited|12_0(ControllerActionInvoker invoker, ValueTask`1 actionResultValueTask)
   at Microsoft.AspNetCore.Mvc.Infrastructure.ControllerActionInvoker.<InvokeNextActionFilterAsync>g__Awaited|10_0(ControllerActionInvoker invoker, Task lastTask, State next, Scope scope, Object state, Boolean isCompleted)
   at Microsoft.AspNetCore.Mvc.Infrastructure.ControllerActionInvoker.Rethrow(ActionExecutedContextSealed context)
   at Microsoft.AspNetCore.Mvc.Infrastructure.ControllerActionInvoker.Next(State& next, Scope& scope, Object& state, Boolean& isCompleted)
   at Microsoft.AspNetCore.Mvc.Infrastructure.ControllerActionInvoker.<InvokeInnerFilterAsync>g__Awaited|13_0(ControllerActionInvoker invoker, Task lastTask, State next, Scope scope, Object state, Boolean isCompleted)
   at Microsoft.AspNetCore.Mvc.Infrastructure.ResourceInvoker.<InvokeNextResourceFilter>g__Awaited|25_0(ResourceInvoker invoker, Task lastTask, State next, Scope scope, Object state, Boolean isCompleted)
   at Microsoft.AspNetCore.Mvc.Infrastructure.ResourceInvoker.Rethrow(ResourceExecutedContextSealed context)
   at Microsoft.AspNetCore.Mvc.Infrastructure.ResourceInvoker.Next(State& next, Scope& scope, Object& state, Boolean& isCompleted)
   at Microsoft.AspNetCore.Mvc.Infrastructure.ResourceInvoker.<InvokeFilterPipelineAsync>g__Awaited|20_0(ResourceInvoker invoker, Task lastTask, State next, Scope scope, Object state, Boolean isCompleted)
   at Microsoft.AspNetCore.Mvc.Infrastructure.ResourceInvoker.<InvokeAsync>g__Awaited|17_0(ResourceInvoker invoker, Task task, IDisposable scope)
   at Microsoft.AspNetCore.Mvc.Infrastructure.ResourceInvoker.<InvokeAsync>g__Awaited|17_0(ResourceInvoker invoker, Task task, IDisposable scope)
   at Microsoft.AspNetCore.Authorization.AuthorizationMiddleware.Invoke(HttpContext context)
   at Microsoft.AspNetCore.Authentication.AuthenticationMiddleware.Invoke(HttpContext context)
   at Prometheus.HttpMetrics.HttpRequestDurationMiddleware.Invoke(HttpContext context)
   at Prometheus.HttpMetrics.HttpRequestCountMiddleware.Invoke(HttpContext context)
   at Prometheus.HttpMetrics.HttpInProgressMiddleware.Invoke(HttpContext context)
   at Serilog.AspNetCore.RequestLoggingMiddleware.Invoke(HttpContext httpContext)
   at Microsoft.AspNetCore.OutputCaching.OutputCacheMiddleware.<>c__DisplayClass11_0.<<InvokeAwaited>g__ExecuteResponseAsync|0>d.MoveNext()
--- End of stack trace from previous location ---
   at Microsoft.AspNetCore.OutputCaching.WorkDispatcher`2.ScheduleAsync(TKey key, Func`2 valueFactory)
   at Microsoft.AspNetCore.OutputCaching.OutputCacheMiddleware.InvokeAwaited(HttpContext httpContext, IReadOnlyList`1 policies)
   at Microsoft.AspNetCore.ResponseCompression.ResponseCompressionMiddleware.InvokeCore(HttpContext context)
   at Swashbuckle.AspNetCore.SwaggerUI.SwaggerUIMiddleware.Invoke(HttpContext httpContext)
   at Swashbuckle.AspNetCore.Swagger.SwaggerMiddleware.Invoke(HttpContext httpContext, ISwaggerProvider swaggerProvider)
   at SmartLMS.Web.Middlewares.ApiExceptionHandlerMiddleware.Invoke(HttpContext context) in C:\code\asp.net\SmartLMS.Web\Middlewares\ApiExceptionHandlerMiddleware.cs:line 24
2026-04-20 15:28:34.285 +07:00 [ERR] An unhandled exception has occurred while executing the request.
System.Data.SqlTypes.SqlNullValueException: Data is Null. This method or property cannot be called on Null values.
   at SmartLMS.Web.Middlewares.ApiExceptionHandlerMiddleware.HandleExceptionAsync(HttpContext context, Exception exception) in C:\code\asp.net\SmartLMS.Web\Middlewares\ApiExceptionHandlerMiddleware.cs:line 54
   at SmartLMS.Web.Middlewares.ApiExceptionHandlerMiddleware.Invoke(HttpContext context) in C:\code\asp.net\SmartLMS.Web\Middlewares\ApiExceptionHandlerMiddleware.cs:line 29
   at Microsoft.AspNetCore.Diagnostics.DeveloperExceptionPageMiddlewareImpl.Invoke(HttpContext context)
2026-04-20 15:28:36.614 +07:00 [INF] HTTP GET /Cohort responded 200 in 91.5757 ms
2026-04-20 15:28:38.098 +07:00 [INF] HTTP GET /CourseManagement responded 200 in 283.1487 ms
2026-04-20 15:28:38.431 +07:00 [INF] HTTP GET /CourseManagement/GetCoursesJson responded 200 in 169.1460 ms
2026-04-20 15:28:38.479 +07:00 [INF] HTTP GET /img/no-image.png responded 404 in 8.7544 ms
2026-04-20 15:28:40.872 +07:00 [ERR] An exception occurred while iterating over the results of a query for context type 'SmartLMS.Data.SmartLMSContext'.
System.Data.SqlTypes.SqlNullValueException: Data is Null. This method or property cannot be called on Null values.
   at Microsoft.Data.SqlClient.SqlBuffer.get_Int32()
   at Microsoft.Data.SqlClient.SqlDataReader.GetInt32(Int32 i)
   at lambda_method324(Closure, QueryContext, DbDataReader, ResultContext, SingleQueryResultCoordinator)
   at Microsoft.EntityFrameworkCore.Query.Internal.SingleQueryingEnumerable`1.AsyncEnumerator.MoveNextAsync()
System.Data.SqlTypes.SqlNullValueException: Data is Null. This method or property cannot be called on Null values.
   at Microsoft.Data.SqlClient.SqlBuffer.get_Int32()
   at Microsoft.Data.SqlClient.SqlDataReader.GetInt32(Int32 i)
   at lambda_method324(Closure, QueryContext, DbDataReader, ResultContext, SingleQueryResultCoordinator)
   at Microsoft.EntityFrameworkCore.Query.Internal.SingleQueryingEnumerable`1.AsyncEnumerator.MoveNextAsync()
2026-04-20 15:28:40.886 +07:00 [ERR] HTTP GET /UserManagement responded 500 in 40.1514 ms
System.Data.SqlTypes.SqlNullValueException: Data is Null. This method or property cannot be called on Null values.
   at Microsoft.Data.SqlClient.SqlBuffer.get_Int32()
   at Microsoft.Data.SqlClient.SqlDataReader.GetInt32(Int32 i)
   at lambda_method324(Closure, QueryContext, DbDataReader, ResultContext, SingleQueryResultCoordinator)
   at Microsoft.EntityFrameworkCore.Query.Internal.SingleQueryingEnumerable`1.AsyncEnumerator.MoveNextAsync()
   at Microsoft.EntityFrameworkCore.EntityFrameworkQueryableExtensions.ToListAsync[TSource](IQueryable`1 source, CancellationToken cancellationToken)
   at Microsoft.EntityFrameworkCore.EntityFrameworkQueryableExtensions.ToListAsync[TSource](IQueryable`1 source, CancellationToken cancellationToken)
   at SmartLMS.Business.UserService.GetAllUsersAsync() in C:\code\asp.net\SmartLMS.Business\UserService.cs:line 66
   at SmartLMS.Web.Controllers.UserManagementController.Index() in C:\code\asp.net\SmartLMS.Web\Controllers\UserManagementController.cs:line 25
   at Microsoft.AspNetCore.Mvc.Infrastructure.ActionMethodExecutor.TaskOfIActionResultExecutor.Execute(ActionContext actionContext, IActionResultTypeMapper mapper, ObjectMethodExecutor executor, Object controller, Object[] arguments)
   at Microsoft.AspNetCore.Mvc.Infrastructure.ControllerActionInvoker.<InvokeActionMethodAsync>g__Awaited|12_0(ControllerActionInvoker invoker, ValueTask`1 actionResultValueTask)
   at Microsoft.AspNetCore.Mvc.Infrastructure.ControllerActionInvoker.<InvokeNextActionFilterAsync>g__Awaited|10_0(ControllerActionInvoker invoker, Task lastTask, State next, Scope scope, Object state, Boolean isCompleted)
   at Microsoft.AspNetCore.Mvc.Infrastructure.ControllerActionInvoker.Rethrow(ActionExecutedContextSealed context)
   at Microsoft.AspNetCore.Mvc.Infrastructure.ControllerActionInvoker.Next(State& next, Scope& scope, Object& state, Boolean& isCompleted)
   at Microsoft.AspNetCore.Mvc.Infrastructure.ControllerActionInvoker.<InvokeInnerFilterAsync>g__Awaited|13_0(ControllerActionInvoker invoker, Task lastTask, State next, Scope scope, Object state, Boolean isCompleted)
   at Microsoft.AspNetCore.Mvc.Infrastructure.ResourceInvoker.<InvokeNextResourceFilter>g__Awaited|25_0(ResourceInvoker invoker, Task lastTask, State next, Scope scope, Object state, Boolean isCompleted)
   at Microsoft.AspNetCore.Mvc.Infrastructure.ResourceInvoker.Rethrow(ResourceExecutedContextSealed context)
   at Microsoft.AspNetCore.Mvc.Infrastructure.ResourceInvoker.Next(State& next, Scope& scope, Object& state, Boolean& isCompleted)
   at Microsoft.AspNetCore.Mvc.Infrastructure.ResourceInvoker.<InvokeFilterPipelineAsync>g__Awaited|20_0(ResourceInvoker invoker, Task lastTask, State next, Scope scope, Object state, Boolean isCompleted)
   at Microsoft.AspNetCore.Mvc.Infrastructure.ResourceInvoker.<InvokeAsync>g__Awaited|17_0(ResourceInvoker invoker, Task task, IDisposable scope)
   at Microsoft.AspNetCore.Mvc.Infrastructure.ResourceInvoker.<InvokeAsync>g__Awaited|17_0(ResourceInvoker invoker, Task task, IDisposable scope)
   at Microsoft.AspNetCore.Authorization.AuthorizationMiddleware.Invoke(HttpContext context)
   at Microsoft.AspNetCore.Authentication.AuthenticationMiddleware.Invoke(HttpContext context)
   at Prometheus.HttpMetrics.HttpRequestDurationMiddleware.Invoke(HttpContext context)
   at Prometheus.HttpMetrics.HttpRequestCountMiddleware.Invoke(HttpContext context)
   at Prometheus.HttpMetrics.HttpInProgressMiddleware.Invoke(HttpContext context)
   at Serilog.AspNetCore.RequestLoggingMiddleware.Invoke(HttpContext httpContext)
2026-04-20 15:28:40.903 +07:00 [ERR] Đã xảy ra lỗi hệ thống (Unhandled Exception).
System.Data.SqlTypes.SqlNullValueException: Data is Null. This method or property cannot be called on Null values.
   at Microsoft.Data.SqlClient.SqlBuffer.get_Int32()
   at Microsoft.Data.SqlClient.SqlDataReader.GetInt32(Int32 i)
   at lambda_method324(Closure, QueryContext, DbDataReader, ResultContext, SingleQueryResultCoordinator)
   at Microsoft.EntityFrameworkCore.Query.Internal.SingleQueryingEnumerable`1.AsyncEnumerator.MoveNextAsync()
   at Microsoft.EntityFrameworkCore.EntityFrameworkQueryableExtensions.ToListAsync[TSource](IQueryable`1 source, CancellationToken cancellationToken)
   at Microsoft.EntityFrameworkCore.EntityFrameworkQueryableExtensions.ToListAsync[TSource](IQueryable`1 source, CancellationToken cancellationToken)
   at SmartLMS.Business.UserService.GetAllUsersAsync() in C:\code\asp.net\SmartLMS.Business\UserService.cs:line 66
   at SmartLMS.Web.Controllers.UserManagementController.Index() in C:\code\asp.net\SmartLMS.Web\Controllers\UserManagementController.cs:line 25
   at Microsoft.AspNetCore.Mvc.Infrastructure.ActionMethodExecutor.TaskOfIActionResultExecutor.Execute(ActionContext actionContext, IActionResultTypeMapper mapper, ObjectMethodExecutor executor, Object controller, Object[] arguments)
   at Microsoft.AspNetCore.Mvc.Infrastructure.ControllerActionInvoker.<InvokeActionMethodAsync>g__Awaited|12_0(ControllerActionInvoker invoker, ValueTask`1 actionResultValueTask)
   at Microsoft.AspNetCore.Mvc.Infrastructure.ControllerActionInvoker.<InvokeNextActionFilterAsync>g__Awaited|10_0(ControllerActionInvoker invoker, Task lastTask, State next, Scope scope, Object state, Boolean isCompleted)
   at Microsoft.AspNetCore.Mvc.Infrastructure.ControllerActionInvoker.Rethrow(ActionExecutedContextSealed context)
   at Microsoft.AspNetCore.Mvc.Infrastructure.ControllerActionInvoker.Next(State& next, Scope& scope, Object& state, Boolean& isCompleted)
   at Microsoft.AspNetCore.Mvc.Infrastructure.ControllerActionInvoker.<InvokeInnerFilterAsync>g__Awaited|13_0(ControllerActionInvoker invoker, Task lastTask, State next, Scope scope, Object state, Boolean isCompleted)
   at Microsoft.AspNetCore.Mvc.Infrastructure.ResourceInvoker.<InvokeNextResourceFilter>g__Awaited|25_0(ResourceInvoker invoker, Task lastTask, State next, Scope scope, Object state, Boolean isCompleted)
   at Microsoft.AspNetCore.Mvc.Infrastructure.ResourceInvoker.Rethrow(ResourceExecutedContextSealed context)
   at Microsoft.AspNetCore.Mvc.Infrastructure.ResourceInvoker.Next(State& next, Scope& scope, Object& state, Boolean& isCompleted)
   at Microsoft.AspNetCore.Mvc.Infrastructure.ResourceInvoker.<InvokeFilterPipelineAsync>g__Awaited|20_0(ResourceInvoker invoker, Task lastTask, State next, Scope scope, Object state, Boolean isCompleted)
   at Microsoft.AspNetCore.Mvc.Infrastructure.ResourceInvoker.<InvokeAsync>g__Awaited|17_0(ResourceInvoker invoker, Task task, IDisposable scope)
   at Microsoft.AspNetCore.Mvc.Infrastructure.ResourceInvoker.<InvokeAsync>g__Awaited|17_0(ResourceInvoker invoker, Task task, IDisposable scope)
   at Microsoft.AspNetCore.Authorization.AuthorizationMiddleware.Invoke(HttpContext context)
   at Microsoft.AspNetCore.Authentication.AuthenticationMiddleware.Invoke(HttpContext context)
   at Prometheus.HttpMetrics.HttpRequestDurationMiddleware.Invoke(HttpContext context)
   at Prometheus.HttpMetrics.HttpRequestCountMiddleware.Invoke(HttpContext context)
   at Prometheus.HttpMetrics.HttpInProgressMiddleware.Invoke(HttpContext context)
   at Serilog.AspNetCore.RequestLoggingMiddleware.Invoke(HttpContext httpContext)
   at Microsoft.AspNetCore.OutputCaching.OutputCacheMiddleware.<>c__DisplayClass11_0.<<InvokeAwaited>g__ExecuteResponseAsync|0>d.MoveNext()
--- End of stack trace from previous location ---
   at Microsoft.AspNetCore.OutputCaching.WorkDispatcher`2.ScheduleAsync(TKey key, Func`2 valueFactory)
   at Microsoft.AspNetCore.OutputCaching.OutputCacheMiddleware.InvokeAwaited(HttpContext httpContext, IReadOnlyList`1 policies)
   at Microsoft.AspNetCore.ResponseCompression.ResponseCompressionMiddleware.InvokeCore(HttpContext context)
   at Swashbuckle.AspNetCore.SwaggerUI.SwaggerUIMiddleware.Invoke(HttpContext httpContext)
   at Swashbuckle.AspNetCore.Swagger.SwaggerMiddleware.Invoke(HttpContext httpContext, ISwaggerProvider swaggerProvider)
   at SmartLMS.Web.Middlewares.ApiExceptionHandlerMiddleware.Invoke(HttpContext context) in C:\code\asp.net\SmartLMS.Web\Middlewares\ApiExceptionHandlerMiddleware.cs:line 24
2026-04-20 15:28:40.921 +07:00 [ERR] An unhandled exception has occurred while executing the request.
System.Data.SqlTypes.SqlNullValueException: Data is Null. This method or property cannot be called on Null values.
   at SmartLMS.Web.Middlewares.ApiExceptionHandlerMiddleware.HandleExceptionAsync(HttpContext context, Exception exception) in C:\code\asp.net\SmartLMS.Web\Middlewares\ApiExceptionHandlerMiddleware.cs:line 54
   at SmartLMS.Web.Middlewares.ApiExceptionHandlerMiddleware.Invoke(HttpContext context) in C:\code\asp.net\SmartLMS.Web\Middlewares\ApiExceptionHandlerMiddleware.cs:line 29
   at Microsoft.AspNetCore.Diagnostics.DeveloperExceptionPageMiddlewareImpl.Invoke(HttpContext context)
2026-04-20 15:29:25.133 +07:00 [INF] HTTP GET /Dashboard responded 200 in 13.4363 ms
2026-04-20 15:29:25.404 +07:00 [INF] HTTP POST /dashboardHub/negotiate responded 200 in 2.0011 ms
2026-04-20 15:29:25.448 +07:00 [INF] HTTP GET /Dashboard/GetRoleDistribution responded 200 in 29.0984 ms
2026-04-20 15:29:25.468 +07:00 [INF] HTTP GET /Dashboard/GetEngagementChart responded 200 in 49.2051 ms
2026-04-20 15:29:25.474 +07:00 [INF] HTTP GET /Dashboard/GetActivities responded 200 in 55.2342 ms
2026-04-20 15:29:25.748 +07:00 [ERR] An exception occurred while iterating over the results of a query for context type 'SmartLMS.Data.SmartLMSContext'.
System.Data.SqlTypes.SqlNullValueException: Data is Null. This method or property cannot be called on Null values.
   at Microsoft.Data.SqlClient.SqlBuffer.get_Int32()
   at Microsoft.Data.SqlClient.SqlDataReader.GetInt32(Int32 i)
   at lambda_method238(Closure, QueryContext, DbDataReader, ResultContext, SingleQueryResultCoordinator)
   at Microsoft.EntityFrameworkCore.Query.Internal.SingleQueryingEnumerable`1.AsyncEnumerator.MoveNextAsync()
System.Data.SqlTypes.SqlNullValueException: Data is Null. This method or property cannot be called on Null values.
   at Microsoft.Data.SqlClient.SqlBuffer.get_Int32()
   at Microsoft.Data.SqlClient.SqlDataReader.GetInt32(Int32 i)
   at lambda_method238(Closure, QueryContext, DbDataReader, ResultContext, SingleQueryResultCoordinator)
   at Microsoft.EntityFrameworkCore.Query.Internal.SingleQueryingEnumerable`1.AsyncEnumerator.MoveNextAsync()
2026-04-20 15:29:25.759 +07:00 [ERR] HTTP GET /Dashboard/GetStats responded 500 in 339.6622 ms
System.Data.SqlTypes.SqlNullValueException: Data is Null. This method or property cannot be called on Null values.
   at Microsoft.Data.SqlClient.SqlBuffer.get_Int32()
   at Microsoft.Data.SqlClient.SqlDataReader.GetInt32(Int32 i)
   at lambda_method238(Closure, QueryContext, DbDataReader, ResultContext, SingleQueryResultCoordinator)
   at Microsoft.EntityFrameworkCore.Query.Internal.SingleQueryingEnumerable`1.AsyncEnumerator.MoveNextAsync()
   at Microsoft.EntityFrameworkCore.EntityFrameworkQueryableExtensions.ToListAsync[TSource](IQueryable`1 source, CancellationToken cancellationToken)
   at Microsoft.EntityFrameworkCore.EntityFrameworkQueryableExtensions.ToListAsync[TSource](IQueryable`1 source, CancellationToken cancellationToken)
   at SmartLMS.Web.Controllers.DashboardController.GetStats() in C:\code\asp.net\SmartLMS.Web\Controllers\DashboardController.cs:line 100
   at Microsoft.AspNetCore.Mvc.Infrastructure.ActionMethodExecutor.TaskOfIActionResultExecutor.Execute(ActionContext actionContext, IActionResultTypeMapper mapper, ObjectMethodExecutor executor, Object controller, Object[] arguments)
   at Microsoft.AspNetCore.Mvc.Infrastructure.ControllerActionInvoker.<InvokeActionMethodAsync>g__Awaited|12_0(ControllerActionInvoker invoker, ValueTask`1 actionResultValueTask)
   at Microsoft.AspNetCore.Mvc.Infrastructure.ControllerActionInvoker.<InvokeNextActionFilterAsync>g__Awaited|10_0(ControllerActionInvoker invoker, Task lastTask, State next, Scope scope, Object state, Boolean isCompleted)
   at Microsoft.AspNetCore.Mvc.Infrastructure.ControllerActionInvoker.Rethrow(ActionExecutedContextSealed context)
   at Microsoft.AspNetCore.Mvc.Infrastructure.ControllerActionInvoker.Next(State& next, Scope& scope, Object& state, Boolean& isCompleted)
   at Microsoft.AspNetCore.Mvc.Infrastructure.ControllerActionInvoker.<InvokeInnerFilterAsync>g__Awaited|13_0(ControllerActionInvoker invoker, Task lastTask, State next, Scope scope, Object state, Boolean isCompleted)
   at Microsoft.AspNetCore.Mvc.Infrastructure.ResourceInvoker.<InvokeNextResourceFilter>g__Awaited|25_0(ResourceInvoker invoker, Task lastTask, State next, Scope scope, Object state, Boolean isCompleted)
   at Microsoft.AspNetCore.Mvc.Infrastructure.ResourceInvoker.Rethrow(ResourceExecutedContextSealed context)
   at Microsoft.AspNetCore.Mvc.Infrastructure.ResourceInvoker.Next(State& next, Scope& scope, Object& state, Boolean& isCompleted)
   at Microsoft.AspNetCore.Mvc.Infrastructure.ResourceInvoker.<InvokeFilterPipelineAsync>g__Awaited|20_0(ResourceInvoker invoker, Task lastTask, State next, Scope scope, Object state, Boolean isCompleted)
   at Microsoft.AspNetCore.Mvc.Infrastructure.ResourceInvoker.<InvokeAsync>g__Awaited|17_0(ResourceInvoker invoker, Task task, IDisposable scope)
   at Microsoft.AspNetCore.Mvc.Infrastructure.ResourceInvoker.<InvokeAsync>g__Awaited|17_0(ResourceInvoker invoker, Task task, IDisposable scope)
   at Microsoft.AspNetCore.Authorization.AuthorizationMiddleware.Invoke(HttpContext context)
   at Microsoft.AspNetCore.Authentication.AuthenticationMiddleware.Invoke(HttpContext context)
   at Prometheus.HttpMetrics.HttpRequestDurationMiddleware.Invoke(HttpContext context)
   at Prometheus.HttpMetrics.HttpRequestCountMiddleware.Invoke(HttpContext context)
   at Prometheus.HttpMetrics.HttpInProgressMiddleware.Invoke(HttpContext context)
   at Serilog.AspNetCore.RequestLoggingMiddleware.Invoke(HttpContext httpContext)
2026-04-20 15:29:25.783 +07:00 [ERR] Đã xảy ra lỗi hệ thống (Unhandled Exception).
System.Data.SqlTypes.SqlNullValueException: Data is Null. This method or property cannot be called on Null values.
   at Microsoft.Data.SqlClient.SqlBuffer.get_Int32()
   at Microsoft.Data.SqlClient.SqlDataReader.GetInt32(Int32 i)
   at lambda_method238(Closure, QueryContext, DbDataReader, ResultContext, SingleQueryResultCoordinator)
   at Microsoft.EntityFrameworkCore.Query.Internal.SingleQueryingEnumerable`1.AsyncEnumerator.MoveNextAsync()
   at Microsoft.EntityFrameworkCore.EntityFrameworkQueryableExtensions.ToListAsync[TSource](IQueryable`1 source, CancellationToken cancellationToken)
   at Microsoft.EntityFrameworkCore.EntityFrameworkQueryableExtensions.ToListAsync[TSource](IQueryable`1 source, CancellationToken cancellationToken)
   at SmartLMS.Web.Controllers.DashboardController.GetStats() in C:\code\asp.net\SmartLMS.Web\Controllers\DashboardController.cs:line 100
   at Microsoft.AspNetCore.Mvc.Infrastructure.ActionMethodExecutor.TaskOfIActionResultExecutor.Execute(ActionContext actionContext, IActionResultTypeMapper mapper, ObjectMethodExecutor executor, Object controller, Object[] arguments)
   at Microsoft.AspNetCore.Mvc.Infrastructure.ControllerActionInvoker.<InvokeActionMethodAsync>g__Awaited|12_0(ControllerActionInvoker invoker, ValueTask`1 actionResultValueTask)
   at Microsoft.AspNetCore.Mvc.Infrastructure.ControllerActionInvoker.<InvokeNextActionFilterAsync>g__Awaited|10_0(ControllerActionInvoker invoker, Task lastTask, State next, Scope scope, Object state, Boolean isCompleted)
   at Microsoft.AspNetCore.Mvc.Infrastructure.ControllerActionInvoker.Rethrow(ActionExecutedContextSealed context)
   at Microsoft.AspNetCore.Mvc.Infrastructure.ControllerActionInvoker.Next(State& next, Scope& scope, Object& state, Boolean& isCompleted)
   at Microsoft.AspNetCore.Mvc.Infrastructure.ControllerActionInvoker.<InvokeInnerFilterAsync>g__Awaited|13_0(ControllerActionInvoker invoker, Task lastTask, State next, Scope scope, Object state, Boolean isCompleted)
   at Microsoft.AspNetCore.Mvc.Infrastructure.ResourceInvoker.<InvokeNextResourceFilter>g__Awaited|25_0(ResourceInvoker invoker, Task lastTask, State next, Scope scope, Object state, Boolean isCompleted)
   at Microsoft.AspNetCore.Mvc.Infrastructure.ResourceInvoker.Rethrow(ResourceExecutedContextSealed context)
   at Microsoft.AspNetCore.Mvc.Infrastructure.ResourceInvoker.Next(State& next, Scope& scope, Object& state, Boolean& isCompleted)
   at Microsoft.AspNetCore.Mvc.Infrastructure.ResourceInvoker.<InvokeFilterPipelineAsync>g__Awaited|20_0(ResourceInvoker invoker, Task lastTask, State next, Scope scope, Object state, Boolean isCompleted)
   at Microsoft.AspNetCore.Mvc.Infrastructure.ResourceInvoker.<InvokeAsync>g__Awaited|17_0(ResourceInvoker invoker, Task task, IDisposable scope)
   at Microsoft.AspNetCore.Mvc.Infrastructure.ResourceInvoker.<InvokeAsync>g__Awaited|17_0(ResourceInvoker invoker, Task task, IDisposable scope)
   at Microsoft.AspNetCore.Authorization.AuthorizationMiddleware.Invoke(HttpContext context)
   at Microsoft.AspNetCore.Authentication.AuthenticationMiddleware.Invoke(HttpContext context)
   at Prometheus.HttpMetrics.HttpRequestDurationMiddleware.Invoke(HttpContext context)
   at Prometheus.HttpMetrics.HttpRequestCountMiddleware.Invoke(HttpContext context)
   at Prometheus.HttpMetrics.HttpInProgressMiddleware.Invoke(HttpContext context)
   at Serilog.AspNetCore.RequestLoggingMiddleware.Invoke(HttpContext httpContext)
   at Microsoft.AspNetCore.OutputCaching.OutputCacheMiddleware.<>c__DisplayClass11_0.<<InvokeAwaited>g__ExecuteResponseAsync|0>d.MoveNext()
--- End of stack trace from previous location ---
   at Microsoft.AspNetCore.OutputCaching.WorkDispatcher`2.ScheduleAsync(TKey key, Func`2 valueFactory)
   at Microsoft.AspNetCore.OutputCaching.OutputCacheMiddleware.InvokeAwaited(HttpContext httpContext, IReadOnlyList`1 policies)
   at Microsoft.AspNetCore.ResponseCompression.ResponseCompressionMiddleware.InvokeCore(HttpContext context)
   at Swashbuckle.AspNetCore.SwaggerUI.SwaggerUIMiddleware.Invoke(HttpContext httpContext)
   at Swashbuckle.AspNetCore.Swagger.SwaggerMiddleware.Invoke(HttpContext httpContext, ISwaggerProvider swaggerProvider)
   at SmartLMS.Web.Middlewares.ApiExceptionHandlerMiddleware.Invoke(HttpContext context) in C:\code\asp.net\SmartLMS.Web\Middlewares\ApiExceptionHandlerMiddleware.cs:line 24
2026-04-20 15:29:25.805 +07:00 [ERR] An unhandled exception has occurred while executing the request.
System.Data.SqlTypes.SqlNullValueException: Data is Null. This method or property cannot be called on Null values.
   at SmartLMS.Web.Middlewares.ApiExceptionHandlerMiddleware.HandleExceptionAsync(HttpContext context, Exception exception) in C:\code\asp.net\SmartLMS.Web\Middlewares\ApiExceptionHandlerMiddleware.cs:line 54
   at SmartLMS.Web.Middlewares.ApiExceptionHandlerMiddleware.Invoke(HttpContext context) in C:\code\asp.net\SmartLMS.Web\Middlewares\ApiExceptionHandlerMiddleware.cs:line 29
   at Microsoft.AspNetCore.Diagnostics.DeveloperExceptionPageMiddlewareImpl.Invoke(HttpContext context)
2026-04-20 15:29:35.553 +07:00 [ERR] An exception occurred while iterating over the results of a query for context type 'SmartLMS.Data.SmartLMSContext'.
System.Data.SqlTypes.SqlNullValueException: Data is Null. This method or property cannot be called on Null values.
   at Microsoft.Data.SqlClient.SqlBuffer.get_Int32()
   at Microsoft.Data.SqlClient.SqlDataReader.GetInt32(Int32 i)
   at lambda_method238(Closure, QueryContext, DbDataReader, ResultContext, SingleQueryResultCoordinator)
   at Microsoft.EntityFrameworkCore.Query.Internal.SingleQueryingEnumerable`1.AsyncEnumerator.MoveNextAsync()
System.Data.SqlTypes.SqlNullValueException: Data is Null. This method or property cannot be called on Null values.
   at Microsoft.Data.SqlClient.SqlBuffer.get_Int32()
   at Microsoft.Data.SqlClient.SqlDataReader.GetInt32(Int32 i)
   at lambda_method238(Closure, QueryContext, DbDataReader, ResultContext, SingleQueryResultCoordinator)
   at Microsoft.EntityFrameworkCore.Query.Internal.SingleQueryingEnumerable`1.AsyncEnumerator.MoveNextAsync()
2026-04-20 15:29:35.566 +07:00 [ERR] HTTP GET /Dashboard/GetStats responded 500 in 36.5521 ms
System.Data.SqlTypes.SqlNullValueException: Data is Null. This method or property cannot be called on Null values.
   at Microsoft.Data.SqlClient.SqlBuffer.get_Int32()
   at Microsoft.Data.SqlClient.SqlDataReader.GetInt32(Int32 i)
   at lambda_method238(Closure, QueryContext, DbDataReader, ResultContext, SingleQueryResultCoordinator)
   at Microsoft.EntityFrameworkCore.Query.Internal.SingleQueryingEnumerable`1.AsyncEnumerator.MoveNextAsync()
   at Microsoft.EntityFrameworkCore.EntityFrameworkQueryableExtensions.ToListAsync[TSource](IQueryable`1 source, CancellationToken cancellationToken)
   at Microsoft.EntityFrameworkCore.EntityFrameworkQueryableExtensions.ToListAsync[TSource](IQueryable`1 source, CancellationToken cancellationToken)
   at SmartLMS.Web.Controllers.DashboardController.GetStats() in C:\code\asp.net\SmartLMS.Web\Controllers\DashboardController.cs:line 100
   at Microsoft.AspNetCore.Mvc.Infrastructure.ActionMethodExecutor.TaskOfIActionResultExecutor.Execute(ActionContext actionContext, IActionResultTypeMapper mapper, ObjectMethodExecutor executor, Object controller, Object[] arguments)
   at Microsoft.AspNetCore.Mvc.Infrastructure.ControllerActionInvoker.<InvokeActionMethodAsync>g__Awaited|12_0(ControllerActionInvoker invoker, ValueTask`1 actionResultValueTask)
   at Microsoft.AspNetCore.Mvc.Infrastructure.ControllerActionInvoker.<InvokeNextActionFilterAsync>g__Awaited|10_0(ControllerActionInvoker invoker, Task lastTask, State next, Scope scope, Object state, Boolean isCompleted)
   at Microsoft.AspNetCore.Mvc.Infrastructure.ControllerActionInvoker.Rethrow(ActionExecutedContextSealed context)
   at Microsoft.AspNetCore.Mvc.Infrastructure.ControllerActionInvoker.Next(State& next, Scope& scope, Object& state, Boolean& isCompleted)
   at Microsoft.AspNetCore.Mvc.Infrastructure.ControllerActionInvoker.<InvokeInnerFilterAsync>g__Awaited|13_0(ControllerActionInvoker invoker, Task lastTask, State next, Scope scope, Object state, Boolean isCompleted)
   at Microsoft.AspNetCore.Mvc.Infrastructure.ResourceInvoker.<InvokeNextResourceFilter>g__Awaited|25_0(ResourceInvoker invoker, Task lastTask, State next, Scope scope, Object state, Boolean isCompleted)
   at Microsoft.AspNetCore.Mvc.Infrastructure.ResourceInvoker.Rethrow(ResourceExecutedContextSealed context)
   at Microsoft.AspNetCore.Mvc.Infrastructure.ResourceInvoker.Next(State& next, Scope& scope, Object& state, Boolean& isCompleted)
   at Microsoft.AspNetCore.Mvc.Infrastructure.ResourceInvoker.<InvokeFilterPipelineAsync>g__Awaited|20_0(ResourceInvoker invoker, Task lastTask, State next, Scope scope, Object state, Boolean isCompleted)
   at Microsoft.AspNetCore.Mvc.Infrastructure.ResourceInvoker.<InvokeAsync>g__Awaited|17_0(ResourceInvoker invoker, Task task, IDisposable scope)
   at Microsoft.AspNetCore.Mvc.Infrastructure.ResourceInvoker.<InvokeAsync>g__Awaited|17_0(ResourceInvoker invoker, Task task, IDisposable scope)
   at Microsoft.AspNetCore.Authorization.AuthorizationMiddleware.Invoke(HttpContext context)
   at Microsoft.AspNetCore.Authentication.AuthenticationMiddleware.Invoke(HttpContext context)
   at Prometheus.HttpMetrics.HttpRequestDurationMiddleware.Invoke(HttpContext context)
   at Prometheus.HttpMetrics.HttpRequestCountMiddleware.Invoke(HttpContext context)
   at Prometheus.HttpMetrics.HttpInProgressMiddleware.Invoke(HttpContext context)
   at Serilog.AspNetCore.RequestLoggingMiddleware.Invoke(HttpContext httpContext)
2026-04-20 15:29:35.584 +07:00 [ERR] Đã xảy ra lỗi hệ thống (Unhandled Exception).
System.Data.SqlTypes.SqlNullValueException: Data is Null. This method or property cannot be called on Null values.
   at Microsoft.Data.SqlClient.SqlBuffer.get_Int32()
   at Microsoft.Data.SqlClient.SqlDataReader.GetInt32(Int32 i)
   at lambda_method238(Closure, QueryContext, DbDataReader, ResultContext, SingleQueryResultCoordinator)
   at Microsoft.EntityFrameworkCore.Query.Internal.SingleQueryingEnumerable`1.AsyncEnumerator.MoveNextAsync()
   at Microsoft.EntityFrameworkCore.EntityFrameworkQueryableExtensions.ToListAsync[TSource](IQueryable`1 source, CancellationToken cancellationToken)
   at Microsoft.EntityFrameworkCore.EntityFrameworkQueryableExtensions.ToListAsync[TSource](IQueryable`1 source, CancellationToken cancellationToken)
   at SmartLMS.Web.Controllers.DashboardController.GetStats() in C:\code\asp.net\SmartLMS.Web\Controllers\DashboardController.cs:line 100
   at Microsoft.AspNetCore.Mvc.Infrastructure.ActionMethodExecutor.TaskOfIActionResultExecutor.Execute(ActionContext actionContext, IActionResultTypeMapper mapper, ObjectMethodExecutor executor, Object controller, Object[] arguments)
   at Microsoft.AspNetCore.Mvc.Infrastructure.ControllerActionInvoker.<InvokeActionMethodAsync>g__Awaited|12_0(ControllerActionInvoker invoker, ValueTask`1 actionResultValueTask)
   at Microsoft.AspNetCore.Mvc.Infrastructure.ControllerActionInvoker.<InvokeNextActionFilterAsync>g__Awaited|10_0(ControllerActionInvoker invoker, Task lastTask, State next, Scope scope, Object state, Boolean isCompleted)
   at Microsoft.AspNetCore.Mvc.Infrastructure.ControllerActionInvoker.Rethrow(ActionExecutedContextSealed context)
   at Microsoft.AspNetCore.Mvc.Infrastructure.ControllerActionInvoker.Next(State& next, Scope& scope, Object& state, Boolean& isCompleted)
   at Microsoft.AspNetCore.Mvc.Infrastructure.ControllerActionInvoker.<InvokeInnerFilterAsync>g__Awaited|13_0(ControllerActionInvoker invoker, Task lastTask, State next, Scope scope, Object state, Boolean isCompleted)
   at Microsoft.AspNetCore.Mvc.Infrastructure.ResourceInvoker.<InvokeNextResourceFilter>g__Awaited|25_0(ResourceInvoker invoker, Task lastTask, State next, Scope scope, Object state, Boolean isCompleted)
   at Microsoft.AspNetCore.Mvc.Infrastructure.ResourceInvoker.Rethrow(ResourceExecutedContextSealed context)
   at Microsoft.AspNetCore.Mvc.Infrastructure.ResourceInvoker.Next(State& next, Scope& scope, Object& state, Boolean& isCompleted)
   at Microsoft.AspNetCore.Mvc.Infrastructure.ResourceInvoker.<InvokeFilterPipelineAsync>g__Awaited|20_0(ResourceInvoker invoker, Task lastTask, State next, Scope scope, Object state, Boolean isCompleted)
   at Microsoft.AspNetCore.Mvc.Infrastructure.ResourceInvoker.<InvokeAsync>g__Awaited|17_0(ResourceInvoker invoker, Task task, IDisposable scope)
   at Microsoft.AspNetCore.Mvc.Infrastructure.ResourceInvoker.<InvokeAsync>g__Awaited|17_0(ResourceInvoker invoker, Task task, IDisposable scope)
   at Microsoft.AspNetCore.Authorization.AuthorizationMiddleware.Invoke(HttpContext context)
   at Microsoft.AspNetCore.Authentication.AuthenticationMiddleware.Invoke(HttpContext context)
   at Prometheus.HttpMetrics.HttpRequestDurationMiddleware.Invoke(HttpContext context)
   at Prometheus.HttpMetrics.HttpRequestCountMiddleware.Invoke(HttpContext context)
   at Prometheus.HttpMetrics.HttpInProgressMiddleware.Invoke(HttpContext context)
   at Serilog.AspNetCore.RequestLoggingMiddleware.Invoke(HttpContext httpContext)
   at Microsoft.AspNetCore.OutputCaching.OutputCacheMiddleware.<>c__DisplayClass11_0.<<InvokeAwaited>g__ExecuteResponseAsync|0>d.MoveNext()
--- End of stack trace from previous location ---
   at Microsoft.AspNetCore.OutputCaching.WorkDispatcher`2.ScheduleAsync(TKey key, Func`2 valueFactory)
   at Microsoft.AspNetCore.OutputCaching.OutputCacheMiddleware.InvokeAwaited(HttpContext httpContext, IReadOnlyList`1 policies)
   at Microsoft.AspNetCore.ResponseCompression.ResponseCompressionMiddleware.InvokeCore(HttpContext context)
   at Swashbuckle.AspNetCore.SwaggerUI.SwaggerUIMiddleware.Invoke(HttpContext httpContext)
   at Swashbuckle.AspNetCore.Swagger.SwaggerMiddleware.Invoke(HttpContext httpContext, ISwaggerProvider swaggerProvider)
   at SmartLMS.Web.Middlewares.ApiExceptionHandlerMiddleware.Invoke(HttpContext context) in C:\code\asp.net\SmartLMS.Web\Middlewares\ApiExceptionHandlerMiddleware.cs:line 24
2026-04-20 15:29:35.605 +07:00 [ERR] An unhandled exception has occurred while executing the request.
System.Data.SqlTypes.SqlNullValueException: Data is Null. This method or property cannot be called on Null values.
   at SmartLMS.Web.Middlewares.ApiExceptionHandlerMiddleware.HandleExceptionAsync(HttpContext context, Exception exception) in C:\code\asp.net\SmartLMS.Web\Middlewares\ApiExceptionHandlerMiddleware.cs:line 54
   at SmartLMS.Web.Middlewares.ApiExceptionHandlerMiddleware.Invoke(HttpContext context) in C:\code\asp.net\SmartLMS.Web\Middlewares\ApiExceptionHandlerMiddleware.cs:line 29
   at Microsoft.AspNetCore.Diagnostics.DeveloperExceptionPageMiddlewareImpl.Invoke(HttpContext context)
2026-04-20 15:30:03.579 +07:00 [INF] Server desktop-36u3ca2:1164:341612ac caught stopping signal...
2026-04-20 15:30:03.607 +07:00 [INF] HTTP GET /dashboardHub responded 101 in 38169.7210 ms
2026-04-20 15:30:03.808 +07:00 [INF] Server desktop-36u3ca2:1164:341612ac All dispatchers stopped
2026-04-20 15:30:03.849 +07:00 [INF] Server desktop-36u3ca2:1164:341612ac successfully reported itself as stopped in 18.517 ms
2026-04-20 15:30:03.850 +07:00 [INF] Server desktop-36u3ca2:1164:341612ac has been stopped in total 251.7439 ms
2026-04-20 15:32:08.945 +07:00 [WRN] Entity 'Exam' has a global query filter defined and is the required end of a relationship with the entity 'ExamQuestion'. This may lead to unexpected results when the required entity is filtered out. Either configure the navigation as optional, or define matching query filters for both entities in the navigation. See https://go.microsoft.com/fwlink/?linkid=2131316 for more information.
2026-04-20 15:32:08.994 +07:00 [WRN] Entity 'Exam' has a global query filter defined and is the required end of a relationship with the entity 'QuizAttempt'. This may lead to unexpected results when the required entity is filtered out. Either configure the navigation as optional, or define matching query filters for both entities in the navigation. See https://go.microsoft.com/fwlink/?linkid=2131316 for more information.
2026-04-20 15:32:09.059 +07:00 [WRN] No store type was specified for the decimal property 'AI_BaseSalaryImpact' on entity type 'Course'. This will cause values to be silently truncated if they do not fit in the default precision and scale. Explicitly specify the SQL server column type that can accommodate all the values in 'OnModelCreating' using 'HasColumnType', specify precision and scale using 'HasPrecision', or configure a value converter using 'HasConversion'.
2026-04-20 15:32:09.066 +07:00 [WRN] No store type was specified for the decimal property 'DiscountPrice' on entity type 'Course'. This will cause values to be silently truncated if they do not fit in the default precision and scale. Explicitly specify the SQL server column type that can accommodate all the values in 'OnModelCreating' using 'HasColumnType', specify precision and scale using 'HasPrecision', or configure a value converter using 'HasConversion'.
2026-04-20 15:32:10.126 +07:00 [INF] Start installing Hangfire SQL objects...
2026-04-20 15:32:10.506 +07:00 [INF] Hangfire SQL objects installed.
2026-04-20 15:32:10.800 +07:00 [INF] Assessment Event Handler is starting...
2026-04-20 15:32:10.881 +07:00 [INF] Starting Hangfire Server using job storage: 'SQL Server: localhost@SmartLMS'
2026-04-20 15:32:10.887 +07:00 [INF] Using the following options for SQL Server job storage: Queue poll interval: 00:00:00.
2026-04-20 15:32:10.888 +07:00 [INF] Using the following options for Hangfire Server:
    Worker count: 20
    Listening queues: 'default'
    Shutdown timeout: 00:00:15
    Schedule polling interval: 00:00:15
2026-04-20 15:32:10.922 +07:00 [INF] Server desktop-36u3ca2:19756:771145e7 successfully announced in 21.3477 ms
2026-04-20 15:32:10.929 +07:00 [INF] Server desktop-36u3ca2:19756:771145e7 is starting the registered dispatchers: ServerWatchdog, ServerJobCancellationWatcher, SqlServerHeartbeatProcess, ExpirationManager, CountersAggregator, Worker, DelayedJobScheduler, RecurringJobScheduler...
2026-04-20 15:32:10.944 +07:00 [INF] Server desktop-36u3ca2:19756:771145e7 all the dispatchers started
2026-04-20 15:32:20.101 +07:00 [WRN] Failed to determine the https port for redirect.
2026-04-20 15:32:20.500 +07:00 [INF] HTTP GET / responded 200 in 325.0155 ms
2026-04-20 15:32:21.258 +07:00 [INF] HTTP POST /dashboardHub/negotiate responded 200 in 36.7447 ms
2026-04-20 15:32:21.489 +07:00 [INF] HTTP GET /Dashboard/GetRoleDistribution responded 200 in 215.0118 ms
2026-04-20 15:32:21.527 +07:00 [INF] HTTP GET /Dashboard/GetEngagementChart responded 200 in 252.9107 ms
2026-04-20 15:32:21.666 +07:00 [INF] HTTP GET /Dashboard/GetActivities responded 200 in 391.8436 ms
2026-04-20 15:32:21.778 +07:00 [INF] HTTP GET /Dashboard/GetStats responded 200 in 504.2155 ms
2026-04-20 15:32:22.662 +07:00 [INF] HTTP GET /Dashboard/RepairData responded 200 in 958.0915 ms
2026-04-20 15:32:24.977 +07:00 [INF] HTTP POST /dashboardHub/negotiate responded 200 in 4.2289 ms
2026-04-20 15:32:52.853 +07:00 [INF] HTTP GET /UserManagement responded 200 in 25225.4815 ms
2026-04-20 15:32:52.933 +07:00 [INF] HTTP GET /dashboardHub responded 101 in 27677.8289 ms
2026-04-20 15:33:01.249 +07:00 [INF] 🛡️ [IAM AUDIT TRAIL] User 'System Administrator' executed POST on /UserManagement/UpdateStatus. Context: SmartLMS.Web.Controllers.UserManagementController.UpdateStatus (SmartLMS.Web)
2026-04-20 15:33:01.267 +07:00 [INF] HTTP POST /UserManagement/UpdateStatus responded 200 in 534.0033 ms
2026-04-20 15:33:25.260 +07:00 [INF] HTTP GET /Cohort responded 200 in 62.9865 ms
2026-04-20 15:33:26.202 +07:00 [INF] HTTP GET /SqlManagement responded 200 in 18.7376 ms
2026-04-20 15:33:26.798 +07:00 [INF] HTTP GET /SqlManagement/GetHealth responded 200 in 404.4322 ms
2026-04-20 15:34:51.520 +07:00 [INF] HTTP GET /Revenue/Audit responded 200 in 82.4602 ms
2026-04-20 15:36:12.069 +07:00 [INF] HTTP GET /IAM/ApiKeys responded 200 in 382.6876 ms
2026-04-20 15:38:29.449 +07:00 [INF] Server desktop-36u3ca2:19756:771145e7 caught stopping signal...
2026-04-20 15:38:29.636 +07:00 [INF] Server desktop-36u3ca2:19756:771145e7 All dispatchers stopped
2026-04-20 15:38:29.646 +07:00 [INF] Server desktop-36u3ca2:19756:771145e7 successfully reported itself as stopped in 7.2209 ms
2026-04-20 15:38:29.647 +07:00 [INF] Server desktop-36u3ca2:19756:771145e7 has been stopped in total 193.6305 ms
2026-04-20 15:42:39.761 +07:00 [WRN] Entity 'Exam' has a global query filter defined and is the required end of a relationship with the entity 'ExamQuestion'. This may lead to unexpected results when the required entity is filtered out. Either configure the navigation as optional, or define matching query filters for both entities in the navigation. See https://go.microsoft.com/fwlink/?linkid=2131316 for more information.
2026-04-20 15:42:39.813 +07:00 [WRN] Entity 'Exam' has a global query filter defined and is the required end of a relationship with the entity 'QuizAttempt'. This may lead to unexpected results when the required entity is filtered out. Either configure the navigation as optional, or define matching query filters for both entities in the navigation. See https://go.microsoft.com/fwlink/?linkid=2131316 for more information.
2026-04-20 15:42:39.891 +07:00 [WRN] No store type was specified for the decimal property 'AI_BaseSalaryImpact' on entity type 'Course'. This will cause values to be silently truncated if they do not fit in the default precision and scale. Explicitly specify the SQL server column type that can accommodate all the values in 'OnModelCreating' using 'HasColumnType', specify precision and scale using 'HasPrecision', or configure a value converter using 'HasConversion'.
2026-04-20 15:42:39.893 +07:00 [WRN] No store type was specified for the decimal property 'DiscountPrice' on entity type 'Course'. This will cause values to be silently truncated if they do not fit in the default precision and scale. Explicitly specify the SQL server column type that can accommodate all the values in 'OnModelCreating' using 'HasColumnType', specify precision and scale using 'HasPrecision', or configure a value converter using 'HasConversion'.
2026-04-20 15:42:41.247 +07:00 [INF] Start installing Hangfire SQL objects...
2026-04-20 15:42:41.666 +07:00 [INF] Hangfire SQL objects installed.
2026-04-20 15:42:41.968 +07:00 [INF] Assessment Event Handler is starting...
2026-04-20 15:42:42.059 +07:00 [INF] Starting Hangfire Server using job storage: 'SQL Server: localhost@SmartLMS'
2026-04-20 15:42:42.062 +07:00 [INF] Using the following options for SQL Server job storage: Queue poll interval: 00:00:00.
2026-04-20 15:42:42.065 +07:00 [INF] Using the following options for Hangfire Server:
    Worker count: 20
    Listening queues: 'default'
    Shutdown timeout: 00:00:15
    Schedule polling interval: 00:00:15
2026-04-20 15:42:42.098 +07:00 [INF] Server desktop-36u3ca2:19264:02a34fed successfully announced in 16.5051 ms
2026-04-20 15:42:42.102 +07:00 [INF] Server desktop-36u3ca2:19264:02a34fed is starting the registered dispatchers: ServerWatchdog, ServerJobCancellationWatcher, SqlServerHeartbeatProcess, ExpirationManager, CountersAggregator, Worker, DelayedJobScheduler, RecurringJobScheduler...
2026-04-20 15:42:42.115 +07:00 [INF] Server desktop-36u3ca2:19264:02a34fed all the dispatchers started
2026-04-20 15:43:24.739 +07:00 [INF] Server desktop-36u3ca2:19264:02a34fed caught stopping signal...
2026-04-20 15:43:24.747 +07:00 [INF] Server desktop-36u3ca2:19264:02a34fed All dispatchers stopped
2026-04-20 15:43:24.758 +07:00 [INF] Server desktop-36u3ca2:19264:02a34fed successfully reported itself as stopped in 6.7005 ms
2026-04-20 15:43:24.759 +07:00 [INF] Server desktop-36u3ca2:19264:02a34fed has been stopped in total 16.5926 ms
2026-04-20 15:54:07.435 +07:00 [WRN] Entity 'Exam' has a global query filter defined and is the required end of a relationship with the entity 'ExamQuestion'. This may lead to unexpected results when the required entity is filtered out. Either configure the navigation as optional, or define matching query filters for both entities in the navigation. See https://go.microsoft.com/fwlink/?linkid=2131316 for more information.
2026-04-20 15:54:07.478 +07:00 [WRN] Entity 'Exam' has a global query filter defined and is the required end of a relationship with the entity 'QuizAttempt'. This may lead to unexpected results when the required entity is filtered out. Either configure the navigation as optional, or define matching query filters for both entities in the navigation. See https://go.microsoft.com/fwlink/?linkid=2131316 for more information.
2026-04-20 15:54:07.555 +07:00 [WRN] No store type was specified for the decimal property 'AI_BaseSalaryImpact' on entity type 'Course'. This will cause values to be silently truncated if they do not fit in the default precision and scale. Explicitly specify the SQL server column type that can accommodate all the values in 'OnModelCreating' using 'HasColumnType', specify precision and scale using 'HasPrecision', or configure a value converter using 'HasConversion'.
2026-04-20 15:54:07.557 +07:00 [WRN] No store type was specified for the decimal property 'DiscountPrice' on entity type 'Course'. This will cause values to be silently truncated if they do not fit in the default precision and scale. Explicitly specify the SQL server column type that can accommodate all the values in 'OnModelCreating' using 'HasColumnType', specify precision and scale using 'HasPrecision', or configure a value converter using 'HasConversion'.
2026-04-20 15:54:09.265 +07:00 [INF] Start installing Hangfire SQL objects...
2026-04-20 15:54:09.670 +07:00 [INF] Hangfire SQL objects installed.
2026-04-20 15:54:10.036 +07:00 [INF] Assessment Event Handler is starting...
2026-04-20 15:54:10.156 +07:00 [INF] Starting Hangfire Server using job storage: 'SQL Server: localhost@SmartLMS'
2026-04-20 15:54:10.162 +07:00 [INF] Using the following options for SQL Server job storage: Queue poll interval: 00:00:00.
2026-04-20 15:54:10.163 +07:00 [INF] Using the following options for Hangfire Server:
    Worker count: 20
    Listening queues: 'default'
    Shutdown timeout: 00:00:15
    Schedule polling interval: 00:00:15
2026-04-20 15:54:10.196 +07:00 [INF] Server desktop-36u3ca2:21248:bd26ded5 successfully announced in 18.0616 ms
2026-04-20 15:54:10.205 +07:00 [INF] Server desktop-36u3ca2:21248:bd26ded5 is starting the registered dispatchers: ServerWatchdog, ServerJobCancellationWatcher, SqlServerHeartbeatProcess, ExpirationManager, CountersAggregator, Worker, DelayedJobScheduler, RecurringJobScheduler...
2026-04-20 15:54:10.217 +07:00 [INF] Server desktop-36u3ca2:21248:bd26ded5 all the dispatchers started
2026-04-20 15:54:39.223 +07:00 [WRN] Failed to determine the https port for redirect.
2026-04-20 15:54:39.936 +07:00 [INF] 🛡️ [IAM AUDIT TRAIL] User 'System Administrator' executed POST on /IAM/GenerateApiKey. Context: SmartLMS.Web.Controllers.IAMController.GenerateApiKey (SmartLMS.Web)
2026-04-20 15:54:39.997 +07:00 [INF] HTTP POST /IAM/GenerateApiKey responded 302 in 668.7928 ms
2026-04-20 15:54:40.359 +07:00 [INF] HTTP GET /IAM/ApiKeys responded 200 in 309.5516 ms
2026-04-20 15:54:45.227 +07:00 [INF] HTTP OPTIONS /api/public/courses responded 204 in 13.0499 ms
2026-04-20 15:54:45.258 +07:00 [INF] HTTP GET /api/public/courses responded 404 in 19.4518 ms
2026-04-20 15:54:47.610 +07:00 [INF] HTTP GET /api/public/courses responded 404 in 3.8525 ms
2026-04-20 15:54:55.843 +07:00 [INF] HTTP OPTIONS /api/public/courses responded 204 in 1.3034 ms
2026-04-20 15:54:55.851 +07:00 [INF] HTTP POST /api/public/courses responded 404 in 0.2142 ms
2026-04-20 15:54:58.203 +07:00 [INF] HTTP POST /api/public/courses responded 404 in 0.2737 ms
2026-04-20 15:55:00.947 +07:00 [INF] HTTP GET /CourseManagement responded 200 in 455.2497 ms
2026-04-20 15:55:01.585 +07:00 [INF] HTTP GET /CourseManagement/GetCoursesJson responded 200 in 371.5509 ms
2026-04-20 15:55:01.633 +07:00 [INF] HTTP GET /img/no-image.png responded 404 in 0.5440 ms
2026-04-20 15:55:21.635 +07:00 [INF] HTTP OPTIONS /api/public/courses responded 204 in 0.3867 ms
2026-04-20 15:55:21.647 +07:00 [INF] HTTP GET /api/public/courses responded 404 in 0.3188 ms
2026-04-20 15:55:22.411 +07:00 [INF] HTTP GET /api/public/courses responded 404 in 0.3947 ms
2026-04-20 15:56:40.582 +07:00 [INF] HTTP OPTIONS /api/public/courses responded 204 in 0.2786 ms
2026-04-20 15:56:40.591 +07:00 [INF] HTTP POST /api/public/courses responded 404 in 0.3354 ms
2026-04-20 15:56:41.302 +07:00 [INF] HTTP POST /api/public/courses responded 404 in 0.2572 ms
2026-04-20 15:56:41.494 +07:00 [INF] HTTP POST /api/public/courses responded 404 in 0.2017 ms
2026-04-20 15:56:43.153 +07:00 [INF] HTTP POST /api/public/courses responded 404 in 0.3132 ms
2026-04-20 15:56:43.776 +07:00 [INF] HTTP GET /api/public/courses responded 404 in 0.5586 ms
2026-04-20 15:57:25.048 +07:00 [INF] Server desktop-36u3ca2:21248:bd26ded5 caught stopping signal...
2026-04-20 15:57:25.522 +07:00 [INF] Server desktop-36u3ca2:21248:bd26ded5 All dispatchers stopped
2026-04-20 15:57:25.540 +07:00 [INF] Server desktop-36u3ca2:21248:bd26ded5 successfully reported itself as stopped in 9.1411 ms
2026-04-20 15:57:25.544 +07:00 [INF] Server desktop-36u3ca2:21248:bd26ded5 has been stopped in total 491.0217 ms
2026-04-20 15:57:32.869 +07:00 [WRN] Entity 'Exam' has a global query filter defined and is the required end of a relationship with the entity 'ExamQuestion'. This may lead to unexpected results when the required entity is filtered out. Either configure the navigation as optional, or define matching query filters for both entities in the navigation. See https://go.microsoft.com/fwlink/?linkid=2131316 for more information.
2026-04-20 15:57:32.919 +07:00 [WRN] Entity 'Exam' has a global query filter defined and is the required end of a relationship with the entity 'QuizAttempt'. This may lead to unexpected results when the required entity is filtered out. Either configure the navigation as optional, or define matching query filters for both entities in the navigation. See https://go.microsoft.com/fwlink/?linkid=2131316 for more information.
2026-04-20 15:57:32.988 +07:00 [WRN] No store type was specified for the decimal property 'AI_BaseSalaryImpact' on entity type 'Course'. This will cause values to be silently truncated if they do not fit in the default precision and scale. Explicitly specify the SQL server column type that can accommodate all the values in 'OnModelCreating' using 'HasColumnType', specify precision and scale using 'HasPrecision', or configure a value converter using 'HasConversion'.
2026-04-20 15:57:32.990 +07:00 [WRN] No store type was specified for the decimal property 'DiscountPrice' on entity type 'Course'. This will cause values to be silently truncated if they do not fit in the default precision and scale. Explicitly specify the SQL server column type that can accommodate all the values in 'OnModelCreating' using 'HasColumnType', specify precision and scale using 'HasPrecision', or configure a value converter using 'HasConversion'.
2026-04-20 15:57:34.160 +07:00 [INF] Start installing Hangfire SQL objects...
2026-04-20 15:57:34.712 +07:00 [INF] Hangfire SQL objects installed.
2026-04-20 15:57:35.054 +07:00 [INF] Assessment Event Handler is starting...
2026-04-20 15:57:35.170 +07:00 [INF] Starting Hangfire Server using job storage: 'SQL Server: localhost@SmartLMS'
2026-04-20 15:57:35.172 +07:00 [INF] Using the following options for SQL Server job storage: Queue poll interval: 00:00:00.
2026-04-20 15:57:35.173 +07:00 [INF] Using the following options for Hangfire Server:
    Worker count: 20
    Listening queues: 'default'
    Shutdown timeout: 00:00:15
    Schedule polling interval: 00:00:15
2026-04-20 15:57:35.208 +07:00 [INF] Server desktop-36u3ca2:20848:a2988979 successfully announced in 19.2176 ms
2026-04-20 15:57:35.212 +07:00 [INF] Server desktop-36u3ca2:20848:a2988979 is starting the registered dispatchers: ServerWatchdog, ServerJobCancellationWatcher, SqlServerHeartbeatProcess, ExpirationManager, CountersAggregator, Worker, DelayedJobScheduler, RecurringJobScheduler...
2026-04-20 15:57:35.226 +07:00 [INF] Server desktop-36u3ca2:20848:a2988979 all the dispatchers started
2026-04-20 15:57:48.253 +07:00 [INF] 🛡️ [IAM AUDIT TRAIL] User 'System Administrator' executed POST on /IAM/GenerateApiKey. Context: SmartLMS.Web.Controllers.IAMController.GenerateApiKey (SmartLMS.Web)
2026-04-20 15:59:49.983 +07:00 [INF] Server desktop-36u3ca2:20848:a2988979 caught stopping signal...
2026-04-20 15:59:50.219 +07:00 [INF] Server desktop-36u3ca2:20848:a2988979 All dispatchers stopped
2026-04-20 15:59:50.231 +07:00 [INF] Server desktop-36u3ca2:20848:a2988979 successfully reported itself as stopped in 5.4773 ms
2026-04-20 15:59:50.235 +07:00 [INF] Server desktop-36u3ca2:20848:a2988979 has been stopped in total 247.8797 ms
2026-04-20 15:59:57.782 +07:00 [WRN] Entity 'Exam' has a global query filter defined and is the required end of a relationship with the entity 'ExamQuestion'. This may lead to unexpected results when the required entity is filtered out. Either configure the navigation as optional, or define matching query filters for both entities in the navigation. See https://go.microsoft.com/fwlink/?linkid=2131316 for more information.
2026-04-20 15:59:57.837 +07:00 [WRN] Entity 'Exam' has a global query filter defined and is the required end of a relationship with the entity 'QuizAttempt'. This may lead to unexpected results when the required entity is filtered out. Either configure the navigation as optional, or define matching query filters for both entities in the navigation. See https://go.microsoft.com/fwlink/?linkid=2131316 for more information.
2026-04-20 15:59:57.907 +07:00 [WRN] No store type was specified for the decimal property 'AI_BaseSalaryImpact' on entity type 'Course'. This will cause values to be silently truncated if they do not fit in the default precision and scale. Explicitly specify the SQL server column type that can accommodate all the values in 'OnModelCreating' using 'HasColumnType', specify precision and scale using 'HasPrecision', or configure a value converter using 'HasConversion'.
2026-04-20 15:59:57.911 +07:00 [WRN] No store type was specified for the decimal property 'DiscountPrice' on entity type 'Course'. This will cause values to be silently truncated if they do not fit in the default precision and scale. Explicitly specify the SQL server column type that can accommodate all the values in 'OnModelCreating' using 'HasColumnType', specify precision and scale using 'HasPrecision', or configure a value converter using 'HasConversion'.
2026-04-20 15:59:59.062 +07:00 [INF] Start installing Hangfire SQL objects...
2026-04-20 15:59:59.581 +07:00 [INF] Hangfire SQL objects installed.
2026-04-20 15:59:59.942 +07:00 [INF] Assessment Event Handler is starting...
2026-04-20 16:00:00.020 +07:00 [INF] Starting Hangfire Server using job storage: 'SQL Server: localhost@SmartLMS'
2026-04-20 16:00:00.024 +07:00 [INF] Using the following options for SQL Server job storage: Queue poll interval: 00:00:00.
2026-04-20 16:00:00.027 +07:00 [INF] Using the following options for Hangfire Server:
    Worker count: 20
    Listening queues: 'default'
    Shutdown timeout: 00:00:15
    Schedule polling interval: 00:00:15
2026-04-20 16:00:00.068 +07:00 [INF] Server desktop-36u3ca2:9600:811da0b2 successfully announced in 26.7468 ms
2026-04-20 16:00:00.072 +07:00 [INF] Server desktop-36u3ca2:9600:811da0b2 is starting the registered dispatchers: ServerWatchdog, ServerJobCancellationWatcher, SqlServerHeartbeatProcess, ExpirationManager, CountersAggregator, Worker, DelayedJobScheduler, RecurringJobScheduler...
2026-04-20 16:00:00.087 +07:00 [INF] Server desktop-36u3ca2:9600:811da0b2 all the dispatchers started
2026-04-20 16:00:22.990 +07:00 [ERR] Failed executing DbCommand (21ms) [Parameters=[@__hashed_0='?' (Size = 4000)], CommandType='"Text"', CommandTimeout='30']
SELECT TOP(1) [a].[KeyId], [a].[CreatedAt], [a].[HashedKey], [a].[IsActive], [a].[KeyPreview], [a].[LastUsed], [a].[Name], [a].[OrganizationId], [o].[OrganizationId], [o].[CreatedAt], [o].[Domain], [o].[IsActive], [o].[Name], [o].[RateLimitTier]
FROM [ApiKeys] AS [a]
INNER JOIN [Organizations] AS [o] ON [a].[OrganizationId] = [o].[OrganizationId]
WHERE [a].[HashedKey] = @__hashed_0 AND [a].[IsActive] = CAST(1 AS bit)
2026-04-20 16:00:23.056 +07:00 [ERR] An exception occurred while iterating over the results of a query for context type 'SmartLMS.Data.SmartLMSContext'.
Microsoft.Data.SqlClient.SqlException (0x80131904): Invalid column name 'Domain'.
   at Microsoft.Data.SqlClient.SqlCommand.<>c.<ExecuteDbDataReaderAsync>b__195_0(Task`1 result)
   at System.Threading.Tasks.ContinuationResultTaskFromResultTask`2.InnerInvoke()
   at System.Threading.ExecutionContext.RunInternal(ExecutionContext executionContext, ContextCallback callback, Object state)
--- End of stack trace from previous location ---
   at System.Threading.ExecutionContext.RunInternal(ExecutionContext executionContext, ContextCallback callback, Object state)
   at System.Threading.Tasks.Task.ExecuteWithThreadLocal(Task& currentTaskSlot, Thread threadPoolThread)
--- End of stack trace from previous location ---
   at Microsoft.EntityFrameworkCore.Storage.RelationalCommand.ExecuteReaderAsync(RelationalCommandParameterObject parameterObject, CancellationToken cancellationToken)
   at Microsoft.EntityFrameworkCore.Storage.RelationalCommand.ExecuteReaderAsync(RelationalCommandParameterObject parameterObject, CancellationToken cancellationToken)
   at Microsoft.EntityFrameworkCore.Query.Internal.SingleQueryingEnumerable`1.AsyncEnumerator.InitializeReaderAsync(AsyncEnumerator enumerator, CancellationToken cancellationToken)
   at Microsoft.EntityFrameworkCore.SqlServer.Storage.Internal.SqlServerExecutionStrategy.ExecuteAsync[TState,TResult](TState state, Func`4 operation, Func`4 verifySucceeded, CancellationToken cancellationToken)
   at Microsoft.EntityFrameworkCore.Query.Internal.SingleQueryingEnumerable`1.AsyncEnumerator.MoveNextAsync()
ClientConnectionId:b56bc7b9-ed9b-4bd1-bc8b-bbe8c8d662db
Error Number:207,State:1,Class:16
Microsoft.Data.SqlClient.SqlException (0x80131904): Invalid column name 'Domain'.
   at Microsoft.Data.SqlClient.SqlCommand.<>c.<ExecuteDbDataReaderAsync>b__195_0(Task`1 result)
   at System.Threading.Tasks.ContinuationResultTaskFromResultTask`2.InnerInvoke()
   at System.Threading.ExecutionContext.RunInternal(ExecutionContext executionContext, ContextCallback callback, Object state)
--- End of stack trace from previous location ---
   at System.Threading.ExecutionContext.RunInternal(ExecutionContext executionContext, ContextCallback callback, Object state)
   at System.Threading.Tasks.Task.ExecuteWithThreadLocal(Task& currentTaskSlot, Thread threadPoolThread)
--- End of stack trace from previous location ---
   at Microsoft.EntityFrameworkCore.Storage.RelationalCommand.ExecuteReaderAsync(RelationalCommandParameterObject parameterObject, CancellationToken cancellationToken)
   at Microsoft.EntityFrameworkCore.Storage.RelationalCommand.ExecuteReaderAsync(RelationalCommandParameterObject parameterObject, CancellationToken cancellationToken)
   at Microsoft.EntityFrameworkCore.Query.Internal.SingleQueryingEnumerable`1.AsyncEnumerator.InitializeReaderAsync(AsyncEnumerator enumerator, CancellationToken cancellationToken)
   at Microsoft.EntityFrameworkCore.SqlServer.Storage.Internal.SqlServerExecutionStrategy.ExecuteAsync[TState,TResult](TState state, Func`4 operation, Func`4 verifySucceeded, CancellationToken cancellationToken)
   at Microsoft.EntityFrameworkCore.Query.Internal.SingleQueryingEnumerable`1.AsyncEnumerator.MoveNextAsync()
ClientConnectionId:b56bc7b9-ed9b-4bd1-bc8b-bbe8c8d662db
Error Number:207,State:1,Class:16
2026-04-20 16:00:23.084 +07:00 [ERR] Đã xảy ra lỗi hệ thống (Unhandled Exception).
Microsoft.Data.SqlClient.SqlException (0x80131904): Invalid column name 'Domain'.
   at Microsoft.Data.SqlClient.SqlCommand.<>c.<ExecuteDbDataReaderAsync>b__195_0(Task`1 result)
   at System.Threading.Tasks.ContinuationResultTaskFromResultTask`2.InnerInvoke()
   at System.Threading.ExecutionContext.RunInternal(ExecutionContext executionContext, ContextCallback callback, Object state)
--- End of stack trace from previous location ---
   at System.Threading.ExecutionContext.RunInternal(ExecutionContext executionContext, ContextCallback callback, Object state)
   at System.Threading.Tasks.Task.ExecuteWithThreadLocal(Task& currentTaskSlot, Thread threadPoolThread)
--- End of stack trace from previous location ---
   at Microsoft.EntityFrameworkCore.Storage.RelationalCommand.ExecuteReaderAsync(RelationalCommandParameterObject parameterObject, CancellationToken cancellationToken)
   at Microsoft.EntityFrameworkCore.Storage.RelationalCommand.ExecuteReaderAsync(RelationalCommandParameterObject parameterObject, CancellationToken cancellationToken)
   at Microsoft.EntityFrameworkCore.Query.Internal.SingleQueryingEnumerable`1.AsyncEnumerator.InitializeReaderAsync(AsyncEnumerator enumerator, CancellationToken cancellationToken)
   at Microsoft.EntityFrameworkCore.SqlServer.Storage.Internal.SqlServerExecutionStrategy.ExecuteAsync[TState,TResult](TState state, Func`4 operation, Func`4 verifySucceeded, CancellationToken cancellationToken)
   at Microsoft.EntityFrameworkCore.Query.Internal.SingleQueryingEnumerable`1.AsyncEnumerator.MoveNextAsync()
   at Microsoft.EntityFrameworkCore.Query.ShapedQueryCompilingExpressionVisitor.SingleOrDefaultAsync[TSource](IAsyncEnumerable`1 asyncEnumerable, CancellationToken cancellationToken)
   at Microsoft.EntityFrameworkCore.Query.ShapedQueryCompilingExpressionVisitor.SingleOrDefaultAsync[TSource](IAsyncEnumerable`1 asyncEnumerable, CancellationToken cancellationToken)
   at SmartLMS.Business.ApiKeyService.ValidateKeyAsync(String apiKey) in C:\code\asp.net\SmartLMS.Business\ApiKeyService.cs:line 61
   at SmartLMS.Web.Security.ApiKeyAuthHandler.HandleAuthenticateAsync() in C:\code\asp.net\SmartLMS.Web\Security\ApiKeyAuthHandler.cs:line 46
   at Microsoft.AspNetCore.Authentication.AuthenticationHandler`1.AuthenticateAsync()
   at Microsoft.AspNetCore.Authentication.AuthenticationService.AuthenticateAsync(HttpContext context, String scheme)
   at Microsoft.AspNetCore.Authorization.Policy.PolicyEvaluator.AuthenticateAsync(AuthorizationPolicy policy, HttpContext context)
   at Microsoft.AspNetCore.Authorization.AuthorizationMiddleware.Invoke(HttpContext context)
   at Microsoft.AspNetCore.Authentication.AuthenticationMiddleware.Invoke(HttpContext context)
   at Prometheus.HttpMetrics.HttpRequestDurationMiddleware.Invoke(HttpContext context)
   at Prometheus.HttpMetrics.HttpRequestCountMiddleware.Invoke(HttpContext context)
   at Prometheus.HttpMetrics.HttpInProgressMiddleware.Invoke(HttpContext context)
   at Microsoft.AspNetCore.ResponseCompression.ResponseCompressionMiddleware.InvokeCore(HttpContext context)
   at Swashbuckle.AspNetCore.SwaggerUI.SwaggerUIMiddleware.Invoke(HttpContext httpContext)
   at Swashbuckle.AspNetCore.Swagger.SwaggerMiddleware.Invoke(HttpContext httpContext, ISwaggerProvider swaggerProvider)
   at SmartLMS.Web.Middlewares.ApiExceptionHandlerMiddleware.Invoke(HttpContext context) in C:\code\asp.net\SmartLMS.Web\Middlewares\ApiExceptionHandlerMiddleware.cs:line 24
ClientConnectionId:b56bc7b9-ed9b-4bd1-bc8b-bbe8c8d662db
Error Number:207,State:1,Class:16
2026-04-20 16:00:25.821 +07:00 [ERR] Failed executing DbCommand (2ms) [Parameters=[@__hashed_0='?' (Size = 4000)], CommandType='"Text"', CommandTimeout='30']
SELECT TOP(1) [a].[KeyId], [a].[CreatedAt], [a].[HashedKey], [a].[IsActive], [a].[KeyPreview], [a].[LastUsed], [a].[Name], [a].[OrganizationId], [o].[OrganizationId], [o].[CreatedAt], [o].[Domain], [o].[IsActive], [o].[Name], [o].[RateLimitTier]
FROM [ApiKeys] AS [a]
INNER JOIN [Organizations] AS [o] ON [a].[OrganizationId] = [o].[OrganizationId]
WHERE [a].[HashedKey] = @__hashed_0 AND [a].[IsActive] = CAST(1 AS bit)
2026-04-20 16:00:25.829 +07:00 [ERR] An exception occurred while iterating over the results of a query for context type 'SmartLMS.Data.SmartLMSContext'.
Microsoft.Data.SqlClient.SqlException (0x80131904): Invalid column name 'Domain'.
   at Microsoft.Data.SqlClient.SqlCommand.<>c.<ExecuteDbDataReaderAsync>b__195_0(Task`1 result)
   at System.Threading.Tasks.ContinuationResultTaskFromResultTask`2.InnerInvoke()
   at System.Threading.ExecutionContext.RunInternal(ExecutionContext executionContext, ContextCallback callback, Object state)
--- End of stack trace from previous location ---
   at System.Threading.ExecutionContext.RunInternal(ExecutionContext executionContext, ContextCallback callback, Object state)
   at System.Threading.Tasks.Task.ExecuteWithThreadLocal(Task& currentTaskSlot, Thread threadPoolThread)
--- End of stack trace from previous location ---
   at Microsoft.EntityFrameworkCore.Storage.RelationalCommand.ExecuteReaderAsync(RelationalCommandParameterObject parameterObject, CancellationToken cancellationToken)
   at Microsoft.EntityFrameworkCore.Storage.RelationalCommand.ExecuteReaderAsync(RelationalCommandParameterObject parameterObject, CancellationToken cancellationToken)
   at Microsoft.EntityFrameworkCore.Query.Internal.SingleQueryingEnumerable`1.AsyncEnumerator.InitializeReaderAsync(AsyncEnumerator enumerator, CancellationToken cancellationToken)
   at Microsoft.EntityFrameworkCore.SqlServer.Storage.Internal.SqlServerExecutionStrategy.ExecuteAsync[TState,TResult](TState state, Func`4 operation, Func`4 verifySucceeded, CancellationToken cancellationToken)
   at Microsoft.EntityFrameworkCore.Query.Internal.SingleQueryingEnumerable`1.AsyncEnumerator.MoveNextAsync()
ClientConnectionId:b56bc7b9-ed9b-4bd1-bc8b-bbe8c8d662db
Error Number:207,State:1,Class:16
Microsoft.Data.SqlClient.SqlException (0x80131904): Invalid column name 'Domain'.
   at Microsoft.Data.SqlClient.SqlCommand.<>c.<ExecuteDbDataReaderAsync>b__195_0(Task`1 result)
   at System.Threading.Tasks.ContinuationResultTaskFromResultTask`2.InnerInvoke()
   at System.Threading.ExecutionContext.RunInternal(ExecutionContext executionContext, ContextCallback callback, Object state)
--- End of stack trace from previous location ---
   at System.Threading.ExecutionContext.RunInternal(ExecutionContext executionContext, ContextCallback callback, Object state)
   at System.Threading.Tasks.Task.ExecuteWithThreadLocal(Task& currentTaskSlot, Thread threadPoolThread)
--- End of stack trace from previous location ---
   at Microsoft.EntityFrameworkCore.Storage.RelationalCommand.ExecuteReaderAsync(RelationalCommandParameterObject parameterObject, CancellationToken cancellationToken)
   at Microsoft.EntityFrameworkCore.Storage.RelationalCommand.ExecuteReaderAsync(RelationalCommandParameterObject parameterObject, CancellationToken cancellationToken)
   at Microsoft.EntityFrameworkCore.Query.Internal.SingleQueryingEnumerable`1.AsyncEnumerator.InitializeReaderAsync(AsyncEnumerator enumerator, CancellationToken cancellationToken)
   at Microsoft.EntityFrameworkCore.SqlServer.Storage.Internal.SqlServerExecutionStrategy.ExecuteAsync[TState,TResult](TState state, Func`4 operation, Func`4 verifySucceeded, CancellationToken cancellationToken)
   at Microsoft.EntityFrameworkCore.Query.Internal.SingleQueryingEnumerable`1.AsyncEnumerator.MoveNextAsync()
ClientConnectionId:b56bc7b9-ed9b-4bd1-bc8b-bbe8c8d662db
Error Number:207,State:1,Class:16
2026-04-20 16:00:25.845 +07:00 [ERR] Đã xảy ra lỗi hệ thống (Unhandled Exception).
Microsoft.Data.SqlClient.SqlException (0x80131904): Invalid column name 'Domain'.
   at Microsoft.Data.SqlClient.SqlCommand.<>c.<ExecuteDbDataReaderAsync>b__195_0(Task`1 result)
   at System.Threading.Tasks.ContinuationResultTaskFromResultTask`2.InnerInvoke()
   at System.Threading.ExecutionContext.RunInternal(ExecutionContext executionContext, ContextCallback callback, Object state)
--- End of stack trace from previous location ---
   at System.Threading.ExecutionContext.RunInternal(ExecutionContext executionContext, ContextCallback callback, Object state)
   at System.Threading.Tasks.Task.ExecuteWithThreadLocal(Task& currentTaskSlot, Thread threadPoolThread)
--- End of stack trace from previous location ---
   at Microsoft.EntityFrameworkCore.Storage.RelationalCommand.ExecuteReaderAsync(RelationalCommandParameterObject parameterObject, CancellationToken cancellationToken)
   at Microsoft.EntityFrameworkCore.Storage.RelationalCommand.ExecuteReaderAsync(RelationalCommandParameterObject parameterObject, CancellationToken cancellationToken)
   at Microsoft.EntityFrameworkCore.Query.Internal.SingleQueryingEnumerable`1.AsyncEnumerator.InitializeReaderAsync(AsyncEnumerator enumerator, CancellationToken cancellationToken)
   at Microsoft.EntityFrameworkCore.SqlServer.Storage.Internal.SqlServerExecutionStrategy.ExecuteAsync[TState,TResult](TState state, Func`4 operation, Func`4 verifySucceeded, CancellationToken cancellationToken)
   at Microsoft.EntityFrameworkCore.Query.Internal.SingleQueryingEnumerable`1.AsyncEnumerator.MoveNextAsync()
   at Microsoft.EntityFrameworkCore.Query.ShapedQueryCompilingExpressionVisitor.SingleOrDefaultAsync[TSource](IAsyncEnumerable`1 asyncEnumerable, CancellationToken cancellationToken)
   at Microsoft.EntityFrameworkCore.Query.ShapedQueryCompilingExpressionVisitor.SingleOrDefaultAsync[TSource](IAsyncEnumerable`1 asyncEnumerable, CancellationToken cancellationToken)
   at SmartLMS.Business.ApiKeyService.ValidateKeyAsync(String apiKey) in C:\code\asp.net\SmartLMS.Business\ApiKeyService.cs:line 61
   at SmartLMS.Web.Security.ApiKeyAuthHandler.HandleAuthenticateAsync() in C:\code\asp.net\SmartLMS.Web\Security\ApiKeyAuthHandler.cs:line 46
   at Microsoft.AspNetCore.Authentication.AuthenticationHandler`1.AuthenticateAsync()
   at Microsoft.AspNetCore.Authentication.AuthenticationService.AuthenticateAsync(HttpContext context, String scheme)
   at Microsoft.AspNetCore.Authorization.Policy.PolicyEvaluator.AuthenticateAsync(AuthorizationPolicy policy, HttpContext context)
   at Microsoft.AspNetCore.Authorization.AuthorizationMiddleware.Invoke(HttpContext context)
   at Microsoft.AspNetCore.Authentication.AuthenticationMiddleware.Invoke(HttpContext context)
   at Prometheus.HttpMetrics.HttpRequestDurationMiddleware.Invoke(HttpContext context)
   at Prometheus.HttpMetrics.HttpRequestCountMiddleware.Invoke(HttpContext context)
   at Prometheus.HttpMetrics.HttpInProgressMiddleware.Invoke(HttpContext context)
   at Microsoft.AspNetCore.ResponseCompression.ResponseCompressionMiddleware.InvokeCore(HttpContext context)
   at Swashbuckle.AspNetCore.SwaggerUI.SwaggerUIMiddleware.Invoke(HttpContext httpContext)
   at Swashbuckle.AspNetCore.Swagger.SwaggerMiddleware.Invoke(HttpContext httpContext, ISwaggerProvider swaggerProvider)
   at SmartLMS.Web.Middlewares.ApiExceptionHandlerMiddleware.Invoke(HttpContext context) in C:\code\asp.net\SmartLMS.Web\Middlewares\ApiExceptionHandlerMiddleware.cs:line 24
ClientConnectionId:b56bc7b9-ed9b-4bd1-bc8b-bbe8c8d662db
Error Number:207,State:1,Class:16
2026-04-20 16:00:26.336 +07:00 [ERR] Failed executing DbCommand (2ms) [Parameters=[@__hashed_0='?' (Size = 4000)], CommandType='"Text"', CommandTimeout='30']
SELECT TOP(1) [a].[KeyId], [a].[CreatedAt], [a].[HashedKey], [a].[IsActive], [a].[KeyPreview], [a].[LastUsed], [a].[Name], [a].[OrganizationId], [o].[OrganizationId], [o].[CreatedAt], [o].[Domain], [o].[IsActive], [o].[Name], [o].[RateLimitTier]
FROM [ApiKeys] AS [a]
INNER JOIN [Organizations] AS [o] ON [a].[OrganizationId] = [o].[OrganizationId]
WHERE [a].[HashedKey] = @__hashed_0 AND [a].[IsActive] = CAST(1 AS bit)
2026-04-20 16:00:26.343 +07:00 [ERR] An exception occurred while iterating over the results of a query for context type 'SmartLMS.Data.SmartLMSContext'.
Microsoft.Data.SqlClient.SqlException (0x80131904): Invalid column name 'Domain'.
   at Microsoft.Data.SqlClient.SqlCommand.<>c.<ExecuteDbDataReaderAsync>b__195_0(Task`1 result)
   at System.Threading.Tasks.ContinuationResultTaskFromResultTask`2.InnerInvoke()
   at System.Threading.ExecutionContext.RunInternal(ExecutionContext executionContext, ContextCallback callback, Object state)
--- End of stack trace from previous location ---
   at System.Threading.ExecutionContext.RunInternal(ExecutionContext executionContext, ContextCallback callback, Object state)
   at System.Threading.Tasks.Task.ExecuteWithThreadLocal(Task& currentTaskSlot, Thread threadPoolThread)
--- End of stack trace from previous location ---
   at Microsoft.EntityFrameworkCore.Storage.RelationalCommand.ExecuteReaderAsync(RelationalCommandParameterObject parameterObject, CancellationToken cancellationToken)
   at Microsoft.EntityFrameworkCore.Storage.RelationalCommand.ExecuteReaderAsync(RelationalCommandParameterObject parameterObject, CancellationToken cancellationToken)
   at Microsoft.EntityFrameworkCore.Query.Internal.SingleQueryingEnumerable`1.AsyncEnumerator.InitializeReaderAsync(AsyncEnumerator enumerator, CancellationToken cancellationToken)
   at Microsoft.EntityFrameworkCore.SqlServer.Storage.Internal.SqlServerExecutionStrategy.ExecuteAsync[TState,TResult](TState state, Func`4 operation, Func`4 verifySucceeded, CancellationToken cancellationToken)
   at Microsoft.EntityFrameworkCore.Query.Internal.SingleQueryingEnumerable`1.AsyncEnumerator.MoveNextAsync()
ClientConnectionId:b56bc7b9-ed9b-4bd1-bc8b-bbe8c8d662db
Error Number:207,State:1,Class:16
Microsoft.Data.SqlClient.SqlException (0x80131904): Invalid column name 'Domain'.
   at Microsoft.Data.SqlClient.SqlCommand.<>c.<ExecuteDbDataReaderAsync>b__195_0(Task`1 result)
   at System.Threading.Tasks.ContinuationResultTaskFromResultTask`2.InnerInvoke()
   at System.Threading.ExecutionContext.RunInternal(ExecutionContext executionContext, ContextCallback callback, Object state)
--- End of stack trace from previous location ---
   at System.Threading.ExecutionContext.RunInternal(ExecutionContext executionContext, ContextCallback callback, Object state)
   at System.Threading.Tasks.Task.ExecuteWithThreadLocal(Task& currentTaskSlot, Thread threadPoolThread)
--- End of stack trace from previous location ---
   at Microsoft.EntityFrameworkCore.Storage.RelationalCommand.ExecuteReaderAsync(RelationalCommandParameterObject parameterObject, CancellationToken cancellationToken)
   at Microsoft.EntityFrameworkCore.Storage.RelationalCommand.ExecuteReaderAsync(RelationalCommandParameterObject parameterObject, CancellationToken cancellationToken)
   at Microsoft.EntityFrameworkCore.Query.Internal.SingleQueryingEnumerable`1.AsyncEnumerator.InitializeReaderAsync(AsyncEnumerator enumerator, CancellationToken cancellationToken)
   at Microsoft.EntityFrameworkCore.SqlServer.Storage.Internal.SqlServerExecutionStrategy.ExecuteAsync[TState,TResult](TState state, Func`4 operation, Func`4 verifySucceeded, CancellationToken cancellationToken)
   at Microsoft.EntityFrameworkCore.Query.Internal.SingleQueryingEnumerable`1.AsyncEnumerator.MoveNextAsync()
ClientConnectionId:b56bc7b9-ed9b-4bd1-bc8b-bbe8c8d662db
Error Number:207,State:1,Class:16
2026-04-20 16:00:26.361 +07:00 [ERR] Đã xảy ra lỗi hệ thống (Unhandled Exception).
Microsoft.Data.SqlClient.SqlException (0x80131904): Invalid column name 'Domain'.
   at Microsoft.Data.SqlClient.SqlCommand.<>c.<ExecuteDbDataReaderAsync>b__195_0(Task`1 result)
   at System.Threading.Tasks.ContinuationResultTaskFromResultTask`2.InnerInvoke()
   at System.Threading.ExecutionContext.RunInternal(ExecutionContext executionContext, ContextCallback callback, Object state)
--- End of stack trace from previous location ---
   at System.Threading.ExecutionContext.RunInternal(ExecutionContext executionContext, ContextCallback callback, Object state)
   at System.Threading.Tasks.Task.ExecuteWithThreadLocal(Task& currentTaskSlot, Thread threadPoolThread)
--- End of stack trace from previous location ---
   at Microsoft.EntityFrameworkCore.Storage.RelationalCommand.ExecuteReaderAsync(RelationalCommandParameterObject parameterObject, CancellationToken cancellationToken)
   at Microsoft.EntityFrameworkCore.Storage.RelationalCommand.ExecuteReaderAsync(RelationalCommandParameterObject parameterObject, CancellationToken cancellationToken)
   at Microsoft.EntityFrameworkCore.Query.Internal.SingleQueryingEnumerable`1.AsyncEnumerator.InitializeReaderAsync(AsyncEnumerator enumerator, CancellationToken cancellationToken)
   at Microsoft.EntityFrameworkCore.SqlServer.Storage.Internal.SqlServerExecutionStrategy.ExecuteAsync[TState,TResult](TState state, Func`4 operation, Func`4 verifySucceeded, CancellationToken cancellationToken)
   at Microsoft.EntityFrameworkCore.Query.Internal.SingleQueryingEnumerable`1.AsyncEnumerator.MoveNextAsync()
   at Microsoft.EntityFrameworkCore.Query.ShapedQueryCompilingExpressionVisitor.SingleOrDefaultAsync[TSource](IAsyncEnumerable`1 asyncEnumerable, CancellationToken cancellationToken)
   at Microsoft.EntityFrameworkCore.Query.ShapedQueryCompilingExpressionVisitor.SingleOrDefaultAsync[TSource](IAsyncEnumerable`1 asyncEnumerable, CancellationToken cancellationToken)
   at SmartLMS.Business.ApiKeyService.ValidateKeyAsync(String apiKey) in C:\code\asp.net\SmartLMS.Business\ApiKeyService.cs:line 61
   at SmartLMS.Web.Security.ApiKeyAuthHandler.HandleAuthenticateAsync() in C:\code\asp.net\SmartLMS.Web\Security\ApiKeyAuthHandler.cs:line 46
   at Microsoft.AspNetCore.Authentication.AuthenticationHandler`1.AuthenticateAsync()
   at Microsoft.AspNetCore.Authentication.AuthenticationService.AuthenticateAsync(HttpContext context, String scheme)
   at Microsoft.AspNetCore.Authorization.Policy.PolicyEvaluator.AuthenticateAsync(AuthorizationPolicy policy, HttpContext context)
   at Microsoft.AspNetCore.Authorization.AuthorizationMiddleware.Invoke(HttpContext context)
   at Microsoft.AspNetCore.Authentication.AuthenticationMiddleware.Invoke(HttpContext context)
   at Prometheus.HttpMetrics.HttpRequestDurationMiddleware.Invoke(HttpContext context)
   at Prometheus.HttpMetrics.HttpRequestCountMiddleware.Invoke(HttpContext context)
   at Prometheus.HttpMetrics.HttpInProgressMiddleware.Invoke(HttpContext context)
   at Microsoft.AspNetCore.ResponseCompression.ResponseCompressionMiddleware.InvokeCore(HttpContext context)
   at Swashbuckle.AspNetCore.SwaggerUI.SwaggerUIMiddleware.Invoke(HttpContext httpContext)
   at Swashbuckle.AspNetCore.Swagger.SwaggerMiddleware.Invoke(HttpContext httpContext, ISwaggerProvider swaggerProvider)
   at SmartLMS.Web.Middlewares.ApiExceptionHandlerMiddleware.Invoke(HttpContext context) in C:\code\asp.net\SmartLMS.Web\Middlewares\ApiExceptionHandlerMiddleware.cs:line 24
ClientConnectionId:b56bc7b9-ed9b-4bd1-bc8b-bbe8c8d662db
Error Number:207,State:1,Class:16
2026-04-20 16:00:26.465 +07:00 [ERR] Failed executing DbCommand (1ms) [Parameters=[@__hashed_0='?' (Size = 4000)], CommandType='"Text"', CommandTimeout='30']
SELECT TOP(1) [a].[KeyId], [a].[CreatedAt], [a].[HashedKey], [a].[IsActive], [a].[KeyPreview], [a].[LastUsed], [a].[Name], [a].[OrganizationId], [o].[OrganizationId], [o].[CreatedAt], [o].[Domain], [o].[IsActive], [o].[Name], [o].[RateLimitTier]
FROM [ApiKeys] AS [a]
INNER JOIN [Organizations] AS [o] ON [a].[OrganizationId] = [o].[OrganizationId]
WHERE [a].[HashedKey] = @__hashed_0 AND [a].[IsActive] = CAST(1 AS bit)
2026-04-20 16:00:26.475 +07:00 [ERR] An exception occurred while iterating over the results of a query for context type 'SmartLMS.Data.SmartLMSContext'.
Microsoft.Data.SqlClient.SqlException (0x80131904): Invalid column name 'Domain'.
   at Microsoft.Data.SqlClient.SqlCommand.<>c.<ExecuteDbDataReaderAsync>b__195_0(Task`1 result)
   at System.Threading.Tasks.ContinuationResultTaskFromResultTask`2.InnerInvoke()
   at System.Threading.ExecutionContext.RunInternal(ExecutionContext executionContext, ContextCallback callback, Object state)
--- End of stack trace from previous location ---
   at System.Threading.ExecutionContext.RunInternal(ExecutionContext executionContext, ContextCallback callback, Object state)
   at System.Threading.Tasks.Task.ExecuteWithThreadLocal(Task& currentTaskSlot, Thread threadPoolThread)
--- End of stack trace from previous location ---
   at Microsoft.EntityFrameworkCore.Storage.RelationalCommand.ExecuteReaderAsync(RelationalCommandParameterObject parameterObject, CancellationToken cancellationToken)
   at Microsoft.EntityFrameworkCore.Storage.RelationalCommand.ExecuteReaderAsync(RelationalCommandParameterObject parameterObject, CancellationToken cancellationToken)
   at Microsoft.EntityFrameworkCore.Query.Internal.SingleQueryingEnumerable`1.AsyncEnumerator.InitializeReaderAsync(AsyncEnumerator enumerator, CancellationToken cancellationToken)
   at Microsoft.EntityFrameworkCore.SqlServer.Storage.Internal.SqlServerExecutionStrategy.ExecuteAsync[TState,TResult](TState state, Func`4 operation, Func`4 verifySucceeded, CancellationToken cancellationToken)
   at Microsoft.EntityFrameworkCore.Query.Internal.SingleQueryingEnumerable`1.AsyncEnumerator.MoveNextAsync()
ClientConnectionId:b56bc7b9-ed9b-4bd1-bc8b-bbe8c8d662db
Error Number:207,State:1,Class:16
Microsoft.Data.SqlClient.SqlException (0x80131904): Invalid column name 'Domain'.
   at Microsoft.Data.SqlClient.SqlCommand.<>c.<ExecuteDbDataReaderAsync>b__195_0(Task`1 result)
   at System.Threading.Tasks.ContinuationResultTaskFromResultTask`2.InnerInvoke()
   at System.Threading.ExecutionContext.RunInternal(ExecutionContext executionContext, ContextCallback callback, Object state)
--- End of stack trace from previous location ---
   at System.Threading.ExecutionContext.RunInternal(ExecutionContext executionContext, ContextCallback callback, Object state)
   at System.Threading.Tasks.Task.ExecuteWithThreadLocal(Task& currentTaskSlot, Thread threadPoolThread)
--- End of stack trace from previous location ---
   at Microsoft.EntityFrameworkCore.Storage.RelationalCommand.ExecuteReaderAsync(RelationalCommandParameterObject parameterObject, CancellationToken cancellationToken)
   at Microsoft.EntityFrameworkCore.Storage.RelationalCommand.ExecuteReaderAsync(RelationalCommandParameterObject parameterObject, CancellationToken cancellationToken)
   at Microsoft.EntityFrameworkCore.Query.Internal.SingleQueryingEnumerable`1.AsyncEnumerator.InitializeReaderAsync(AsyncEnumerator enumerator, CancellationToken cancellationToken)
   at Microsoft.EntityFrameworkCore.SqlServer.Storage.Internal.SqlServerExecutionStrategy.ExecuteAsync[TState,TResult](TState state, Func`4 operation, Func`4 verifySucceeded, CancellationToken cancellationToken)
   at Microsoft.EntityFrameworkCore.Query.Internal.SingleQueryingEnumerable`1.AsyncEnumerator.MoveNextAsync()
ClientConnectionId:b56bc7b9-ed9b-4bd1-bc8b-bbe8c8d662db
Error Number:207,State:1,Class:16
2026-04-20 16:00:26.493 +07:00 [ERR] Đã xảy ra lỗi hệ thống (Unhandled Exception).
Microsoft.Data.SqlClient.SqlException (0x80131904): Invalid column name 'Domain'.
   at Microsoft.Data.SqlClient.SqlCommand.<>c.<ExecuteDbDataReaderAsync>b__195_0(Task`1 result)
   at System.Threading.Tasks.ContinuationResultTaskFromResultTask`2.InnerInvoke()
   at System.Threading.ExecutionContext.RunInternal(ExecutionContext executionContext, ContextCallback callback, Object state)
--- End of stack trace from previous location ---
   at System.Threading.ExecutionContext.RunInternal(ExecutionContext executionContext, ContextCallback callback, Object state)
   at System.Threading.Tasks.Task.ExecuteWithThreadLocal(Task& currentTaskSlot, Thread threadPoolThread)
--- End of stack trace from previous location ---
   at Microsoft.EntityFrameworkCore.Storage.RelationalCommand.ExecuteReaderAsync(RelationalCommandParameterObject parameterObject, CancellationToken cancellationToken)
   at Microsoft.EntityFrameworkCore.Storage.RelationalCommand.ExecuteReaderAsync(RelationalCommandParameterObject parameterObject, CancellationToken cancellationToken)
   at Microsoft.EntityFrameworkCore.Query.Internal.SingleQueryingEnumerable`1.AsyncEnumerator.InitializeReaderAsync(AsyncEnumerator enumerator, CancellationToken cancellationToken)
   at Microsoft.EntityFrameworkCore.SqlServer.Storage.Internal.SqlServerExecutionStrategy.ExecuteAsync[TState,TResult](TState state, Func`4 operation, Func`4 verifySucceeded, CancellationToken cancellationToken)
   at Microsoft.EntityFrameworkCore.Query.Internal.SingleQueryingEnumerable`1.AsyncEnumerator.MoveNextAsync()
   at Microsoft.EntityFrameworkCore.Query.ShapedQueryCompilingExpressionVisitor.SingleOrDefaultAsync[TSource](IAsyncEnumerable`1 asyncEnumerable, CancellationToken cancellationToken)
   at Microsoft.EntityFrameworkCore.Query.ShapedQueryCompilingExpressionVisitor.SingleOrDefaultAsync[TSource](IAsyncEnumerable`1 asyncEnumerable, CancellationToken cancellationToken)
   at SmartLMS.Business.ApiKeyService.ValidateKeyAsync(String apiKey) in C:\code\asp.net\SmartLMS.Business\ApiKeyService.cs:line 61
   at SmartLMS.Web.Security.ApiKeyAuthHandler.HandleAuthenticateAsync() in C:\code\asp.net\SmartLMS.Web\Security\ApiKeyAuthHandler.cs:line 46
   at Microsoft.AspNetCore.Authentication.AuthenticationHandler`1.AuthenticateAsync()
   at Microsoft.AspNetCore.Authentication.AuthenticationService.AuthenticateAsync(HttpContext context, String scheme)
   at Microsoft.AspNetCore.Authorization.Policy.PolicyEvaluator.AuthenticateAsync(AuthorizationPolicy policy, HttpContext context)
   at Microsoft.AspNetCore.Authorization.AuthorizationMiddleware.Invoke(HttpContext context)
   at Microsoft.AspNetCore.Authentication.AuthenticationMiddleware.Invoke(HttpContext context)
   at Prometheus.HttpMetrics.HttpRequestDurationMiddleware.Invoke(HttpContext context)
   at Prometheus.HttpMetrics.HttpRequestCountMiddleware.Invoke(HttpContext context)
   at Prometheus.HttpMetrics.HttpInProgressMiddleware.Invoke(HttpContext context)
   at Microsoft.AspNetCore.ResponseCompression.ResponseCompressionMiddleware.InvokeCore(HttpContext context)
   at Swashbuckle.AspNetCore.SwaggerUI.SwaggerUIMiddleware.Invoke(HttpContext httpContext)
   at Swashbuckle.AspNetCore.Swagger.SwaggerMiddleware.Invoke(HttpContext httpContext, ISwaggerProvider swaggerProvider)
   at SmartLMS.Web.Middlewares.ApiExceptionHandlerMiddleware.Invoke(HttpContext context) in C:\code\asp.net\SmartLMS.Web\Middlewares\ApiExceptionHandlerMiddleware.cs:line 24
ClientConnectionId:b56bc7b9-ed9b-4bd1-bc8b-bbe8c8d662db
Error Number:207,State:1,Class:16
2026-04-20 16:00:26.634 +07:00 [ERR] Failed executing DbCommand (2ms) [Parameters=[@__hashed_0='?' (Size = 4000)], CommandType='"Text"', CommandTimeout='30']
SELECT TOP(1) [a].[KeyId], [a].[CreatedAt], [a].[HashedKey], [a].[IsActive], [a].[KeyPreview], [a].[LastUsed], [a].[Name], [a].[OrganizationId], [o].[OrganizationId], [o].[CreatedAt], [o].[Domain], [o].[IsActive], [o].[Name], [o].[RateLimitTier]
FROM [ApiKeys] AS [a]
INNER JOIN [Organizations] AS [o] ON [a].[OrganizationId] = [o].[OrganizationId]
WHERE [a].[HashedKey] = @__hashed_0 AND [a].[IsActive] = CAST(1 AS bit)
2026-04-20 16:00:26.638 +07:00 [ERR] An exception occurred while iterating over the results of a query for context type 'SmartLMS.Data.SmartLMSContext'.
Microsoft.Data.SqlClient.SqlException (0x80131904): Invalid column name 'Domain'.
   at Microsoft.Data.SqlClient.SqlCommand.<>c.<ExecuteDbDataReaderAsync>b__195_0(Task`1 result)
   at System.Threading.Tasks.ContinuationResultTaskFromResultTask`2.InnerInvoke()
   at System.Threading.ExecutionContext.RunInternal(ExecutionContext executionContext, ContextCallback callback, Object state)
--- End of stack trace from previous location ---
   at System.Threading.ExecutionContext.RunInternal(ExecutionContext executionContext, ContextCallback callback, Object state)
   at System.Threading.Tasks.Task.ExecuteWithThreadLocal(Task& currentTaskSlot, Thread threadPoolThread)
--- End of stack trace from previous location ---
   at Microsoft.EntityFrameworkCore.Storage.RelationalCommand.ExecuteReaderAsync(RelationalCommandParameterObject parameterObject, CancellationToken cancellationToken)
   at Microsoft.EntityFrameworkCore.Storage.RelationalCommand.ExecuteReaderAsync(RelationalCommandParameterObject parameterObject, CancellationToken cancellationToken)
   at Microsoft.EntityFrameworkCore.Query.Internal.SingleQueryingEnumerable`1.AsyncEnumerator.InitializeReaderAsync(AsyncEnumerator enumerator, CancellationToken cancellationToken)
   at Microsoft.EntityFrameworkCore.SqlServer.Storage.Internal.SqlServerExecutionStrategy.ExecuteAsync[TState,TResult](TState state, Func`4 operation, Func`4 verifySucceeded, CancellationToken cancellationToken)
   at Microsoft.EntityFrameworkCore.Query.Internal.SingleQueryingEnumerable`1.AsyncEnumerator.MoveNextAsync()
ClientConnectionId:b56bc7b9-ed9b-4bd1-bc8b-bbe8c8d662db
Error Number:207,State:1,Class:16
Microsoft.Data.SqlClient.SqlException (0x80131904): Invalid column name 'Domain'.
   at Microsoft.Data.SqlClient.SqlCommand.<>c.<ExecuteDbDataReaderAsync>b__195_0(Task`1 result)
   at System.Threading.Tasks.ContinuationResultTaskFromResultTask`2.InnerInvoke()
   at System.Threading.ExecutionContext.RunInternal(ExecutionContext executionContext, ContextCallback callback, Object state)
--- End of stack trace from previous location ---
   at System.Threading.ExecutionContext.RunInternal(ExecutionContext executionContext, ContextCallback callback, Object state)
   at System.Threading.Tasks.Task.ExecuteWithThreadLocal(Task& currentTaskSlot, Thread threadPoolThread)
--- End of stack trace from previous location ---
   at Microsoft.EntityFrameworkCore.Storage.RelationalCommand.ExecuteReaderAsync(RelationalCommandParameterObject parameterObject, CancellationToken cancellationToken)
   at Microsoft.EntityFrameworkCore.Storage.RelationalCommand.ExecuteReaderAsync(RelationalCommandParameterObject parameterObject, CancellationToken cancellationToken)
   at Microsoft.EntityFrameworkCore.Query.Internal.SingleQueryingEnumerable`1.AsyncEnumerator.InitializeReaderAsync(AsyncEnumerator enumerator, CancellationToken cancellationToken)
   at Microsoft.EntityFrameworkCore.SqlServer.Storage.Internal.SqlServerExecutionStrategy.ExecuteAsync[TState,TResult](TState state, Func`4 operation, Func`4 verifySucceeded, CancellationToken cancellationToken)
   at Microsoft.EntityFrameworkCore.Query.Internal.SingleQueryingEnumerable`1.AsyncEnumerator.MoveNextAsync()
ClientConnectionId:b56bc7b9-ed9b-4bd1-bc8b-bbe8c8d662db
Error Number:207,State:1,Class:16
2026-04-20 16:00:26.653 +07:00 [ERR] Đã xảy ra lỗi hệ thống (Unhandled Exception).
Microsoft.Data.SqlClient.SqlException (0x80131904): Invalid column name 'Domain'.
   at Microsoft.Data.SqlClient.SqlCommand.<>c.<ExecuteDbDataReaderAsync>b__195_0(Task`1 result)
   at System.Threading.Tasks.ContinuationResultTaskFromResultTask`2.InnerInvoke()
   at System.Threading.ExecutionContext.RunInternal(ExecutionContext executionContext, ContextCallback callback, Object state)
--- End of stack trace from previous location ---
   at System.Threading.ExecutionContext.RunInternal(ExecutionContext executionContext, ContextCallback callback, Object state)
   at System.Threading.Tasks.Task.ExecuteWithThreadLocal(Task& currentTaskSlot, Thread threadPoolThread)
--- End of stack trace from previous location ---
   at Microsoft.EntityFrameworkCore.Storage.RelationalCommand.ExecuteReaderAsync(RelationalCommandParameterObject parameterObject, CancellationToken cancellationToken)
   at Microsoft.EntityFrameworkCore.Storage.RelationalCommand.ExecuteReaderAsync(RelationalCommandParameterObject parameterObject, CancellationToken cancellationToken)
   at Microsoft.EntityFrameworkCore.Query.Internal.SingleQueryingEnumerable`1.AsyncEnumerator.InitializeReaderAsync(AsyncEnumerator enumerator, CancellationToken cancellationToken)
   at Microsoft.EntityFrameworkCore.SqlServer.Storage.Internal.SqlServerExecutionStrategy.ExecuteAsync[TState,TResult](TState state, Func`4 operation, Func`4 verifySucceeded, CancellationToken cancellationToken)
   at Microsoft.EntityFrameworkCore.Query.Internal.SingleQueryingEnumerable`1.AsyncEnumerator.MoveNextAsync()
   at Microsoft.EntityFrameworkCore.Query.ShapedQueryCompilingExpressionVisitor.SingleOrDefaultAsync[TSource](IAsyncEnumerable`1 asyncEnumerable, CancellationToken cancellationToken)
   at Microsoft.EntityFrameworkCore.Query.ShapedQueryCompilingExpressionVisitor.SingleOrDefaultAsync[TSource](IAsyncEnumerable`1 asyncEnumerable, CancellationToken cancellationToken)
   at SmartLMS.Business.ApiKeyService.ValidateKeyAsync(String apiKey) in C:\code\asp.net\SmartLMS.Business\ApiKeyService.cs:line 61
   at SmartLMS.Web.Security.ApiKeyAuthHandler.HandleAuthenticateAsync() in C:\code\asp.net\SmartLMS.Web\Security\ApiKeyAuthHandler.cs:line 46
   at Microsoft.AspNetCore.Authentication.AuthenticationHandler`1.AuthenticateAsync()
   at Microsoft.AspNetCore.Authentication.AuthenticationService.AuthenticateAsync(HttpContext context, String scheme)
   at Microsoft.AspNetCore.Authorization.Policy.PolicyEvaluator.AuthenticateAsync(AuthorizationPolicy policy, HttpContext context)
   at Microsoft.AspNetCore.Authorization.AuthorizationMiddleware.Invoke(HttpContext context)
   at Microsoft.AspNetCore.Authentication.AuthenticationMiddleware.Invoke(HttpContext context)
   at Prometheus.HttpMetrics.HttpRequestDurationMiddleware.Invoke(HttpContext context)
   at Prometheus.HttpMetrics.HttpRequestCountMiddleware.Invoke(HttpContext context)
   at Prometheus.HttpMetrics.HttpInProgressMiddleware.Invoke(HttpContext context)
   at Microsoft.AspNetCore.ResponseCompression.ResponseCompressionMiddleware.InvokeCore(HttpContext context)
   at Swashbuckle.AspNetCore.SwaggerUI.SwaggerUIMiddleware.Invoke(HttpContext httpContext)
   at Swashbuckle.AspNetCore.Swagger.SwaggerMiddleware.Invoke(HttpContext httpContext, ISwaggerProvider swaggerProvider)
   at SmartLMS.Web.Middlewares.ApiExceptionHandlerMiddleware.Invoke(HttpContext context) in C:\code\asp.net\SmartLMS.Web\Middlewares\ApiExceptionHandlerMiddleware.cs:line 24
ClientConnectionId:b56bc7b9-ed9b-4bd1-bc8b-bbe8c8d662db
Error Number:207,State:1,Class:16
2026-04-20 16:00:26.928 +07:00 [ERR] Failed executing DbCommand (2ms) [Parameters=[@__hashed_0='?' (Size = 4000)], CommandType='"Text"', CommandTimeout='30']
SELECT TOP(1) [a].[KeyId], [a].[CreatedAt], [a].[HashedKey], [a].[IsActive], [a].[KeyPreview], [a].[LastUsed], [a].[Name], [a].[OrganizationId], [o].[OrganizationId], [o].[CreatedAt], [o].[Domain], [o].[IsActive], [o].[Name], [o].[RateLimitTier]
FROM [ApiKeys] AS [a]
INNER JOIN [Organizations] AS [o] ON [a].[OrganizationId] = [o].[OrganizationId]
WHERE [a].[HashedKey] = @__hashed_0 AND [a].[IsActive] = CAST(1 AS bit)
2026-04-20 16:00:26.940 +07:00 [ERR] An exception occurred while iterating over the results of a query for context type 'SmartLMS.Data.SmartLMSContext'.
Microsoft.Data.SqlClient.SqlException (0x80131904): Invalid column name 'Domain'.
   at Microsoft.Data.SqlClient.SqlCommand.<>c.<ExecuteDbDataReaderAsync>b__195_0(Task`1 result)
   at System.Threading.Tasks.ContinuationResultTaskFromResultTask`2.InnerInvoke()
   at System.Threading.ExecutionContext.RunInternal(ExecutionContext executionContext, ContextCallback callback, Object state)
--- End of stack trace from previous location ---
   at System.Threading.ExecutionContext.RunInternal(ExecutionContext executionContext, ContextCallback callback, Object state)
   at System.Threading.Tasks.Task.ExecuteWithThreadLocal(Task& currentTaskSlot, Thread threadPoolThread)
--- End of stack trace from previous location ---
   at Microsoft.EntityFrameworkCore.Storage.RelationalCommand.ExecuteReaderAsync(RelationalCommandParameterObject parameterObject, CancellationToken cancellationToken)
   at Microsoft.EntityFrameworkCore.Storage.RelationalCommand.ExecuteReaderAsync(RelationalCommandParameterObject parameterObject, CancellationToken cancellationToken)
   at Microsoft.EntityFrameworkCore.Query.Internal.SingleQueryingEnumerable`1.AsyncEnumerator.InitializeReaderAsync(AsyncEnumerator enumerator, CancellationToken cancellationToken)
   at Microsoft.EntityFrameworkCore.SqlServer.Storage.Internal.SqlServerExecutionStrategy.ExecuteAsync[TState,TResult](TState state, Func`4 operation, Func`4 verifySucceeded, CancellationToken cancellationToken)
   at Microsoft.EntityFrameworkCore.Query.Internal.SingleQueryingEnumerable`1.AsyncEnumerator.MoveNextAsync()
ClientConnectionId:b56bc7b9-ed9b-4bd1-bc8b-bbe8c8d662db
Error Number:207,State:1,Class:16
Microsoft.Data.SqlClient.SqlException (0x80131904): Invalid column name 'Domain'.
   at Microsoft.Data.SqlClient.SqlCommand.<>c.<ExecuteDbDataReaderAsync>b__195_0(Task`1 result)
   at System.Threading.Tasks.ContinuationResultTaskFromResultTask`2.InnerInvoke()
   at System.Threading.ExecutionContext.RunInternal(ExecutionContext executionContext, ContextCallback callback, Object state)
--- End of stack trace from previous location ---
   at System.Threading.ExecutionContext.RunInternal(ExecutionContext executionContext, ContextCallback callback, Object state)
   at System.Threading.Tasks.Task.ExecuteWithThreadLocal(Task& currentTaskSlot, Thread threadPoolThread)
--- End of stack trace from previous location ---
   at Microsoft.EntityFrameworkCore.Storage.RelationalCommand.ExecuteReaderAsync(RelationalCommandParameterObject parameterObject, CancellationToken cancellationToken)
   at Microsoft.EntityFrameworkCore.Storage.RelationalCommand.ExecuteReaderAsync(RelationalCommandParameterObject parameterObject, CancellationToken cancellationToken)
   at Microsoft.EntityFrameworkCore.Query.Internal.SingleQueryingEnumerable`1.AsyncEnumerator.InitializeReaderAsync(AsyncEnumerator enumerator, CancellationToken cancellationToken)
   at Microsoft.EntityFrameworkCore.SqlServer.Storage.Internal.SqlServerExecutionStrategy.ExecuteAsync[TState,TResult](TState state, Func`4 operation, Func`4 verifySucceeded, CancellationToken cancellationToken)
   at Microsoft.EntityFrameworkCore.Query.Internal.SingleQueryingEnumerable`1.AsyncEnumerator.MoveNextAsync()
ClientConnectionId:b56bc7b9-ed9b-4bd1-bc8b-bbe8c8d662db
Error Number:207,State:1,Class:16
2026-04-20 16:00:26.963 +07:00 [ERR] Đã xảy ra lỗi hệ thống (Unhandled Exception).
Microsoft.Data.SqlClient.SqlException (0x80131904): Invalid column name 'Domain'.
   at Microsoft.Data.SqlClient.SqlCommand.<>c.<ExecuteDbDataReaderAsync>b__195_0(Task`1 result)
   at System.Threading.Tasks.ContinuationResultTaskFromResultTask`2.InnerInvoke()
   at System.Threading.ExecutionContext.RunInternal(ExecutionContext executionContext, ContextCallback callback, Object state)
--- End of stack trace from previous location ---
   at System.Threading.ExecutionContext.RunInternal(ExecutionContext executionContext, ContextCallback callback, Object state)
   at System.Threading.Tasks.Task.ExecuteWithThreadLocal(Task& currentTaskSlot, Thread threadPoolThread)
--- End of stack trace from previous location ---
   at Microsoft.EntityFrameworkCore.Storage.RelationalCommand.ExecuteReaderAsync(RelationalCommandParameterObject parameterObject, CancellationToken cancellationToken)
   at Microsoft.EntityFrameworkCore.Storage.RelationalCommand.ExecuteReaderAsync(RelationalCommandParameterObject parameterObject, CancellationToken cancellationToken)
   at Microsoft.EntityFrameworkCore.Query.Internal.SingleQueryingEnumerable`1.AsyncEnumerator.InitializeReaderAsync(AsyncEnumerator enumerator, CancellationToken cancellationToken)
   at Microsoft.EntityFrameworkCore.SqlServer.Storage.Internal.SqlServerExecutionStrategy.ExecuteAsync[TState,TResult](TState state, Func`4 operation, Func`4 verifySucceeded, CancellationToken cancellationToken)
   at Microsoft.EntityFrameworkCore.Query.Internal.SingleQueryingEnumerable`1.AsyncEnumerator.MoveNextAsync()
   at Microsoft.EntityFrameworkCore.Query.ShapedQueryCompilingExpressionVisitor.SingleOrDefaultAsync[TSource](IAsyncEnumerable`1 asyncEnumerable, CancellationToken cancellationToken)
   at Microsoft.EntityFrameworkCore.Query.ShapedQueryCompilingExpressionVisitor.SingleOrDefaultAsync[TSource](IAsyncEnumerable`1 asyncEnumerable, CancellationToken cancellationToken)
   at SmartLMS.Business.ApiKeyService.ValidateKeyAsync(String apiKey) in C:\code\asp.net\SmartLMS.Business\ApiKeyService.cs:line 61
   at SmartLMS.Web.Security.ApiKeyAuthHandler.HandleAuthenticateAsync() in C:\code\asp.net\SmartLMS.Web\Security\ApiKeyAuthHandler.cs:line 46
   at Microsoft.AspNetCore.Authentication.AuthenticationHandler`1.AuthenticateAsync()
   at Microsoft.AspNetCore.Authentication.AuthenticationService.AuthenticateAsync(HttpContext context, String scheme)
   at Microsoft.AspNetCore.Authorization.Policy.PolicyEvaluator.AuthenticateAsync(AuthorizationPolicy policy, HttpContext context)
   at Microsoft.AspNetCore.Authorization.AuthorizationMiddleware.Invoke(HttpContext context)
   at Microsoft.AspNetCore.Authentication.AuthenticationMiddleware.Invoke(HttpContext context)
   at Prometheus.HttpMetrics.HttpRequestDurationMiddleware.Invoke(HttpContext context)
   at Prometheus.HttpMetrics.HttpRequestCountMiddleware.Invoke(HttpContext context)
   at Prometheus.HttpMetrics.HttpInProgressMiddleware.Invoke(HttpContext context)
   at Microsoft.AspNetCore.ResponseCompression.ResponseCompressionMiddleware.InvokeCore(HttpContext context)
   at Swashbuckle.AspNetCore.SwaggerUI.SwaggerUIMiddleware.Invoke(HttpContext httpContext)
   at Swashbuckle.AspNetCore.Swagger.SwaggerMiddleware.Invoke(HttpContext httpContext, ISwaggerProvider swaggerProvider)
   at SmartLMS.Web.Middlewares.ApiExceptionHandlerMiddleware.Invoke(HttpContext context) in C:\code\asp.net\SmartLMS.Web\Middlewares\ApiExceptionHandlerMiddleware.cs:line 24
ClientConnectionId:b56bc7b9-ed9b-4bd1-bc8b-bbe8c8d662db
Error Number:207,State:1,Class:16
2026-04-20 16:00:28.161 +07:00 [ERR] Failed executing DbCommand (4ms) [Parameters=[@__hashed_0='?' (Size = 4000)], CommandType='"Text"', CommandTimeout='30']
SELECT TOP(1) [a].[KeyId], [a].[CreatedAt], [a].[HashedKey], [a].[IsActive], [a].[KeyPreview], [a].[LastUsed], [a].[Name], [a].[OrganizationId], [o].[OrganizationId], [o].[CreatedAt], [o].[Domain], [o].[IsActive], [o].[Name], [o].[RateLimitTier]
FROM [ApiKeys] AS [a]
INNER JOIN [Organizations] AS [o] ON [a].[OrganizationId] = [o].[OrganizationId]
WHERE [a].[HashedKey] = @__hashed_0 AND [a].[IsActive] = CAST(1 AS bit)
2026-04-20 16:00:28.167 +07:00 [ERR] An exception occurred while iterating over the results of a query for context type 'SmartLMS.Data.SmartLMSContext'.
Microsoft.Data.SqlClient.SqlException (0x80131904): Invalid column name 'Domain'.
   at Microsoft.Data.SqlClient.SqlCommand.<>c.<ExecuteDbDataReaderAsync>b__195_0(Task`1 result)
   at System.Threading.Tasks.ContinuationResultTaskFromResultTask`2.InnerInvoke()
   at System.Threading.ExecutionContext.RunInternal(ExecutionContext executionContext, ContextCallback callback, Object state)
--- End of stack trace from previous location ---
   at System.Threading.ExecutionContext.RunInternal(ExecutionContext executionContext, ContextCallback callback, Object state)
   at System.Threading.Tasks.Task.ExecuteWithThreadLocal(Task& currentTaskSlot, Thread threadPoolThread)
--- End of stack trace from previous location ---
   at Microsoft.EntityFrameworkCore.Storage.RelationalCommand.ExecuteReaderAsync(RelationalCommandParameterObject parameterObject, CancellationToken cancellationToken)
   at Microsoft.EntityFrameworkCore.Storage.RelationalCommand.ExecuteReaderAsync(RelationalCommandParameterObject parameterObject, CancellationToken cancellationToken)
   at Microsoft.EntityFrameworkCore.Query.Internal.SingleQueryingEnumerable`1.AsyncEnumerator.InitializeReaderAsync(AsyncEnumerator enumerator, CancellationToken cancellationToken)
   at Microsoft.EntityFrameworkCore.SqlServer.Storage.Internal.SqlServerExecutionStrategy.ExecuteAsync[TState,TResult](TState state, Func`4 operation, Func`4 verifySucceeded, CancellationToken cancellationToken)
   at Microsoft.EntityFrameworkCore.Query.Internal.SingleQueryingEnumerable`1.AsyncEnumerator.MoveNextAsync()
ClientConnectionId:b56bc7b9-ed9b-4bd1-bc8b-bbe8c8d662db
Error Number:207,State:1,Class:16
Microsoft.Data.SqlClient.SqlException (0x80131904): Invalid column name 'Domain'.
   at Microsoft.Data.SqlClient.SqlCommand.<>c.<ExecuteDbDataReaderAsync>b__195_0(Task`1 result)
   at System.Threading.Tasks.ContinuationResultTaskFromResultTask`2.InnerInvoke()
   at System.Threading.ExecutionContext.RunInternal(ExecutionContext executionContext, ContextCallback callback, Object state)
--- End of stack trace from previous location ---
   at System.Threading.ExecutionContext.RunInternal(ExecutionContext executionContext, ContextCallback callback, Object state)
   at System.Threading.Tasks.Task.ExecuteWithThreadLocal(Task& currentTaskSlot, Thread threadPoolThread)
--- End of stack trace from previous location ---
   at Microsoft.EntityFrameworkCore.Storage.RelationalCommand.ExecuteReaderAsync(RelationalCommandParameterObject parameterObject, CancellationToken cancellationToken)
   at Microsoft.EntityFrameworkCore.Storage.RelationalCommand.ExecuteReaderAsync(RelationalCommandParameterObject parameterObject, CancellationToken cancellationToken)
   at Microsoft.EntityFrameworkCore.Query.Internal.SingleQueryingEnumerable`1.AsyncEnumerator.InitializeReaderAsync(AsyncEnumerator enumerator, CancellationToken cancellationToken)
   at Microsoft.EntityFrameworkCore.SqlServer.Storage.Internal.SqlServerExecutionStrategy.ExecuteAsync[TState,TResult](TState state, Func`4 operation, Func`4 verifySucceeded, CancellationToken cancellationToken)
   at Microsoft.EntityFrameworkCore.Query.Internal.SingleQueryingEnumerable`1.AsyncEnumerator.MoveNextAsync()
ClientConnectionId:b56bc7b9-ed9b-4bd1-bc8b-bbe8c8d662db
Error Number:207,State:1,Class:16
2026-04-20 16:00:28.182 +07:00 [ERR] Đã xảy ra lỗi hệ thống (Unhandled Exception).
Microsoft.Data.SqlClient.SqlException (0x80131904): Invalid column name 'Domain'.
   at Microsoft.Data.SqlClient.SqlCommand.<>c.<ExecuteDbDataReaderAsync>b__195_0(Task`1 result)
   at System.Threading.Tasks.ContinuationResultTaskFromResultTask`2.InnerInvoke()
   at System.Threading.ExecutionContext.RunInternal(ExecutionContext executionContext, ContextCallback callback, Object state)
--- End of stack trace from previous location ---
   at System.Threading.ExecutionContext.RunInternal(ExecutionContext executionContext, ContextCallback callback, Object state)
   at System.Threading.Tasks.Task.ExecuteWithThreadLocal(Task& currentTaskSlot, Thread threadPoolThread)
--- End of stack trace from previous location ---
   at Microsoft.EntityFrameworkCore.Storage.RelationalCommand.ExecuteReaderAsync(RelationalCommandParameterObject parameterObject, CancellationToken cancellationToken)
   at Microsoft.EntityFrameworkCore.Storage.RelationalCommand.ExecuteReaderAsync(RelationalCommandParameterObject parameterObject, CancellationToken cancellationToken)
   at Microsoft.EntityFrameworkCore.Query.Internal.SingleQueryingEnumerable`1.AsyncEnumerator.InitializeReaderAsync(AsyncEnumerator enumerator, CancellationToken cancellationToken)
   at Microsoft.EntityFrameworkCore.SqlServer.Storage.Internal.SqlServerExecutionStrategy.ExecuteAsync[TState,TResult](TState state, Func`4 operation, Func`4 verifySucceeded, CancellationToken cancellationToken)
   at Microsoft.EntityFrameworkCore.Query.Internal.SingleQueryingEnumerable`1.AsyncEnumerator.MoveNextAsync()
   at Microsoft.EntityFrameworkCore.Query.ShapedQueryCompilingExpressionVisitor.SingleOrDefaultAsync[TSource](IAsyncEnumerable`1 asyncEnumerable, CancellationToken cancellationToken)
   at Microsoft.EntityFrameworkCore.Query.ShapedQueryCompilingExpressionVisitor.SingleOrDefaultAsync[TSource](IAsyncEnumerable`1 asyncEnumerable, CancellationToken cancellationToken)
   at SmartLMS.Business.ApiKeyService.ValidateKeyAsync(String apiKey) in C:\code\asp.net\SmartLMS.Business\ApiKeyService.cs:line 61
   at SmartLMS.Web.Security.ApiKeyAuthHandler.HandleAuthenticateAsync() in C:\code\asp.net\SmartLMS.Web\Security\ApiKeyAuthHandler.cs:line 46
   at Microsoft.AspNetCore.Authentication.AuthenticationHandler`1.AuthenticateAsync()
   at Microsoft.AspNetCore.Authentication.AuthenticationService.AuthenticateAsync(HttpContext context, String scheme)
   at Microsoft.AspNetCore.Authorization.Policy.PolicyEvaluator.AuthenticateAsync(AuthorizationPolicy policy, HttpContext context)
   at Microsoft.AspNetCore.Authorization.AuthorizationMiddleware.Invoke(HttpContext context)
   at Microsoft.AspNetCore.Authentication.AuthenticationMiddleware.Invoke(HttpContext context)
   at Prometheus.HttpMetrics.HttpRequestDurationMiddleware.Invoke(HttpContext context)
   at Prometheus.HttpMetrics.HttpRequestCountMiddleware.Invoke(HttpContext context)
   at Prometheus.HttpMetrics.HttpInProgressMiddleware.Invoke(HttpContext context)
   at Microsoft.AspNetCore.ResponseCompression.ResponseCompressionMiddleware.InvokeCore(HttpContext context)
   at Swashbuckle.AspNetCore.SwaggerUI.SwaggerUIMiddleware.Invoke(HttpContext httpContext)
   at Swashbuckle.AspNetCore.Swagger.SwaggerMiddleware.Invoke(HttpContext httpContext, ISwaggerProvider swaggerProvider)
   at SmartLMS.Web.Middlewares.ApiExceptionHandlerMiddleware.Invoke(HttpContext context) in C:\code\asp.net\SmartLMS.Web\Middlewares\ApiExceptionHandlerMiddleware.cs:line 24
ClientConnectionId:b56bc7b9-ed9b-4bd1-bc8b-bbe8c8d662db
Error Number:207,State:1,Class:16
2026-04-20 16:00:29.455 +07:00 [ERR] Failed executing DbCommand (3ms) [Parameters=[@__hashed_0='?' (Size = 4000)], CommandType='"Text"', CommandTimeout='30']
SELECT TOP(1) [a].[KeyId], [a].[CreatedAt], [a].[HashedKey], [a].[IsActive], [a].[KeyPreview], [a].[LastUsed], [a].[Name], [a].[OrganizationId], [o].[OrganizationId], [o].[CreatedAt], [o].[Domain], [o].[IsActive], [o].[Name], [o].[RateLimitTier]
FROM [ApiKeys] AS [a]
INNER JOIN [Organizations] AS [o] ON [a].[OrganizationId] = [o].[OrganizationId]
WHERE [a].[HashedKey] = @__hashed_0 AND [a].[IsActive] = CAST(1 AS bit)
2026-04-20 16:00:29.461 +07:00 [ERR] An exception occurred while iterating over the results of a query for context type 'SmartLMS.Data.SmartLMSContext'.
Microsoft.Data.SqlClient.SqlException (0x80131904): Invalid column name 'Domain'.
   at Microsoft.Data.SqlClient.SqlCommand.<>c.<ExecuteDbDataReaderAsync>b__195_0(Task`1 result)
   at System.Threading.Tasks.ContinuationResultTaskFromResultTask`2.InnerInvoke()
   at System.Threading.ExecutionContext.RunInternal(ExecutionContext executionContext, ContextCallback callback, Object state)
--- End of stack trace from previous location ---
   at System.Threading.ExecutionContext.RunInternal(ExecutionContext executionContext, ContextCallback callback, Object state)
   at System.Threading.Tasks.Task.ExecuteWithThreadLocal(Task& currentTaskSlot, Thread threadPoolThread)
--- End of stack trace from previous location ---
   at Microsoft.EntityFrameworkCore.Storage.RelationalCommand.ExecuteReaderAsync(RelationalCommandParameterObject parameterObject, CancellationToken cancellationToken)
   at Microsoft.EntityFrameworkCore.Storage.RelationalCommand.ExecuteReaderAsync(RelationalCommandParameterObject parameterObject, CancellationToken cancellationToken)
   at Microsoft.EntityFrameworkCore.Query.Internal.SingleQueryingEnumerable`1.AsyncEnumerator.InitializeReaderAsync(AsyncEnumerator enumerator, CancellationToken cancellationToken)
   at Microsoft.EntityFrameworkCore.SqlServer.Storage.Internal.SqlServerExecutionStrategy.ExecuteAsync[TState,TResult](TState state, Func`4 operation, Func`4 verifySucceeded, CancellationToken cancellationToken)
   at Microsoft.EntityFrameworkCore.Query.Internal.SingleQueryingEnumerable`1.AsyncEnumerator.MoveNextAsync()
ClientConnectionId:b56bc7b9-ed9b-4bd1-bc8b-bbe8c8d662db
Error Number:207,State:1,Class:16
Microsoft.Data.SqlClient.SqlException (0x80131904): Invalid column name 'Domain'.
   at Microsoft.Data.SqlClient.SqlCommand.<>c.<ExecuteDbDataReaderAsync>b__195_0(Task`1 result)
   at System.Threading.Tasks.ContinuationResultTaskFromResultTask`2.InnerInvoke()
   at System.Threading.ExecutionContext.RunInternal(ExecutionContext executionContext, ContextCallback callback, Object state)
--- End of stack trace from previous location ---
   at System.Threading.ExecutionContext.RunInternal(ExecutionContext executionContext, ContextCallback callback, Object state)
   at System.Threading.Tasks.Task.ExecuteWithThreadLocal(Task& currentTaskSlot, Thread threadPoolThread)
--- End of stack trace from previous location ---
   at Microsoft.EntityFrameworkCore.Storage.RelationalCommand.ExecuteReaderAsync(RelationalCommandParameterObject parameterObject, CancellationToken cancellationToken)
   at Microsoft.EntityFrameworkCore.Storage.RelationalCommand.ExecuteReaderAsync(RelationalCommandParameterObject parameterObject, CancellationToken cancellationToken)
   at Microsoft.EntityFrameworkCore.Query.Internal.SingleQueryingEnumerable`1.AsyncEnumerator.InitializeReaderAsync(AsyncEnumerator enumerator, CancellationToken cancellationToken)
   at Microsoft.EntityFrameworkCore.SqlServer.Storage.Internal.SqlServerExecutionStrategy.ExecuteAsync[TState,TResult](TState state, Func`4 operation, Func`4 verifySucceeded, CancellationToken cancellationToken)
   at Microsoft.EntityFrameworkCore.Query.Internal.SingleQueryingEnumerable`1.AsyncEnumerator.MoveNextAsync()
ClientConnectionId:b56bc7b9-ed9b-4bd1-bc8b-bbe8c8d662db
Error Number:207,State:1,Class:16
2026-04-20 16:00:29.474 +07:00 [ERR] Đã xảy ra lỗi hệ thống (Unhandled Exception).
Microsoft.Data.SqlClient.SqlException (0x80131904): Invalid column name 'Domain'.
   at Microsoft.Data.SqlClient.SqlCommand.<>c.<ExecuteDbDataReaderAsync>b__195_0(Task`1 result)
   at System.Threading.Tasks.ContinuationResultTaskFromResultTask`2.InnerInvoke()
   at System.Threading.ExecutionContext.RunInternal(ExecutionContext executionContext, ContextCallback callback, Object state)
--- End of stack trace from previous location ---
   at System.Threading.ExecutionContext.RunInternal(ExecutionContext executionContext, ContextCallback callback, Object state)
   at System.Threading.Tasks.Task.ExecuteWithThreadLocal(Task& currentTaskSlot, Thread threadPoolThread)
--- End of stack trace from previous location ---
   at Microsoft.EntityFrameworkCore.Storage.RelationalCommand.ExecuteReaderAsync(RelationalCommandParameterObject parameterObject, CancellationToken cancellationToken)
   at Microsoft.EntityFrameworkCore.Storage.RelationalCommand.ExecuteReaderAsync(RelationalCommandParameterObject parameterObject, CancellationToken cancellationToken)
   at Microsoft.EntityFrameworkCore.Query.Internal.SingleQueryingEnumerable`1.AsyncEnumerator.InitializeReaderAsync(AsyncEnumerator enumerator, CancellationToken cancellationToken)
   at Microsoft.EntityFrameworkCore.SqlServer.Storage.Internal.SqlServerExecutionStrategy.ExecuteAsync[TState,TResult](TState state, Func`4 operation, Func`4 verifySucceeded, CancellationToken cancellationToken)
   at Microsoft.EntityFrameworkCore.Query.Internal.SingleQueryingEnumerable`1.AsyncEnumerator.MoveNextAsync()
   at Microsoft.EntityFrameworkCore.Query.ShapedQueryCompilingExpressionVisitor.SingleOrDefaultAsync[TSource](IAsyncEnumerable`1 asyncEnumerable, CancellationToken cancellationToken)
   at Microsoft.EntityFrameworkCore.Query.ShapedQueryCompilingExpressionVisitor.SingleOrDefaultAsync[TSource](IAsyncEnumerable`1 asyncEnumerable, CancellationToken cancellationToken)
   at SmartLMS.Business.ApiKeyService.ValidateKeyAsync(String apiKey) in C:\code\asp.net\SmartLMS.Business\ApiKeyService.cs:line 61
   at SmartLMS.Web.Security.ApiKeyAuthHandler.HandleAuthenticateAsync() in C:\code\asp.net\SmartLMS.Web\Security\ApiKeyAuthHandler.cs:line 46
   at Microsoft.AspNetCore.Authentication.AuthenticationHandler`1.AuthenticateAsync()
   at Microsoft.AspNetCore.Authentication.AuthenticationService.AuthenticateAsync(HttpContext context, String scheme)
   at Microsoft.AspNetCore.Authorization.Policy.PolicyEvaluator.AuthenticateAsync(AuthorizationPolicy policy, HttpContext context)
   at Microsoft.AspNetCore.Authorization.AuthorizationMiddleware.Invoke(HttpContext context)
   at Microsoft.AspNetCore.Authentication.AuthenticationMiddleware.Invoke(HttpContext context)
   at Prometheus.HttpMetrics.HttpRequestDurationMiddleware.Invoke(HttpContext context)
   at Prometheus.HttpMetrics.HttpRequestCountMiddleware.Invoke(HttpContext context)
   at Prometheus.HttpMetrics.HttpInProgressMiddleware.Invoke(HttpContext context)
   at Microsoft.AspNetCore.ResponseCompression.ResponseCompressionMiddleware.InvokeCore(HttpContext context)
   at Swashbuckle.AspNetCore.SwaggerUI.SwaggerUIMiddleware.Invoke(HttpContext httpContext)
   at Swashbuckle.AspNetCore.Swagger.SwaggerMiddleware.Invoke(HttpContext httpContext, ISwaggerProvider swaggerProvider)
   at SmartLMS.Web.Middlewares.ApiExceptionHandlerMiddleware.Invoke(HttpContext context) in C:\code\asp.net\SmartLMS.Web\Middlewares\ApiExceptionHandlerMiddleware.cs:line 24
ClientConnectionId:b56bc7b9-ed9b-4bd1-bc8b-bbe8c8d662db
Error Number:207,State:1,Class:16
2026-04-20 16:00:29.621 +07:00 [ERR] Failed executing DbCommand (5ms) [Parameters=[@__hashed_0='?' (Size = 4000)], CommandType='"Text"', CommandTimeout='30']
SELECT TOP(1) [a].[KeyId], [a].[CreatedAt], [a].[HashedKey], [a].[IsActive], [a].[KeyPreview], [a].[LastUsed], [a].[Name], [a].[OrganizationId], [o].[OrganizationId], [o].[CreatedAt], [o].[Domain], [o].[IsActive], [o].[Name], [o].[RateLimitTier]
FROM [ApiKeys] AS [a]
INNER JOIN [Organizations] AS [o] ON [a].[OrganizationId] = [o].[OrganizationId]
WHERE [a].[HashedKey] = @__hashed_0 AND [a].[IsActive] = CAST(1 AS bit)
2026-04-20 16:00:29.628 +07:00 [ERR] An exception occurred while iterating over the results of a query for context type 'SmartLMS.Data.SmartLMSContext'.
Microsoft.Data.SqlClient.SqlException (0x80131904): Invalid column name 'Domain'.
   at Microsoft.Data.SqlClient.SqlCommand.<>c.<ExecuteDbDataReaderAsync>b__195_0(Task`1 result)
   at System.Threading.Tasks.ContinuationResultTaskFromResultTask`2.InnerInvoke()
   at System.Threading.ExecutionContext.RunInternal(ExecutionContext executionContext, ContextCallback callback, Object state)
--- End of stack trace from previous location ---
   at System.Threading.ExecutionContext.RunInternal(ExecutionContext executionContext, ContextCallback callback, Object state)
   at System.Threading.Tasks.Task.ExecuteWithThreadLocal(Task& currentTaskSlot, Thread threadPoolThread)
--- End of stack trace from previous location ---
   at Microsoft.EntityFrameworkCore.Storage.RelationalCommand.ExecuteReaderAsync(RelationalCommandParameterObject parameterObject, CancellationToken cancellationToken)
   at Microsoft.EntityFrameworkCore.Storage.RelationalCommand.ExecuteReaderAsync(RelationalCommandParameterObject parameterObject, CancellationToken cancellationToken)
   at Microsoft.EntityFrameworkCore.Query.Internal.SingleQueryingEnumerable`1.AsyncEnumerator.InitializeReaderAsync(AsyncEnumerator enumerator, CancellationToken cancellationToken)
   at Microsoft.EntityFrameworkCore.SqlServer.Storage.Internal.SqlServerExecutionStrategy.ExecuteAsync[TState,TResult](TState state, Func`4 operation, Func`4 verifySucceeded, CancellationToken cancellationToken)
   at Microsoft.EntityFrameworkCore.Query.Internal.SingleQueryingEnumerable`1.AsyncEnumerator.MoveNextAsync()
ClientConnectionId:b56bc7b9-ed9b-4bd1-bc8b-bbe8c8d662db
Error Number:207,State:1,Class:16
Microsoft.Data.SqlClient.SqlException (0x80131904): Invalid column name 'Domain'.
   at Microsoft.Data.SqlClient.SqlCommand.<>c.<ExecuteDbDataReaderAsync>b__195_0(Task`1 result)
   at System.Threading.Tasks.ContinuationResultTaskFromResultTask`2.InnerInvoke()
   at System.Threading.ExecutionContext.RunInternal(ExecutionContext executionContext, ContextCallback callback, Object state)
--- End of stack trace from previous location ---
   at System.Threading.ExecutionContext.RunInternal(ExecutionContext executionContext, ContextCallback callback, Object state)
   at System.Threading.Tasks.Task.ExecuteWithThreadLocal(Task& currentTaskSlot, Thread threadPoolThread)
--- End of stack trace from previous location ---
   at Microsoft.EntityFrameworkCore.Storage.RelationalCommand.ExecuteReaderAsync(RelationalCommandParameterObject parameterObject, CancellationToken cancellationToken)
   at Microsoft.EntityFrameworkCore.Storage.RelationalCommand.ExecuteReaderAsync(RelationalCommandParameterObject parameterObject, CancellationToken cancellationToken)
   at Microsoft.EntityFrameworkCore.Query.Internal.SingleQueryingEnumerable`1.AsyncEnumerator.InitializeReaderAsync(AsyncEnumerator enumerator, CancellationToken cancellationToken)
   at Microsoft.EntityFrameworkCore.SqlServer.Storage.Internal.SqlServerExecutionStrategy.ExecuteAsync[TState,TResult](TState state, Func`4 operation, Func`4 verifySucceeded, CancellationToken cancellationToken)
   at Microsoft.EntityFrameworkCore.Query.Internal.SingleQueryingEnumerable`1.AsyncEnumerator.MoveNextAsync()
ClientConnectionId:b56bc7b9-ed9b-4bd1-bc8b-bbe8c8d662db
Error Number:207,State:1,Class:16
2026-04-20 16:00:29.653 +07:00 [ERR] Đã xảy ra lỗi hệ thống (Unhandled Exception).
Microsoft.Data.SqlClient.SqlException (0x80131904): Invalid column name 'Domain'.
   at Microsoft.Data.SqlClient.SqlCommand.<>c.<ExecuteDbDataReaderAsync>b__195_0(Task`1 result)
   at System.Threading.Tasks.ContinuationResultTaskFromResultTask`2.InnerInvoke()
   at System.Threading.ExecutionContext.RunInternal(ExecutionContext executionContext, ContextCallback callback, Object state)
--- End of stack trace from previous location ---
   at System.Threading.ExecutionContext.RunInternal(ExecutionContext executionContext, ContextCallback callback, Object state)
   at System.Threading.Tasks.Task.ExecuteWithThreadLocal(Task& currentTaskSlot, Thread threadPoolThread)
--- End of stack trace from previous location ---
   at Microsoft.EntityFrameworkCore.Storage.RelationalCommand.ExecuteReaderAsync(RelationalCommandParameterObject parameterObject, CancellationToken cancellationToken)
   at Microsoft.EntityFrameworkCore.Storage.RelationalCommand.ExecuteReaderAsync(RelationalCommandParameterObject parameterObject, CancellationToken cancellationToken)
   at Microsoft.EntityFrameworkCore.Query.Internal.SingleQueryingEnumerable`1.AsyncEnumerator.InitializeReaderAsync(AsyncEnumerator enumerator, CancellationToken cancellationToken)
   at Microsoft.EntityFrameworkCore.SqlServer.Storage.Internal.SqlServerExecutionStrategy.ExecuteAsync[TState,TResult](TState state, Func`4 operation, Func`4 verifySucceeded, CancellationToken cancellationToken)
   at Microsoft.EntityFrameworkCore.Query.Internal.SingleQueryingEnumerable`1.AsyncEnumerator.MoveNextAsync()
   at Microsoft.EntityFrameworkCore.Query.ShapedQueryCompilingExpressionVisitor.SingleOrDefaultAsync[TSource](IAsyncEnumerable`1 asyncEnumerable, CancellationToken cancellationToken)
   at Microsoft.EntityFrameworkCore.Query.ShapedQueryCompilingExpressionVisitor.SingleOrDefaultAsync[TSource](IAsyncEnumerable`1 asyncEnumerable, CancellationToken cancellationToken)
   at SmartLMS.Business.ApiKeyService.ValidateKeyAsync(String apiKey) in C:\code\asp.net\SmartLMS.Business\ApiKeyService.cs:line 61
   at SmartLMS.Web.Security.ApiKeyAuthHandler.HandleAuthenticateAsync() in C:\code\asp.net\SmartLMS.Web\Security\ApiKeyAuthHandler.cs:line 46
   at Microsoft.AspNetCore.Authentication.AuthenticationHandler`1.AuthenticateAsync()
   at Microsoft.AspNetCore.Authentication.AuthenticationService.AuthenticateAsync(HttpContext context, String scheme)
   at Microsoft.AspNetCore.Authorization.Policy.PolicyEvaluator.AuthenticateAsync(AuthorizationPolicy policy, HttpContext context)
   at Microsoft.AspNetCore.Authorization.AuthorizationMiddleware.Invoke(HttpContext context)
   at Microsoft.AspNetCore.Authentication.AuthenticationMiddleware.Invoke(HttpContext context)
   at Prometheus.HttpMetrics.HttpRequestDurationMiddleware.Invoke(HttpContext context)
   at Prometheus.HttpMetrics.HttpRequestCountMiddleware.Invoke(HttpContext context)
   at Prometheus.HttpMetrics.HttpInProgressMiddleware.Invoke(HttpContext context)
   at Microsoft.AspNetCore.ResponseCompression.ResponseCompressionMiddleware.InvokeCore(HttpContext context)
   at Swashbuckle.AspNetCore.SwaggerUI.SwaggerUIMiddleware.Invoke(HttpContext httpContext)
   at Swashbuckle.AspNetCore.Swagger.SwaggerMiddleware.Invoke(HttpContext httpContext, ISwaggerProvider swaggerProvider)
   at SmartLMS.Web.Middlewares.ApiExceptionHandlerMiddleware.Invoke(HttpContext context) in C:\code\asp.net\SmartLMS.Web\Middlewares\ApiExceptionHandlerMiddleware.cs:line 24
ClientConnectionId:b56bc7b9-ed9b-4bd1-bc8b-bbe8c8d662db
Error Number:207,State:1,Class:16
2026-04-20 16:00:29.789 +07:00 [ERR] Failed executing DbCommand (9ms) [Parameters=[@__hashed_0='?' (Size = 4000)], CommandType='"Text"', CommandTimeout='30']
SELECT TOP(1) [a].[KeyId], [a].[CreatedAt], [a].[HashedKey], [a].[IsActive], [a].[KeyPreview], [a].[LastUsed], [a].[Name], [a].[OrganizationId], [o].[OrganizationId], [o].[CreatedAt], [o].[Domain], [o].[IsActive], [o].[Name], [o].[RateLimitTier]
FROM [ApiKeys] AS [a]
INNER JOIN [Organizations] AS [o] ON [a].[OrganizationId] = [o].[OrganizationId]
WHERE [a].[HashedKey] = @__hashed_0 AND [a].[IsActive] = CAST(1 AS bit)
2026-04-20 16:00:29.798 +07:00 [ERR] An exception occurred while iterating over the results of a query for context type 'SmartLMS.Data.SmartLMSContext'.
Microsoft.Data.SqlClient.SqlException (0x80131904): Invalid column name 'Domain'.
   at Microsoft.Data.SqlClient.SqlCommand.<>c.<ExecuteDbDataReaderAsync>b__195_0(Task`1 result)
   at System.Threading.Tasks.ContinuationResultTaskFromResultTask`2.InnerInvoke()
   at System.Threading.ExecutionContext.RunInternal(ExecutionContext executionContext, ContextCallback callback, Object state)
--- End of stack trace from previous location ---
   at System.Threading.ExecutionContext.RunInternal(ExecutionContext executionContext, ContextCallback callback, Object state)
   at System.Threading.Tasks.Task.ExecuteWithThreadLocal(Task& currentTaskSlot, Thread threadPoolThread)
--- End of stack trace from previous location ---
   at Microsoft.EntityFrameworkCore.Storage.RelationalCommand.ExecuteReaderAsync(RelationalCommandParameterObject parameterObject, CancellationToken cancellationToken)
   at Microsoft.EntityFrameworkCore.Storage.RelationalCommand.ExecuteReaderAsync(RelationalCommandParameterObject parameterObject, CancellationToken cancellationToken)
   at Microsoft.EntityFrameworkCore.Query.Internal.SingleQueryingEnumerable`1.AsyncEnumerator.InitializeReaderAsync(AsyncEnumerator enumerator, CancellationToken cancellationToken)
   at Microsoft.EntityFrameworkCore.SqlServer.Storage.Internal.SqlServerExecutionStrategy.ExecuteAsync[TState,TResult](TState state, Func`4 operation, Func`4 verifySucceeded, CancellationToken cancellationToken)
   at Microsoft.EntityFrameworkCore.Query.Internal.SingleQueryingEnumerable`1.AsyncEnumerator.MoveNextAsync()
ClientConnectionId:b56bc7b9-ed9b-4bd1-bc8b-bbe8c8d662db
Error Number:207,State:1,Class:16
Microsoft.Data.SqlClient.SqlException (0x80131904): Invalid column name 'Domain'.
   at Microsoft.Data.SqlClient.SqlCommand.<>c.<ExecuteDbDataReaderAsync>b__195_0(Task`1 result)
   at System.Threading.Tasks.ContinuationResultTaskFromResultTask`2.InnerInvoke()
   at System.Threading.ExecutionContext.RunInternal(ExecutionContext executionContext, ContextCallback callback, Object state)
--- End of stack trace from previous location ---
   at System.Threading.ExecutionContext.RunInternal(ExecutionContext executionContext, ContextCallback callback, Object state)
   at System.Threading.Tasks.Task.ExecuteWithThreadLocal(Task& currentTaskSlot, Thread threadPoolThread)
--- End of stack trace from previous location ---
   at Microsoft.EntityFrameworkCore.Storage.RelationalCommand.ExecuteReaderAsync(RelationalCommandParameterObject parameterObject, CancellationToken cancellationToken)
   at Microsoft.EntityFrameworkCore.Storage.RelationalCommand.ExecuteReaderAsync(RelationalCommandParameterObject parameterObject, CancellationToken cancellationToken)
   at Microsoft.EntityFrameworkCore.Query.Internal.SingleQueryingEnumerable`1.AsyncEnumerator.InitializeReaderAsync(AsyncEnumerator enumerator, CancellationToken cancellationToken)
   at Microsoft.EntityFrameworkCore.SqlServer.Storage.Internal.SqlServerExecutionStrategy.ExecuteAsync[TState,TResult](TState state, Func`4 operation, Func`4 verifySucceeded, CancellationToken cancellationToken)
   at Microsoft.EntityFrameworkCore.Query.Internal.SingleQueryingEnumerable`1.AsyncEnumerator.MoveNextAsync()
ClientConnectionId:b56bc7b9-ed9b-4bd1-bc8b-bbe8c8d662db
Error Number:207,State:1,Class:16
2026-04-20 16:00:29.818 +07:00 [ERR] Đã xảy ra lỗi hệ thống (Unhandled Exception).
Microsoft.Data.SqlClient.SqlException (0x80131904): Invalid column name 'Domain'.
   at Microsoft.Data.SqlClient.SqlCommand.<>c.<ExecuteDbDataReaderAsync>b__195_0(Task`1 result)
   at System.Threading.Tasks.ContinuationResultTaskFromResultTask`2.InnerInvoke()
   at System.Threading.ExecutionContext.RunInternal(ExecutionContext executionContext, ContextCallback callback, Object state)
--- End of stack trace from previous location ---
   at System.Threading.ExecutionContext.RunInternal(ExecutionContext executionContext, ContextCallback callback, Object state)
   at System.Threading.Tasks.Task.ExecuteWithThreadLocal(Task& currentTaskSlot, Thread threadPoolThread)
--- End of stack trace from previous location ---
   at Microsoft.EntityFrameworkCore.Storage.RelationalCommand.ExecuteReaderAsync(RelationalCommandParameterObject parameterObject, CancellationToken cancellationToken)
   at Microsoft.EntityFrameworkCore.Storage.RelationalCommand.ExecuteReaderAsync(RelationalCommandParameterObject parameterObject, CancellationToken cancellationToken)
   at Microsoft.EntityFrameworkCore.Query.Internal.SingleQueryingEnumerable`1.AsyncEnumerator.InitializeReaderAsync(AsyncEnumerator enumerator, CancellationToken cancellationToken)
   at Microsoft.EntityFrameworkCore.SqlServer.Storage.Internal.SqlServerExecutionStrategy.ExecuteAsync[TState,TResult](TState state, Func`4 operation, Func`4 verifySucceeded, CancellationToken cancellationToken)
   at Microsoft.EntityFrameworkCore.Query.Internal.SingleQueryingEnumerable`1.AsyncEnumerator.MoveNextAsync()
   at Microsoft.EntityFrameworkCore.Query.ShapedQueryCompilingExpressionVisitor.SingleOrDefaultAsync[TSource](IAsyncEnumerable`1 asyncEnumerable, CancellationToken cancellationToken)
   at Microsoft.EntityFrameworkCore.Query.ShapedQueryCompilingExpressionVisitor.SingleOrDefaultAsync[TSource](IAsyncEnumerable`1 asyncEnumerable, CancellationToken cancellationToken)
   at SmartLMS.Business.ApiKeyService.ValidateKeyAsync(String apiKey) in C:\code\asp.net\SmartLMS.Business\ApiKeyService.cs:line 61
   at SmartLMS.Web.Security.ApiKeyAuthHandler.HandleAuthenticateAsync() in C:\code\asp.net\SmartLMS.Web\Security\ApiKeyAuthHandler.cs:line 46
   at Microsoft.AspNetCore.Authentication.AuthenticationHandler`1.AuthenticateAsync()
   at Microsoft.AspNetCore.Authentication.AuthenticationService.AuthenticateAsync(HttpContext context, String scheme)
   at Microsoft.AspNetCore.Authorization.Policy.PolicyEvaluator.AuthenticateAsync(AuthorizationPolicy policy, HttpContext context)
   at Microsoft.AspNetCore.Authorization.AuthorizationMiddleware.Invoke(HttpContext context)
   at Microsoft.AspNetCore.Authentication.AuthenticationMiddleware.Invoke(HttpContext context)
   at Prometheus.HttpMetrics.HttpRequestDurationMiddleware.Invoke(HttpContext context)
   at Prometheus.HttpMetrics.HttpRequestCountMiddleware.Invoke(HttpContext context)
   at Prometheus.HttpMetrics.HttpInProgressMiddleware.Invoke(HttpContext context)
   at Microsoft.AspNetCore.ResponseCompression.ResponseCompressionMiddleware.InvokeCore(HttpContext context)
   at Swashbuckle.AspNetCore.SwaggerUI.SwaggerUIMiddleware.Invoke(HttpContext httpContext)
   at Swashbuckle.AspNetCore.Swagger.SwaggerMiddleware.Invoke(HttpContext httpContext, ISwaggerProvider swaggerProvider)
   at SmartLMS.Web.Middlewares.ApiExceptionHandlerMiddleware.Invoke(HttpContext context) in C:\code\asp.net\SmartLMS.Web\Middlewares\ApiExceptionHandlerMiddleware.cs:line 24
ClientConnectionId:b56bc7b9-ed9b-4bd1-bc8b-bbe8c8d662db
Error Number:207,State:1,Class:16
2026-04-20 16:00:29.942 +07:00 [ERR] Failed executing DbCommand (3ms) [Parameters=[@__hashed_0='?' (Size = 4000)], CommandType='"Text"', CommandTimeout='30']
SELECT TOP(1) [a].[KeyId], [a].[CreatedAt], [a].[HashedKey], [a].[IsActive], [a].[KeyPreview], [a].[LastUsed], [a].[Name], [a].[OrganizationId], [o].[OrganizationId], [o].[CreatedAt], [o].[Domain], [o].[IsActive], [o].[Name], [o].[RateLimitTier]
FROM [ApiKeys] AS [a]
INNER JOIN [Organizations] AS [o] ON [a].[OrganizationId] = [o].[OrganizationId]
WHERE [a].[HashedKey] = @__hashed_0 AND [a].[IsActive] = CAST(1 AS bit)
2026-04-20 16:00:29.950 +07:00 [ERR] An exception occurred while iterating over the results of a query for context type 'SmartLMS.Data.SmartLMSContext'.
Microsoft.Data.SqlClient.SqlException (0x80131904): Invalid column name 'Domain'.
   at Microsoft.Data.SqlClient.SqlCommand.<>c.<ExecuteDbDataReaderAsync>b__195_0(Task`1 result)
   at System.Threading.Tasks.ContinuationResultTaskFromResultTask`2.InnerInvoke()
   at System.Threading.ExecutionContext.RunInternal(ExecutionContext executionContext, ContextCallback callback, Object state)
--- End of stack trace from previous location ---
   at System.Threading.ExecutionContext.RunInternal(ExecutionContext executionContext, ContextCallback callback, Object state)
   at System.Threading.Tasks.Task.ExecuteWithThreadLocal(Task& currentTaskSlot, Thread threadPoolThread)
--- End of stack trace from previous location ---
   at Microsoft.EntityFrameworkCore.Storage.RelationalCommand.ExecuteReaderAsync(RelationalCommandParameterObject parameterObject, CancellationToken cancellationToken)
   at Microsoft.EntityFrameworkCore.Storage.RelationalCommand.ExecuteReaderAsync(RelationalCommandParameterObject parameterObject, CancellationToken cancellationToken)
   at Microsoft.EntityFrameworkCore.Query.Internal.SingleQueryingEnumerable`1.AsyncEnumerator.InitializeReaderAsync(AsyncEnumerator enumerator, CancellationToken cancellationToken)
   at Microsoft.EntityFrameworkCore.SqlServer.Storage.Internal.SqlServerExecutionStrategy.ExecuteAsync[TState,TResult](TState state, Func`4 operation, Func`4 verifySucceeded, CancellationToken cancellationToken)
   at Microsoft.EntityFrameworkCore.Query.Internal.SingleQueryingEnumerable`1.AsyncEnumerator.MoveNextAsync()
ClientConnectionId:b56bc7b9-ed9b-4bd1-bc8b-bbe8c8d662db
Error Number:207,State:1,Class:16
Microsoft.Data.SqlClient.SqlException (0x80131904): Invalid column name 'Domain'.
   at Microsoft.Data.SqlClient.SqlCommand.<>c.<ExecuteDbDataReaderAsync>b__195_0(Task`1 result)
   at System.Threading.Tasks.ContinuationResultTaskFromResultTask`2.InnerInvoke()
   at System.Threading.ExecutionContext.RunInternal(ExecutionContext executionContext, ContextCallback callback, Object state)
--- End of stack trace from previous location ---
   at System.Threading.ExecutionContext.RunInternal(ExecutionContext executionContext, ContextCallback callback, Object state)
   at System.Threading.Tasks.Task.ExecuteWithThreadLocal(Task& currentTaskSlot, Thread threadPoolThread)
--- End of stack trace from previous location ---
   at Microsoft.EntityFrameworkCore.Storage.RelationalCommand.ExecuteReaderAsync(RelationalCommandParameterObject parameterObject, CancellationToken cancellationToken)
   at Microsoft.EntityFrameworkCore.Storage.RelationalCommand.ExecuteReaderAsync(RelationalCommandParameterObject parameterObject, CancellationToken cancellationToken)
   at Microsoft.EntityFrameworkCore.Query.Internal.SingleQueryingEnumerable`1.AsyncEnumerator.InitializeReaderAsync(AsyncEnumerator enumerator, CancellationToken cancellationToken)
   at Microsoft.EntityFrameworkCore.SqlServer.Storage.Internal.SqlServerExecutionStrategy.ExecuteAsync[TState,TResult](TState state, Func`4 operation, Func`4 verifySucceeded, CancellationToken cancellationToken)
   at Microsoft.EntityFrameworkCore.Query.Internal.SingleQueryingEnumerable`1.AsyncEnumerator.MoveNextAsync()
ClientConnectionId:b56bc7b9-ed9b-4bd1-bc8b-bbe8c8d662db
Error Number:207,State:1,Class:16
2026-04-20 16:00:29.969 +07:00 [ERR] Đã xảy ra lỗi hệ thống (Unhandled Exception).
Microsoft.Data.SqlClient.SqlException (0x80131904): Invalid column name 'Domain'.
   at Microsoft.Data.SqlClient.SqlCommand.<>c.<ExecuteDbDataReaderAsync>b__195_0(Task`1 result)
   at System.Threading.Tasks.ContinuationResultTaskFromResultTask`2.InnerInvoke()
   at System.Threading.ExecutionContext.RunInternal(ExecutionContext executionContext, ContextCallback callback, Object state)
--- End of stack trace from previous location ---
   at System.Threading.ExecutionContext.RunInternal(ExecutionContext executionContext, ContextCallback callback, Object state)
   at System.Threading.Tasks.Task.ExecuteWithThreadLocal(Task& currentTaskSlot, Thread threadPoolThread)
--- End of stack trace from previous location ---
   at Microsoft.EntityFrameworkCore.Storage.RelationalCommand.ExecuteReaderAsync(RelationalCommandParameterObject parameterObject, CancellationToken cancellationToken)
   at Microsoft.EntityFrameworkCore.Storage.RelationalCommand.ExecuteReaderAsync(RelationalCommandParameterObject parameterObject, CancellationToken cancellationToken)
   at Microsoft.EntityFrameworkCore.Query.Internal.SingleQueryingEnumerable`1.AsyncEnumerator.InitializeReaderAsync(AsyncEnumerator enumerator, CancellationToken cancellationToken)
   at Microsoft.EntityFrameworkCore.SqlServer.Storage.Internal.SqlServerExecutionStrategy.ExecuteAsync[TState,TResult](TState state, Func`4 operation, Func`4 verifySucceeded, CancellationToken cancellationToken)
   at Microsoft.EntityFrameworkCore.Query.Internal.SingleQueryingEnumerable`1.AsyncEnumerator.MoveNextAsync()
   at Microsoft.EntityFrameworkCore.Query.ShapedQueryCompilingExpressionVisitor.SingleOrDefaultAsync[TSource](IAsyncEnumerable`1 asyncEnumerable, CancellationToken cancellationToken)
   at Microsoft.EntityFrameworkCore.Query.ShapedQueryCompilingExpressionVisitor.SingleOrDefaultAsync[TSource](IAsyncEnumerable`1 asyncEnumerable, CancellationToken cancellationToken)
   at SmartLMS.Business.ApiKeyService.ValidateKeyAsync(String apiKey) in C:\code\asp.net\SmartLMS.Business\ApiKeyService.cs:line 61
   at SmartLMS.Web.Security.ApiKeyAuthHandler.HandleAuthenticateAsync() in C:\code\asp.net\SmartLMS.Web\Security\ApiKeyAuthHandler.cs:line 46
   at Microsoft.AspNetCore.Authentication.AuthenticationHandler`1.AuthenticateAsync()
   at Microsoft.AspNetCore.Authentication.AuthenticationService.AuthenticateAsync(HttpContext context, String scheme)
   at Microsoft.AspNetCore.Authorization.Policy.PolicyEvaluator.AuthenticateAsync(AuthorizationPolicy policy, HttpContext context)
   at Microsoft.AspNetCore.Authorization.AuthorizationMiddleware.Invoke(HttpContext context)
   at Microsoft.AspNetCore.Authentication.AuthenticationMiddleware.Invoke(HttpContext context)
   at Prometheus.HttpMetrics.HttpRequestDurationMiddleware.Invoke(HttpContext context)
   at Prometheus.HttpMetrics.HttpRequestCountMiddleware.Invoke(HttpContext context)
   at Prometheus.HttpMetrics.HttpInProgressMiddleware.Invoke(HttpContext context)
   at Microsoft.AspNetCore.ResponseCompression.ResponseCompressionMiddleware.InvokeCore(HttpContext context)
   at Swashbuckle.AspNetCore.SwaggerUI.SwaggerUIMiddleware.Invoke(HttpContext httpContext)
   at Swashbuckle.AspNetCore.Swagger.SwaggerMiddleware.Invoke(HttpContext httpContext, ISwaggerProvider swaggerProvider)
   at SmartLMS.Web.Middlewares.ApiExceptionHandlerMiddleware.Invoke(HttpContext context) in C:\code\asp.net\SmartLMS.Web\Middlewares\ApiExceptionHandlerMiddleware.cs:line 24
ClientConnectionId:b56bc7b9-ed9b-4bd1-bc8b-bbe8c8d662db
Error Number:207,State:1,Class:16
2026-04-20 16:00:30.089 +07:00 [ERR] Failed executing DbCommand (6ms) [Parameters=[@__hashed_0='?' (Size = 4000)], CommandType='"Text"', CommandTimeout='30']
SELECT TOP(1) [a].[KeyId], [a].[CreatedAt], [a].[HashedKey], [a].[IsActive], [a].[KeyPreview], [a].[LastUsed], [a].[Name], [a].[OrganizationId], [o].[OrganizationId], [o].[CreatedAt], [o].[Domain], [o].[IsActive], [o].[Name], [o].[RateLimitTier]
FROM [ApiKeys] AS [a]
INNER JOIN [Organizations] AS [o] ON [a].[OrganizationId] = [o].[OrganizationId]
WHERE [a].[HashedKey] = @__hashed_0 AND [a].[IsActive] = CAST(1 AS bit)
2026-04-20 16:00:30.099 +07:00 [ERR] An exception occurred while iterating over the results of a query for context type 'SmartLMS.Data.SmartLMSContext'.
Microsoft.Data.SqlClient.SqlException (0x80131904): Invalid column name 'Domain'.
   at Microsoft.Data.SqlClient.SqlCommand.<>c.<ExecuteDbDataReaderAsync>b__195_0(Task`1 result)
   at System.Threading.Tasks.ContinuationResultTaskFromResultTask`2.InnerInvoke()
   at System.Threading.ExecutionContext.RunInternal(ExecutionContext executionContext, ContextCallback callback, Object state)
--- End of stack trace from previous location ---
   at System.Threading.ExecutionContext.RunInternal(ExecutionContext executionContext, ContextCallback callback, Object state)
   at System.Threading.Tasks.Task.ExecuteWithThreadLocal(Task& currentTaskSlot, Thread threadPoolThread)
--- End of stack trace from previous location ---
   at Microsoft.EntityFrameworkCore.Storage.RelationalCommand.ExecuteReaderAsync(RelationalCommandParameterObject parameterObject, CancellationToken cancellationToken)
   at Microsoft.EntityFrameworkCore.Storage.RelationalCommand.ExecuteReaderAsync(RelationalCommandParameterObject parameterObject, CancellationToken cancellationToken)
   at Microsoft.EntityFrameworkCore.Query.Internal.SingleQueryingEnumerable`1.AsyncEnumerator.InitializeReaderAsync(AsyncEnumerator enumerator, CancellationToken cancellationToken)
   at Microsoft.EntityFrameworkCore.SqlServer.Storage.Internal.SqlServerExecutionStrategy.ExecuteAsync[TState,TResult](TState state, Func`4 operation, Func`4 verifySucceeded, CancellationToken cancellationToken)
   at Microsoft.EntityFrameworkCore.Query.Internal.SingleQueryingEnumerable`1.AsyncEnumerator.MoveNextAsync()
ClientConnectionId:d4bf4e75-851e-4321-8bfd-dbb043cedb0a
Error Number:207,State:1,Class:16
Microsoft.Data.SqlClient.SqlException (0x80131904): Invalid column name 'Domain'.
   at Microsoft.Data.SqlClient.SqlCommand.<>c.<ExecuteDbDataReaderAsync>b__195_0(Task`1 result)
   at System.Threading.Tasks.ContinuationResultTaskFromResultTask`2.InnerInvoke()
   at System.Threading.ExecutionContext.RunInternal(ExecutionContext executionContext, ContextCallback callback, Object state)
--- End of stack trace from previous location ---
   at System.Threading.ExecutionContext.RunInternal(ExecutionContext executionContext, ContextCallback callback, Object state)
   at System.Threading.Tasks.Task.ExecuteWithThreadLocal(Task& currentTaskSlot, Thread threadPoolThread)
--- End of stack trace from previous location ---
   at Microsoft.EntityFrameworkCore.Storage.RelationalCommand.ExecuteReaderAsync(RelationalCommandParameterObject parameterObject, CancellationToken cancellationToken)
   at Microsoft.EntityFrameworkCore.Storage.RelationalCommand.ExecuteReaderAsync(RelationalCommandParameterObject parameterObject, CancellationToken cancellationToken)
   at Microsoft.EntityFrameworkCore.Query.Internal.SingleQueryingEnumerable`1.AsyncEnumerator.InitializeReaderAsync(AsyncEnumerator enumerator, CancellationToken cancellationToken)
   at Microsoft.EntityFrameworkCore.SqlServer.Storage.Internal.SqlServerExecutionStrategy.ExecuteAsync[TState,TResult](TState state, Func`4 operation, Func`4 verifySucceeded, CancellationToken cancellationToken)
   at Microsoft.EntityFrameworkCore.Query.Internal.SingleQueryingEnumerable`1.AsyncEnumerator.MoveNextAsync()
ClientConnectionId:d4bf4e75-851e-4321-8bfd-dbb043cedb0a
Error Number:207,State:1,Class:16
2026-04-20 16:00:30.119 +07:00 [ERR] Đã xảy ra lỗi hệ thống (Unhandled Exception).
Microsoft.Data.SqlClient.SqlException (0x80131904): Invalid column name 'Domain'.
   at Microsoft.Data.SqlClient.SqlCommand.<>c.<ExecuteDbDataReaderAsync>b__195_0(Task`1 result)
   at System.Threading.Tasks.ContinuationResultTaskFromResultTask`2.InnerInvoke()
   at System.Threading.ExecutionContext.RunInternal(ExecutionContext executionContext, ContextCallback callback, Object state)
--- End of stack trace from previous location ---
   at System.Threading.ExecutionContext.RunInternal(ExecutionContext executionContext, ContextCallback callback, Object state)
   at System.Threading.Tasks.Task.ExecuteWithThreadLocal(Task& currentTaskSlot, Thread threadPoolThread)
--- End of stack trace from previous location ---
   at Microsoft.EntityFrameworkCore.Storage.RelationalCommand.ExecuteReaderAsync(RelationalCommandParameterObject parameterObject, CancellationToken cancellationToken)
   at Microsoft.EntityFrameworkCore.Storage.RelationalCommand.ExecuteReaderAsync(RelationalCommandParameterObject parameterObject, CancellationToken cancellationToken)
   at Microsoft.EntityFrameworkCore.Query.Internal.SingleQueryingEnumerable`1.AsyncEnumerator.InitializeReaderAsync(AsyncEnumerator enumerator, CancellationToken cancellationToken)
   at Microsoft.EntityFrameworkCore.SqlServer.Storage.Internal.SqlServerExecutionStrategy.ExecuteAsync[TState,TResult](TState state, Func`4 operation, Func`4 verifySucceeded, CancellationToken cancellationToken)
   at Microsoft.EntityFrameworkCore.Query.Internal.SingleQueryingEnumerable`1.AsyncEnumerator.MoveNextAsync()
   at Microsoft.EntityFrameworkCore.Query.ShapedQueryCompilingExpressionVisitor.SingleOrDefaultAsync[TSource](IAsyncEnumerable`1 asyncEnumerable, CancellationToken cancellationToken)
   at Microsoft.EntityFrameworkCore.Query.ShapedQueryCompilingExpressionVisitor.SingleOrDefaultAsync[TSource](IAsyncEnumerable`1 asyncEnumerable, CancellationToken cancellationToken)
   at SmartLMS.Business.ApiKeyService.ValidateKeyAsync(String apiKey) in C:\code\asp.net\SmartLMS.Business\ApiKeyService.cs:line 61
   at SmartLMS.Web.Security.ApiKeyAuthHandler.HandleAuthenticateAsync() in C:\code\asp.net\SmartLMS.Web\Security\ApiKeyAuthHandler.cs:line 46
   at Microsoft.AspNetCore.Authentication.AuthenticationHandler`1.AuthenticateAsync()
   at Microsoft.AspNetCore.Authentication.AuthenticationService.AuthenticateAsync(HttpContext context, String scheme)
   at Microsoft.AspNetCore.Authorization.Policy.PolicyEvaluator.AuthenticateAsync(AuthorizationPolicy policy, HttpContext context)
   at Microsoft.AspNetCore.Authorization.AuthorizationMiddleware.Invoke(HttpContext context)
   at Microsoft.AspNetCore.Authentication.AuthenticationMiddleware.Invoke(HttpContext context)
   at Prometheus.HttpMetrics.HttpRequestDurationMiddleware.Invoke(HttpContext context)
   at Prometheus.HttpMetrics.HttpRequestCountMiddleware.Invoke(HttpContext context)
   at Prometheus.HttpMetrics.HttpInProgressMiddleware.Invoke(HttpContext context)
   at Microsoft.AspNetCore.ResponseCompression.ResponseCompressionMiddleware.InvokeCore(HttpContext context)
   at Swashbuckle.AspNetCore.SwaggerUI.SwaggerUIMiddleware.Invoke(HttpContext httpContext)
   at Swashbuckle.AspNetCore.Swagger.SwaggerMiddleware.Invoke(HttpContext httpContext, ISwaggerProvider swaggerProvider)
   at SmartLMS.Web.Middlewares.ApiExceptionHandlerMiddleware.Invoke(HttpContext context) in C:\code\asp.net\SmartLMS.Web\Middlewares\ApiExceptionHandlerMiddleware.cs:line 24
ClientConnectionId:d4bf4e75-851e-4321-8bfd-dbb043cedb0a
Error Number:207,State:1,Class:16
2026-04-20 16:03:17.407 +07:00 [INF] Server desktop-36u3ca2:9600:811da0b2 caught stopping signal...
2026-04-20 16:03:17.643 +07:00 [INF] Server desktop-36u3ca2:9600:811da0b2 All dispatchers stopped
2026-04-20 16:03:17.655 +07:00 [INF] Server desktop-36u3ca2:9600:811da0b2 successfully reported itself as stopped in 8.2567 ms
2026-04-20 16:03:17.657 +07:00 [INF] Server desktop-36u3ca2:9600:811da0b2 has been stopped in total 234.8061 ms
2026-04-20 16:03:21.918 +07:00 [WRN] Entity 'Exam' has a global query filter defined and is the required end of a relationship with the entity 'ExamQuestion'. This may lead to unexpected results when the required entity is filtered out. Either configure the navigation as optional, or define matching query filters for both entities in the navigation. See https://go.microsoft.com/fwlink/?linkid=2131316 for more information.
2026-04-20 16:03:21.965 +07:00 [WRN] Entity 'Exam' has a global query filter defined and is the required end of a relationship with the entity 'QuizAttempt'. This may lead to unexpected results when the required entity is filtered out. Either configure the navigation as optional, or define matching query filters for both entities in the navigation. See https://go.microsoft.com/fwlink/?linkid=2131316 for more information.
2026-04-20 16:03:22.032 +07:00 [WRN] No store type was specified for the decimal property 'AI_BaseSalaryImpact' on entity type 'Course'. This will cause values to be silently truncated if they do not fit in the default precision and scale. Explicitly specify the SQL server column type that can accommodate all the values in 'OnModelCreating' using 'HasColumnType', specify precision and scale using 'HasPrecision', or configure a value converter using 'HasConversion'.
2026-04-20 16:03:22.040 +07:00 [WRN] No store type was specified for the decimal property 'DiscountPrice' on entity type 'Course'. This will cause values to be silently truncated if they do not fit in the default precision and scale. Explicitly specify the SQL server column type that can accommodate all the values in 'OnModelCreating' using 'HasColumnType', specify precision and scale using 'HasPrecision', or configure a value converter using 'HasConversion'.
2026-04-20 16:03:23.141 +07:00 [INF] Start installing Hangfire SQL objects...
2026-04-20 16:03:23.528 +07:00 [INF] Hangfire SQL objects installed.
2026-04-20 16:03:23.844 +07:00 [INF] Assessment Event Handler is starting...
2026-04-20 16:03:23.933 +07:00 [INF] Starting Hangfire Server using job storage: 'SQL Server: localhost@SmartLMS'
2026-04-20 16:03:23.934 +07:00 [INF] Using the following options for SQL Server job storage: Queue poll interval: 00:00:00.
2026-04-20 16:03:23.936 +07:00 [INF] Using the following options for Hangfire Server:
    Worker count: 20
    Listening queues: 'default'
    Shutdown timeout: 00:00:15
    Schedule polling interval: 00:00:15
2026-04-20 16:03:23.977 +07:00 [INF] Server desktop-36u3ca2:19804:bda4c81f successfully announced in 24.0786 ms
2026-04-20 16:03:23.982 +07:00 [INF] Server desktop-36u3ca2:19804:bda4c81f is starting the registered dispatchers: ServerWatchdog, ServerJobCancellationWatcher, SqlServerHeartbeatProcess, ExpirationManager, CountersAggregator, Worker, DelayedJobScheduler, RecurringJobScheduler...
2026-04-20 16:03:23.995 +07:00 [INF] Server desktop-36u3ca2:19804:bda4c81f all the dispatchers started
2026-04-20 16:04:37.785 +07:00 [INF] 🛡️ [IAM AUDIT TRAIL] User 'System_Or_Unknown' executed POST on /api/public/courses. Context: SmartLMS.Web.Controllers.Api.Public.CoursesApiController.CreateCourse (SmartLMS.Web)
2026-04-20 16:07:13.373 +07:00 [INF] 🛡️ [IAM AUDIT TRAIL] User 'System Administrator' executed POST on /CourseManagement/SoftDelete. Context: SmartLMS.Web.Controllers.CourseManagementController.SoftDelete (SmartLMS.Web)
2026-04-20 16:11:08.681 +07:00 [INF] 🛡️ [IAM AUDIT TRAIL] User 'System Administrator' executed POST on /api/assessmentapi/questions. Context: SmartLMS.Web.Controllers.AssessmentApiController.GetQuestions (SmartLMS.Web)
2026-04-20 16:11:08.853 +07:00 [INF] 🛡️ [IAM AUDIT TRAIL] User 'System Administrator' executed POST on /api/assessmentapi/questions. Context: SmartLMS.Web.Controllers.AssessmentApiController.GetQuestions (SmartLMS.Web)
2026-04-20 16:25:00.053 +07:00 [INF] 🛡️ [IAM AUDIT TRAIL] User 'System Administrator' executed POST on /IAM/GenerateApiKey. Context: SmartLMS.Web.Controllers.IAMController.GenerateApiKey (SmartLMS.Web)
2026-04-20 16:48:23.730 +07:00 [WRN] Stopping the server due to DomainUnload or ProcessExit event...
2026-04-20 16:48:23.760 +07:00 [INF] Server desktop-36u3ca2:19804:bda4c81f caught stopping signal...
2026-04-20 16:48:23.783 +07:00 [INF] Server desktop-36u3ca2:19804:bda4c81f caught stopped signal...
2026-04-20 16:48:23.785 +07:00 [WRN] Server desktop-36u3ca2:19804:bda4c81f caught shutdown signal...
2026-04-20 16:48:23.808 +07:00 [WRN] Server desktop-36u3ca2:19804:bda4c81f stopped non-gracefully due to ServerWatchdog, ServerJobCancellationWatcher, SqlServerHeartbeatProcess, ExpirationManager, CountersAggregator, Worker, DelayedJobScheduler, RecurringJobScheduler. Outstanding work on those dispatchers could be aborted, and there can be delays in background processing. This server instance will be incorrectly shown as active for a while. To avoid non-graceful shutdowns, investigate what prevents from stopping gracefully and add CancellationToken support for those methods.
2026-04-20 16:48:24.418 +07:00 [INF] Server desktop-36u3ca2:19804:bda4c81f successfully reported itself as stopped in 586.9642 ms
2026-04-20 16:48:24.419 +07:00 [INF] Server desktop-36u3ca2:19804:bda4c81f has been stopped in total 636.345 ms
2026-04-20 16:50:10.149 +07:00 [WRN] Entity 'Exam' has a global query filter defined and is the required end of a relationship with the entity 'ExamQuestion'. This may lead to unexpected results when the required entity is filtered out. Either configure the navigation as optional, or define matching query filters for both entities in the navigation. See https://go.microsoft.com/fwlink/?linkid=2131316 for more information.
2026-04-20 16:50:10.198 +07:00 [WRN] Entity 'Exam' has a global query filter defined and is the required end of a relationship with the entity 'QuizAttempt'. This may lead to unexpected results when the required entity is filtered out. Either configure the navigation as optional, or define matching query filters for both entities in the navigation. See https://go.microsoft.com/fwlink/?linkid=2131316 for more information.
2026-04-20 16:50:10.290 +07:00 [WRN] No store type was specified for the decimal property 'AI_BaseSalaryImpact' on entity type 'Course'. This will cause values to be silently truncated if they do not fit in the default precision and scale. Explicitly specify the SQL server column type that can accommodate all the values in 'OnModelCreating' using 'HasColumnType', specify precision and scale using 'HasPrecision', or configure a value converter using 'HasConversion'.
2026-04-20 16:50:10.292 +07:00 [WRN] No store type was specified for the decimal property 'DiscountPrice' on entity type 'Course'. This will cause values to be silently truncated if they do not fit in the default precision and scale. Explicitly specify the SQL server column type that can accommodate all the values in 'OnModelCreating' using 'HasColumnType', specify precision and scale using 'HasPrecision', or configure a value converter using 'HasConversion'.
2026-04-20 16:50:12.108 +07:00 [INF] Start installing Hangfire SQL objects...
2026-04-20 16:50:12.763 +07:00 [INF] Hangfire SQL objects installed.
2026-04-20 16:50:13.800 +07:00 [INF] Assessment Event Handler is starting...
2026-04-20 16:50:14.010 +07:00 [INF] Starting Hangfire Server using job storage: 'SQL Server: localhost@SmartLMS'
2026-04-20 16:50:14.012 +07:00 [INF] Using the following options for SQL Server job storage: Queue poll interval: 00:00:00.
2026-04-20 16:50:14.016 +07:00 [INF] Using the following options for Hangfire Server:
    Worker count: 20
    Listening queues: 'default'
    Shutdown timeout: 00:00:15
    Schedule polling interval: 00:00:15
2026-04-20 16:50:14.125 +07:00 [INF] Server desktop-36u3ca2:16616:0ef22c23 successfully announced in 78.3196 ms
2026-04-20 16:50:14.136 +07:00 [INF] Server desktop-36u3ca2:16616:0ef22c23 is starting the registered dispatchers: ServerWatchdog, ServerJobCancellationWatcher, SqlServerHeartbeatProcess, ExpirationManager, CountersAggregator, Worker, DelayedJobScheduler, RecurringJobScheduler...
2026-04-20 16:50:14.161 +07:00 [INF] Server desktop-36u3ca2:16616:0ef22c23 all the dispatchers started
